ds,PR,n_system,Capacity_Factor,Specific_Yield_kWh_kWp,Energy_Yield_per_Area_kWh_m2,Degradation_Rate_%_per_minute,Insulation_Resistance_MOhm
2025-02-06 18:00:00,0.3976092618833333,0.059641389249999996,0.019290886883333334,0.00024976086333333334,4.99521525e-05,1.1492919462000002,
2025-02-06 19:00:00,14.163556892666666,2.1245335338166664,0.0,-0.0005447065666666667,-0.00010894131666666667,0.6751504439,
2025-02-06 20:00:00,12.547394487933333,1.8821091732833333,0.0,-0.0003258983116666666,-6.5179645e-05,-3.07239638285,
2025-02-06 21:00:00,0.28476970300000004,0.04271545546666667,0.00486393485,6.9970566e-05,1.3994118e-05,-7.629361068733333,
2025-02-06 22:00:00,0.19752730971666665,0.029629096433333335,0.003202598516666667,2.5868376e-05,5.173671350000001e-06,3.907432802183334,
2025-02-06 23:00:00,12.262669151466667,1.8394003728500001,0.0,-0.0004478813,-8.957623333333334e-05,2.5752106042333334,
2025-02-07 00:00:00,,,,,,,
2025-02-07 01:00:00,,,,,,,
2025-02-07 02:00:00,,,,,,,
2025-02-07 03:00:00,,,,,,,
2025-02-07 04:00:00,,,,,,,
2025-02-07 05:00:00,,,,,,,
2025-02-07 06:00:00,,,,,,,
2025-02-07 07:00:00,,,,,,,
2025-02-07 08:00:00,,,,,,,
2025-02-07 09:00:00,,,,,,,
2025-02-07 10:00:00,,,,,,,
2025-02-07 11:00:00,,,,,,,
2025-02-07 12:00:00,,,,,,,
2025-02-07 13:00:00,,,,,,,
2025-02-07 14:00:00,,,,,,,
2025-02-07 15:00:00,,,,,,,
2025-02-07 16:00:00,,,,,,,
2025-02-07 17:00:00,,,,,,,
2025-02-07 18:00:00,,,,,,,
2025-02-07 19:00:00,,,,,,,
2025-02-07 20:00:00,,,,,,,
2025-02-07 21:00:00,,,,,,,
2025-02-07 22:00:00,,,,,,,
2025-02-07 23:00:00,,,,,,,
2025-02-08 00:00:00,,,,,,,
2025-02-08 01:00:00,,,,,,,
2025-02-08 02:00:00,,,,,,,
2025-02-08 03:00:00,,,,,,,
2025-02-08 04:00:00,,,,,,,
2025-02-08 05:00:00,,,,,,,
2025-02-08 06:00:00,,,,,,,
2025-02-08 07:00:00,,,,,,,
2025-02-08 08:00:00,,,,,,,
2025-02-08 09:00:00,,,,,,,
2025-02-08 10:00:00,,,,,,,
2025-02-08 11:00:00,,,,,,,
2025-02-08 12:00:00,,,,,,,
2025-02-08 13:00:00,,,,,,,
2025-02-08 14:00:00,,,,,,,
2025-02-08 15:00:00,,,,,,,
2025-02-08 16:00:00,,,,,,,
2025-02-08 17:00:00,,,,,,,
2025-02-08 18:00:00,,,,,,,
2025-02-08 19:00:00,,,,,,,
2025-02-08 20:00:00,,,,,,,
2025-02-08 21:00:00,,,,,,,
2025-02-08 22:00:00,,,,,,,
2025-02-08 23:00:00,,,,,,,
2025-02-09 00:00:00,,,,,,,
2025-02-09 01:00:00,,,,,,,
2025-02-09 02:00:00,,,,,,,
2025-02-09 03:00:00,,,,,,,
2025-02-09 04:00:00,,,,,,,
2025-02-09 05:00:00,,,,,,,
2025-02-09 06:00:00,,,,,,,
2025-02-09 07:00:00,,,,,,,
2025-02-09 08:00:00,,,,,,,
2025-02-09 09:00:00,,,,,,,
2025-02-09 10:00:00,,,,,,,
2025-02-09 11:00:00,,,,,,,
2025-02-09 12:00:00,,,,,,,
2025-02-09 13:00:00,,,,,,,
2025-02-09 14:00:00,,,,,,,
2025-02-09 15:00:00,,,,,,,
2025-02-09 16:00:00,,,,,,,
2025-02-09 17:00:00,,,,,,,
2025-02-09 18:00:00,,,,,,,
2025-02-09 19:00:00,,,,,,,
2025-02-09 20:00:00,,,,,,,
2025-02-09 21:00:00,,,,,,,
2025-02-09 22:00:00,,,,,,,
2025-02-09 23:00:00,,,,,,,
2025-02-10 00:00:00,,,,,,,
2025-02-10 01:00:00,,,,,,,
2025-02-10 02:00:00,,,,,,,
2025-02-10 03:00:00,,,,,,,
2025-02-10 04:00:00,,,,,,,
2025-02-10 05:00:00,,,,,,,
2025-02-10 06:00:00,,,,,,,
2025-02-10 07:00:00,,,,,,,
2025-02-10 08:00:00,,,,,,,
2025-02-10 09:00:00,,,,,,,
2025-02-10 10:00:00,,,,,,,
2025-02-10 11:00:00,,,,,,,
2025-02-10 12:00:00,,,,,,,
2025-02-10 13:00:00,,,,,,,
2025-02-10 14:00:00,,,,,,,
2025-02-10 15:00:00,,,,,,,
2025-02-10 16:00:00,,,,,,,
2025-02-10 17:00:00,,,,,,,
2025-02-10 18:00:00,,,,,,,
2025-02-10 19:00:00,,,,,,,
2025-02-10 20:00:00,,,,,,,
2025-02-10 21:00:00,,,,,,,
2025-02-10 22:00:00,,,,,,,
2025-02-10 23:00:00,,,,,,,
2025-02-11 00:00:00,,,,,,,
2025-02-11 01:00:00,,,,,,,
2025-02-11 02:00:00,,,,,,,
2025-02-11 03:00:00,,,,,,,
2025-02-11 04:00:00,,,,,,,
2025-02-11 05:00:00,,,,,,,
2025-02-11 06:00:00,,,,,,,
2025-02-11 07:00:00,,,,,,,
2025-02-11 08:00:00,,,,,,,
2025-02-11 09:00:00,,,,,,,
2025-02-11 10:00:00,,,,,,,
2025-02-11 11:00:00,,,,,,,
2025-02-11 12:00:00,,,,,,,
2025-02-11 13:00:00,,,,,,,
2025-02-11 14:00:00,,,,,,,
2025-02-11 15:00:00,,,,,,,
2025-02-11 16:00:00,,,,,,,
2025-02-11 17:00:00,,,,,,,
2025-02-11 18:00:00,,,,,,,
2025-02-11 19:00:00,,,,,,,
2025-02-11 20:00:00,,,,,,,
2025-02-11 21:00:00,,,,,,,
2025-02-11 22:00:00,,,,,,,
2025-02-11 23:00:00,,,,,,,
2025-02-12 00:00:00,,,,,,,
2025-02-12 01:00:00,,,,,,,
2025-02-12 02:00:00,,,,,,,
2025-02-12 03:00:00,,,,,,,
2025-02-12 04:00:00,,,,,,,
2025-02-12 05:00:00,,,,,,,
2025-02-12 06:00:00,,,,,,,
2025-02-12 07:00:00,,,,,,,
2025-02-12 08:00:00,,,,,,,
2025-02-12 09:00:00,,,,,,,
2025-02-12 10:00:00,,,,,,,
2025-02-12 11:00:00,,,,,,,
2025-02-12 12:00:00,,,,,,,
2025-02-12 13:00:00,,,,,,,
2025-02-12 14:00:00,,,,,,,
2025-02-12 15:00:00,,,,,,,
2025-02-12 16:00:00,,,,,,,
2025-02-12 17:00:00,,,,,,,
2025-02-12 18:00:00,,,,,,,
2025-02-12 19:00:00,,,,,,,
2025-02-12 20:00:00,,,,,,,
2025-02-12 21:00:00,,,,,,,
2025-02-12 22:00:00,,,,,,,
2025-02-12 23:00:00,,,,,,,
2025-02-13 00:00:00,,,,,,,
2025-02-13 01:00:00,,,,,,,
2025-02-13 02:00:00,,,,,,,
2025-02-13 03:00:00,,,,,,,
2025-02-13 04:00:00,,,,,,,
2025-02-13 05:00:00,,,,,,,
2025-02-13 06:00:00,,,,,,,
2025-02-13 07:00:00,,,,,,,
2025-02-13 08:00:00,,,,,,,
2025-02-13 09:00:00,,,,,,,
2025-02-13 10:00:00,,,,,,,
2025-02-13 11:00:00,,,,,,,
2025-02-13 12:00:00,,,,,,,
2025-02-13 13:00:00,,,,,,,
2025-02-13 14:00:00,,,,,,,
2025-02-13 15:00:00,,,,,,,
2025-02-13 16:00:00,,,,,,,
2025-02-13 17:00:00,,,,,,,
2025-02-13 18:00:00,,,,,,,
2025-02-13 19:00:00,,,,,,,
2025-02-13 20:00:00,,,,,,,
2025-02-13 21:00:00,,,,,,,
2025-02-13 22:00:00,,,,,,,
2025-02-13 23:00:00,,,,,,,
2025-02-14 00:00:00,,,,,,,
2025-02-14 01:00:00,,,,,,,
2025-02-14 02:00:00,,,,,,,
2025-02-14 03:00:00,,,,,,,
2025-02-14 04:00:00,,,,,,,
2025-02-14 05:00:00,,,,,,,
2025-02-14 06:00:00,,,,,,,
2025-02-14 07:00:00,,,,,,,
2025-02-14 08:00:00,,,,,,,
2025-02-14 09:00:00,,,,,,,
2025-02-14 10:00:00,,,,,,,
2025-02-14 11:00:00,,,,,,,
2025-02-14 12:00:00,,,,,,,
2025-02-14 13:00:00,,,,,,,
2025-02-14 14:00:00,,,,,,,
2025-02-14 15:00:00,,,,,,,
2025-02-14 16:00:00,,,,,,,
2025-02-14 17:00:00,,,,,,,
2025-02-14 18:00:00,,,,,,,
2025-02-14 19:00:00,,,,,,,
2025-02-14 20:00:00,,,,,,,
2025-02-14 21:00:00,,,,,,,
2025-02-14 22:00:00,,,,,,,
2025-02-14 23:00:00,,,,,,,
2025-02-15 00:00:00,,,,,,,
2025-02-15 01:00:00,,,,,,,
2025-02-15 02:00:00,,,,,,,
2025-02-15 03:00:00,,,,,,,
2025-02-15 04:00:00,,,,,,,
2025-02-15 05:00:00,,,,,,,
2025-02-15 06:00:00,,,,,,,
2025-02-15 07:00:00,,,,,,,
2025-02-15 08:00:00,,,,,,,
2025-02-15 09:00:00,,,,,,,
2025-02-15 10:00:00,,,,,,,
2025-02-15 11:00:00,,,,,,,
2025-02-15 12:00:00,,,,,,,
2025-02-15 13:00:00,,,,,,,
2025-02-15 14:00:00,,,,,,,
2025-02-15 15:00:00,,,,,,,
2025-02-15 16:00:00,,,,,,,
2025-02-15 17:00:00,,,,,,,
2025-02-15 18:00:00,,,,,,,
2025-02-15 19:00:00,,,,,,,
2025-02-15 20:00:00,,,,,,,
2025-02-15 21:00:00,,,,,,,
2025-02-15 22:00:00,,,,,,,
2025-02-15 23:00:00,,,,,,,
2025-02-16 00:00:00,,,,,,,
2025-02-16 01:00:00,,,,,,,
2025-02-16 02:00:00,,,,,,,
2025-02-16 03:00:00,,,,,,,
2025-02-16 04:00:00,,,,,,,
2025-02-16 05:00:00,,,,,,,
2025-02-16 06:00:00,,,,,,,
2025-02-16 07:00:00,,,,,,,
2025-02-16 08:00:00,,,,,,,
2025-02-16 09:00:00,,,,,,,
2025-02-16 10:00:00,,,,,,,
2025-02-16 11:00:00,,,,,,,
2025-02-16 12:00:00,,,,,,,
2025-02-16 13:00:00,,,,,,,
2025-02-16 14:00:00,,,,,,,
2025-02-16 15:00:00,,,,,,,
2025-02-16 16:00:00,,,,,,,
2025-02-16 17:00:00,,,,,,,
2025-02-16 18:00:00,,,,,,,
2025-02-16 19:00:00,,,,,,,
2025-02-16 20:00:00,,,,,,,
2025-02-16 21:00:00,,,,,,,
2025-02-16 22:00:00,,,,,,,
2025-02-16 23:00:00,,,,,,,
2025-02-17 00:00:00,,,,,,,
2025-02-17 01:00:00,,,,,,,
2025-02-17 02:00:00,,,,,,,
2025-02-17 03:00:00,,,,,,,
2025-02-17 04:00:00,,,,,,,
2025-02-17 05:00:00,,,,,,,
2025-02-17 06:00:00,,,,,,,
2025-02-17 07:00:00,,,,,,,
2025-02-17 08:00:00,,,,,,,
2025-02-17 09:00:00,,,,,,,
2025-02-17 10:00:00,,,,,,,
2025-02-17 11:00:00,,,,,,,
2025-02-17 12:00:00,,,,,,,
2025-02-17 13:00:00,,,,,,,
2025-02-17 14:00:00,,,,,,,
2025-02-17 15:00:00,,,,,,,
2025-02-17 16:00:00,,,,,,,
2025-02-17 17:00:00,,,,,,,
2025-02-17 18:00:00,,,,,,,
2025-02-17 19:00:00,,,,,,,
2025-02-17 20:00:00,,,,,,,
2025-02-17 21:00:00,,,,,,,
2025-02-17 22:00:00,,,,,,,
2025-02-17 23:00:00,,,,,,,
2025-02-18 00:00:00,,,,,,,
2025-02-18 01:00:00,,,,,,,
2025-02-18 02:00:00,,,,,,,
2025-02-18 03:00:00,,,,,,,
2025-02-18 04:00:00,,,,,,,
2025-02-18 05:00:00,,,,,,,
2025-02-18 06:00:00,,,,,,,
2025-02-18 07:00:00,,,,,,,
2025-02-18 08:00:00,,,,,,,
2025-02-18 09:00:00,,,,,,,
2025-02-18 10:00:00,,,,,,,
2025-02-18 11:00:00,,,,,,,
2025-02-18 12:00:00,,,,,,,
2025-02-18 13:00:00,,,,,,,
2025-02-18 14:00:00,,,,,,,
2025-02-18 15:00:00,,,,,,,
2025-02-18 16:00:00,,,,,,,
2025-02-18 17:00:00,,,,,,,
2025-02-18 18:00:00,,,,,,,
2025-02-18 19:00:00,,,,,,,
2025-02-18 20:00:00,,,,,,,
2025-02-18 21:00:00,,,,,,,
2025-02-18 22:00:00,,,,,,,
2025-02-18 23:00:00,,,,,,,
2025-02-19 00:00:00,,,,,,,
2025-02-19 01:00:00,,,,,,,
2025-02-19 02:00:00,,,,,,,
2025-02-19 03:00:00,,,,,,,
2025-02-19 04:00:00,,,,,,,
2025-02-19 05:00:00,,,,,,,
2025-02-19 06:00:00,,,,,,,
2025-02-19 07:00:00,,,,,,,
2025-02-19 08:00:00,,,,,,,
2025-02-19 09:00:00,,,,,,,
2025-02-19 10:00:00,,,,,,,
2025-02-19 11:00:00,,,,,,,
2025-02-19 12:00:00,,,,,,,
2025-02-19 13:00:00,,,,,,,
2025-02-19 14:00:00,,,,,,,
2025-02-19 15:00:00,,,,,,,
2025-02-19 16:00:00,,,,,,,
2025-02-19 17:00:00,,,,,,,
2025-02-19 18:00:00,,,,,,,
2025-02-19 19:00:00,,,,,,,
2025-02-19 20:00:00,,,,,,,
2025-02-19 21:00:00,,,,,,,
2025-02-19 22:00:00,,,,,,,
2025-02-19 23:00:00,,,,,,,
2025-02-20 00:00:00,,,,,,,
2025-02-20 01:00:00,,,,,,,
2025-02-20 02:00:00,,,,,,,
2025-02-20 03:00:00,,,,,,,
2025-02-20 04:00:00,,,,,,,
2025-02-20 05:00:00,,,,,,,
2025-02-20 06:00:00,,,,,,,
2025-02-20 07:00:00,,,,,,,
2025-02-20 08:00:00,,,,,,,
2025-02-20 09:00:00,,,,,,,
2025-02-20 10:00:00,,,,,,,
2025-02-20 11:00:00,,,,,,,
2025-02-20 12:00:00,,,,,,,
2025-02-20 13:00:00,,,,,,,
2025-02-20 14:00:00,,,,,,,
2025-02-20 15:00:00,,,,,,,
2025-02-20 16:00:00,,,,,,,
2025-02-20 17:00:00,,,,,,,
2025-02-20 18:00:00,,,,,,,
2025-02-20 19:00:00,,,,,,,
2025-02-20 20:00:00,,,,,,,
2025-02-20 21:00:00,,,,,,,
2025-02-20 22:00:00,,,,,,,
2025-02-20 23:00:00,,,,,,,
2025-02-21 00:00:00,,,,,,,
2025-02-21 01:00:00,,,,,,,
2025-02-21 02:00:00,,,,,,,
2025-02-21 03:00:00,,,,,,,
2025-02-21 04:00:00,,,,,,,
2025-02-21 05:00:00,,,,,,,
2025-02-21 06:00:00,,,,,,,
2025-02-21 07:00:00,,,,,,,
2025-02-21 08:00:00,,,,,,,
2025-02-21 09:00:00,,,,,,,
2025-02-21 10:00:00,,,,,,,
2025-02-21 11:00:00,,,,,,,
2025-02-21 12:00:00,,,,,,,
2025-02-21 13:00:00,,,,,,,
2025-02-21 14:00:00,,,,,,,
2025-02-21 15:00:00,,,,,,,
2025-02-21 16:00:00,,,,,,,
2025-02-21 17:00:00,,,,,,,
2025-02-21 18:00:00,,,,,,,
2025-02-21 19:00:00,,,,,,,
2025-02-21 20:00:00,,,,,,,
2025-02-21 21:00:00,,,,,,,
2025-02-21 22:00:00,,,,,,,
2025-02-21 23:00:00,,,,,,,
2025-02-22 00:00:00,,,,,,,
2025-02-22 01:00:00,,,,,,,
2025-02-22 02:00:00,,,,,,,
2025-02-22 03:00:00,,,,,,,
2025-02-22 04:00:00,,,,,,,
2025-02-22 05:00:00,,,,,,,
2025-02-22 06:00:00,,,,,,,
2025-02-22 07:00:00,,,,,,,
2025-02-22 08:00:00,,,,,,,
2025-02-22 09:00:00,,,,,,,
2025-02-22 10:00:00,,,,,,,
2025-02-22 11:00:00,,,,,,,
2025-02-22 12:00:00,,,,,,,
2025-02-22 13:00:00,,,,,,,
2025-02-22 14:00:00,,,,,,,
2025-02-22 15:00:00,,,,,,,
2025-02-22 16:00:00,,,,,,,
2025-02-22 17:00:00,,,,,,,
2025-02-22 18:00:00,,,,,,,
2025-02-22 19:00:00,,,,,,,
2025-02-22 20:00:00,,,,,,,
2025-02-22 21:00:00,,,,,,,
2025-02-22 22:00:00,,,,,,,
2025-02-22 23:00:00,,,,,,,
2025-02-23 00:00:00,,,,,,,
2025-02-23 01:00:00,,,,,,,
2025-02-23 02:00:00,,,,,,,
2025-02-23 03:00:00,,,,,,,
2025-02-23 04:00:00,,,,,,,
2025-02-23 05:00:00,,,,,,,
2025-02-23 06:00:00,,,,,,,
2025-02-23 07:00:00,,,,,,,
2025-02-23 08:00:00,,,,,,,
2025-02-23 09:00:00,,,,,,,
2025-02-23 10:00:00,,,,,,,
2025-02-23 11:00:00,,,,,,,
2025-02-23 12:00:00,,,,,,,
2025-02-23 13:00:00,,,,,,,
2025-02-23 14:00:00,,,,,,,
2025-02-23 15:00:00,,,,,,,
2025-02-23 16:00:00,,,,,,,
2025-02-23 17:00:00,,,,,,,
2025-02-23 18:00:00,,,,,,,
2025-02-23 19:00:00,,,,,,,
2025-02-23 20:00:00,,,,,,,
2025-02-23 21:00:00,,,,,,,
2025-02-23 22:00:00,,,,,,,
2025-02-23 23:00:00,,,,,,,
2025-02-24 00:00:00,,,,,,,
2025-02-24 01:00:00,,,,,,,
2025-02-24 02:00:00,,,,,,,
2025-02-24 03:00:00,,,,,,,
2025-02-24 04:00:00,,,,,,,
2025-02-24 05:00:00,,,,,,,
2025-02-24 06:00:00,,,,,,,
2025-02-24 07:00:00,,,,,,,
2025-02-24 08:00:00,,,,,,,
2025-02-24 09:00:00,,,,,,,
2025-02-24 10:00:00,,,,,,,
2025-02-24 11:00:00,,,,,,,
2025-02-24 12:00:00,,,,,,,
2025-02-24 13:00:00,,,,,,,
2025-02-24 14:00:00,,,,,,,
2025-02-24 15:00:00,,,,,,,
2025-02-24 16:00:00,,,,,,,
2025-02-24 17:00:00,,,,,,,
2025-02-24 18:00:00,,,,,,,
2025-02-24 19:00:00,,,,,,,
2025-02-24 20:00:00,,,,,,,
2025-02-24 21:00:00,,,,,,,
2025-02-24 22:00:00,,,,,,,
2025-02-24 23:00:00,,,,,,,
2025-02-25 00:00:00,,,,,,,
2025-02-25 01:00:00,,,,,,,
2025-02-25 02:00:00,,,,,,,
2025-02-25 03:00:00,,,,,,,
2025-02-25 04:00:00,,,,,,,
2025-02-25 05:00:00,,,,,,,
2025-02-25 06:00:00,,,,,,,
2025-02-25 07:00:00,,,,,,,
2025-02-25 08:00:00,,,,,,,
2025-02-25 09:00:00,,,,,,,
2025-02-25 10:00:00,,,,,,,
2025-02-25 11:00:00,,,,,,,
2025-02-25 12:00:00,,,,,,,
2025-02-25 13:00:00,,,,,,,
2025-02-25 14:00:00,,,,,,,
2025-02-25 15:00:00,,,,,,,
2025-02-25 16:00:00,,,,,,,
2025-02-25 17:00:00,,,,,,,
2025-02-25 18:00:00,,,,,,,
2025-02-25 19:00:00,,,,,,,
2025-02-25 20:00:00,,,,,,,
2025-02-25 21:00:00,,,,,,,
2025-02-25 22:00:00,,,,,,,
2025-02-25 23:00:00,,,,,,,
2025-02-26 00:00:00,,,,,,,
2025-02-26 01:00:00,,,,,,,
2025-02-26 02:00:00,,,,,,,
2025-02-26 03:00:00,,,,,,,
2025-02-26 04:00:00,,,,,,,
2025-02-26 05:00:00,,,,,,,
2025-02-26 06:00:00,,,,,,,
2025-02-26 07:00:00,,,,,,,
2025-02-26 08:00:00,,,,,,,
2025-02-26 09:00:00,,,,,,,
2025-02-26 10:00:00,,,,,,,
2025-02-26 11:00:00,,,,,,,
2025-02-26 12:00:00,,,,,,,
2025-02-26 13:00:00,,,,,,,
2025-02-26 14:00:00,,,,,,,
2025-02-26 15:00:00,,,,,,,
2025-02-26 16:00:00,,,,,,,
2025-02-26 17:00:00,,,,,,,
2025-02-26 18:00:00,,,,,,,
2025-02-26 19:00:00,,,,,,,
2025-02-26 20:00:00,,,,,,,
2025-02-26 21:00:00,,,,,,,
2025-02-26 22:00:00,,,,,,,
2025-02-26 23:00:00,,,,,,,
2025-02-27 00:00:00,,,,,,,
2025-02-27 01:00:00,,,,,,,
2025-02-27 02:00:00,,,,,,,
2025-02-27 03:00:00,,,,,,,
2025-02-27 04:00:00,,,,,,,
2025-02-27 05:00:00,,,,,,,
2025-02-27 06:00:00,,,,,,,
2025-02-27 07:00:00,,,,,,,
2025-02-27 08:00:00,,,,,,,
2025-02-27 09:00:00,,,,,,,
2025-02-27 10:00:00,,,,,,,
2025-02-27 11:00:00,,,,,,,
2025-02-27 12:00:00,,,,,,,
2025-02-27 13:00:00,,,,,,,
2025-02-27 14:00:00,,,,,,,
2025-02-27 15:00:00,,,,,,,
2025-02-27 16:00:00,,,,,,,
2025-02-27 17:00:00,,,,,,,
2025-02-27 18:00:00,,,,,,,
2025-02-27 19:00:00,,,,,,,
2025-02-27 20:00:00,,,,,,,
2025-02-27 21:00:00,,,,,,,
2025-02-27 22:00:00,,,,,,,
2025-02-27 23:00:00,,,,,,,
2025-02-28 00:00:00,,,,,,,
2025-02-28 01:00:00,,,,,,,
2025-02-28 02:00:00,,,,,,,
2025-02-28 03:00:00,,,,,,,
2025-02-28 04:00:00,,,,,,,
2025-02-28 05:00:00,,,,,,,
2025-02-28 06:00:00,,,,,,,
2025-02-28 07:00:00,,,,,,,
2025-02-28 08:00:00,,,,,,,
2025-02-28 09:00:00,,,,,,,
2025-02-28 10:00:00,,,,,,,
2025-02-28 11:00:00,,,,,,,
2025-02-28 12:00:00,,,,,,,
2025-02-28 13:00:00,,,,,,,
2025-02-28 14:00:00,,,,,,,
2025-02-28 15:00:00,,,,,,,
2025-02-28 16:00:00,,,,,,,
2025-02-28 17:00:00,,,,,,,
2025-02-28 18:00:00,,,,,,,
2025-02-28 19:00:00,,,,,,,
2025-02-28 20:00:00,,,,,,,
2025-02-28 21:00:00,,,,,,,
2025-02-28 22:00:00,,,,,,,
2025-02-28 23:00:00,,,,,,,
2025-03-01 00:00:00,,,,,,,
2025-03-01 01:00:00,,,,,,,
2025-03-01 02:00:00,,,,,,,
2025-03-01 03:00:00,,,,,,,
2025-03-01 04:00:00,,,,,,,
2025-03-01 05:00:00,,,,,,,
2025-03-01 06:00:00,,,,,,,
2025-03-01 07:00:00,,,,,,,
2025-03-01 08:00:00,,,,,,,
2025-03-01 09:00:00,,,,,,,
2025-03-01 10:00:00,,,,,,,
2025-03-01 11:00:00,,,,,,,
2025-03-01 12:00:00,,,,,,,
2025-03-01 13:00:00,,,,,,,
2025-03-01 14:00:00,,,,,,,
2025-03-01 15:00:00,,,,,,,
2025-03-01 16:00:00,,,,,,,
2025-03-01 17:00:00,,,,,,,
2025-03-01 18:00:00,,,,,,,
2025-03-01 19:00:00,,,,,,,
2025-03-01 20:00:00,,,,,,,
2025-03-01 21:00:00,,,,,,,
2025-03-01 22:00:00,,,,,,,
2025-03-01 23:00:00,,,,,,,
2025-03-02 00:00:00,,,,,,,
2025-03-02 01:00:00,,,,,,,
2025-03-02 02:00:00,,,,,,,
2025-03-02 03:00:00,,,,,,,
2025-03-02 04:00:00,,,,,,,
2025-03-02 05:00:00,,,,,,,
2025-03-02 06:00:00,,,,,,,
2025-03-02 07:00:00,,,,,,,
2025-03-02 08:00:00,,,,,,,
2025-03-02 09:00:00,,,,,,,
2025-03-02 10:00:00,,,,,,,
2025-03-02 11:00:00,,,,,,,
2025-03-02 12:00:00,,,,,,,
2025-03-02 13:00:00,,,,,,,
2025-03-02 14:00:00,,,,,,,
2025-03-02 15:00:00,,,,,,,
2025-03-02 16:00:00,,,,,,,
2025-03-02 17:00:00,,,,,,,
2025-03-02 18:00:00,,,,,,,
2025-03-02 19:00:00,,,,,,,
2025-03-02 20:00:00,,,,,,,
2025-03-02 21:00:00,,,,,,,
2025-03-02 22:00:00,,,,,,,
2025-03-02 23:00:00,,,,,,,
2025-03-03 00:00:00,,,,,,,
2025-03-03 01:00:00,,,,,,,
2025-03-03 02:00:00,,,,,,,
2025-03-03 03:00:00,,,,,,,
2025-03-03 04:00:00,,,,,,,
2025-03-03 05:00:00,,,,,,,
2025-03-03 06:00:00,,,,,,,
2025-03-03 07:00:00,,,,,,,
2025-03-03 08:00:00,,,,,,,
2025-03-03 09:00:00,,,,,,,
2025-03-03 10:00:00,,,,,,,
2025-03-03 11:00:00,,,,,,,
2025-03-03 12:00:00,,,,,,,
2025-03-03 13:00:00,,,,,,,
2025-03-03 14:00:00,,,,,,,
2025-03-03 15:00:00,,,,,,,
2025-03-03 16:00:00,,,,,,,
2025-03-03 17:00:00,,,,,,,
2025-03-03 18:00:00,,,,,,,
2025-03-03 19:00:00,,,,,,,
2025-03-03 20:00:00,,,,,,,
2025-03-03 21:00:00,,,,,,,
2025-03-03 22:00:00,,,,,,,
2025-03-03 23:00:00,,,,,,,
2025-03-04 00:00:00,,,,,,,
2025-03-04 01:00:00,,,,,,,
2025-03-04 02:00:00,,,,,,,
2025-03-04 03:00:00,,,,,,,
2025-03-04 04:00:00,,,,,,,
2025-03-04 05:00:00,,,,,,,
2025-03-04 06:00:00,,,,,,,
2025-03-04 07:00:00,,,,,,,
2025-03-04 08:00:00,,,,,,,
2025-03-04 09:00:00,,,,,,,
2025-03-04 10:00:00,,,,,,,
2025-03-04 11:00:00,,,,,,,
2025-03-04 12:00:00,,,,,,,
2025-03-04 13:00:00,,,,,,,
2025-03-04 14:00:00,,,,,,,
2025-03-04 15:00:00,,,,,,,
2025-03-04 16:00:00,,,,,,,
2025-03-04 17:00:00,,,,,,,
2025-03-04 18:00:00,,,,,,,
2025-03-04 19:00:00,,,,,,,
2025-03-04 20:00:00,,,,,,,
2025-03-04 21:00:00,,,,,,,
2025-03-04 22:00:00,,,,,,,
2025-03-04 23:00:00,,,,,,,
2025-03-05 00:00:00,,,,,,,
2025-03-05 01:00:00,,,,,,,
2025-03-05 02:00:00,,,,,,,
2025-03-05 03:00:00,,,,,,,
2025-03-05 04:00:00,,,,,,,
2025-03-05 05:00:00,,,,,,,
2025-03-05 06:00:00,,,,,,,
2025-03-05 07:00:00,,,,,,,
2025-03-05 08:00:00,,,,,,,
2025-03-05 09:00:00,,,,,,,
2025-03-05 10:00:00,,,,,,,
2025-03-05 11:00:00,,,,,,,
2025-03-05 12:00:00,,,,,,,
2025-03-05 13:00:00,,,,,,,
2025-03-05 14:00:00,,,,,,,
2025-03-05 15:00:00,,,,,,,
2025-03-05 16:00:00,,,,,,,
2025-03-05 17:00:00,,,,,,,
2025-03-05 18:00:00,,,,,,,
2025-03-05 19:00:00,,,,,,,
2025-03-05 20:00:00,,,,,,,
2025-03-05 21:00:00,,,,,,,
2025-03-05 22:00:00,,,,,,,
2025-03-05 23:00:00,,,,,,,
2025-03-06 00:00:00,51.40267633,7.710401448833333,0.0,-0.0003048320833333333,-6.0966425e-05,0.2987095801499999,
2025-03-06 01:00:00,19.020279583999997,2.8530419376833334,0.0,-0.0003501828166666667,-7.003657166666666e-05,-0.8004486012500001,
2025-03-06 02:00:00,0.0,0.0,0.0,-0.00012577688,-2.5155374999999998e-05,-3.70358157905,
2025-03-06 03:00:00,0.0,0.0,0.0,-7.167515833333334e-05,-1.43350335e-05,3.704853014283333,
2025-03-06 04:00:00,7.714356504683334,1.1571534754833335,0.0,-0.00039327265,-7.8654545e-05,2.1524008086,
2025-03-06 05:00:00,5.567226285399999,0.8350839427833333,0.0,-0.0006854313333333334,-0.0001370863,0.05306137755,
2025-03-06 06:00:00,4.764992844266668,0.7147489267166667,0.006238672766666667,-0.00013218030516666667,-2.6436082333333333e-05,-6.891870961683334,
2025-03-06 07:00:00,0.9714869170166666,0.14572303761666666,0.11155691855000001,0.001859282,0.00037185641666666666,2.8912534301833333,
2025-03-06 08:00:00,1.2576841164666668,0.18865261743333334,0.30846961791666666,0.005141160366666666,0.0010282320666666666,1.2495783000166665,
2025-03-06 09:00:00,1.3583530093999998,0.20375295141666666,0.5319102385833333,0.008865170633333334,0.0017730341500000002,0.6928772187833334,
2025-03-06 10:00:00,1.4005029339500001,0.21007544006666665,0.7207045694666667,0.01201174285,0.0024023485833333334,0.36721786323333333,
2025-03-06 11:00:00,1.4142815243000002,0.2121422287,0.8356755490333333,0.013927925766666667,0.00278558515,0.14850224373333332,
2025-03-06 12:00:00,1.4132542047333334,0.2119881307,0.8675457094333333,0.014459095166666667,0.0028918190333333334,-0.01427901645,
2025-03-06 13:00:00,1.40629157915,0.21094373693333335,0.8220405583166667,0.013700676,0.0027401352,-0.16610126546666668,
2025-03-06 14:00:00,1.3972523688,0.20958785526666668,0.7050173716,0.011750289566666666,0.0023500578499999997,-0.35759547820000004,
2025-03-06 15:00:00,1.38120439835,0.20718065981666667,0.5255968919833334,0.008759948216666667,0.0017519895833333333,-0.6516879736666666,
2025-03-06 16:00:00,1.3332926112999999,0.1999938917,0.3111164499833333,0.005185274183333334,0.0010370548166666667,-1.1897014028500001,
2025-03-06 17:00:00,1.1077239065666666,0.166158586,0.11101054535,0.0018501757833333334,0.00037003515,-3.080770972233333,
2025-03-06 18:00:00,2.831766304083333,0.42476494566666667,0.0032245403000000002,-0.00039725280166666665,-7.945057916666667e-05,-2.418281266766667,
2025-03-06 19:00:00,2.33877553555,0.35081633026666664,0.0,-0.0012186283166666667,-0.0002437256,0.3003012240333333,
2025-03-06 20:00:00,2.2452630801500004,0.3367894620333333,0.0,-0.0010248364166666668,-0.00020496736666666667,-0.7134556005,
2025-03-06 21:00:00,2.513076432466667,0.37696146496666666,0.0,-0.0006518398333333334,-0.00013036796666666666,-0.5219275131666666,
2025-03-06 22:00:00,2.3939478463833335,0.359092177,0.0,-0.00071644395,-0.00014328881666666668,0.7565952689666666,
2025-03-06 23:00:00,2.135640823233333,0.3203461235,0.0,-0.0012081270833333333,-0.00024162539999999998,0.8082299711833334,
2025-03-07 00:00:00,,,,,,,
2025-03-07 01:00:00,,,,,,,
2025-03-07 02:00:00,,,,,,,
2025-03-07 03:00:00,,,,,,,
2025-03-07 04:00:00,,,,,,,
2025-03-07 05:00:00,,,,,,,
2025-03-07 06:00:00,,,,,,,
2025-03-07 07:00:00,,,,,,,
2025-03-07 08:00:00,,,,,,,
2025-03-07 09:00:00,,,,,,,
2025-03-07 10:00:00,,,,,,,
2025-03-07 11:00:00,,,,,,,
2025-03-07 12:00:00,,,,,,,
2025-03-07 13:00:00,,,,,,,
2025-03-07 14:00:00,,,,,,,
2025-03-07 15:00:00,,,,,,,
2025-03-07 16:00:00,,,,,,,
2025-03-07 17:00:00,,,,,,,
2025-03-07 18:00:00,,,,,,,
2025-03-07 19:00:00,,,,,,,
2025-03-07 20:00:00,,,,,,,
2025-03-07 21:00:00,,,,,,,
2025-03-07 22:00:00,,,,,,,
2025-03-07 23:00:00,,,,,,,
2025-03-08 00:00:00,,,,,,,
2025-03-08 01:00:00,,,,,,,
2025-03-08 02:00:00,,,,,,,
2025-03-08 03:00:00,,,,,,,
2025-03-08 04:00:00,,,,,,,
2025-03-08 05:00:00,,,,,,,
2025-03-08 06:00:00,,,,,,,
2025-03-08 07:00:00,,,,,,,
2025-03-08 08:00:00,,,,,,,
2025-03-08 09:00:00,,,,,,,
2025-03-08 10:00:00,,,,,,,
2025-03-08 11:00:00,,,,,,,
2025-03-08 12:00:00,,,,,,,
2025-03-08 13:00:00,,,,,,,
2025-03-08 14:00:00,,,,,,,
2025-03-08 15:00:00,,,,,,,
2025-03-08 16:00:00,,,,,,,
2025-03-08 17:00:00,,,,,,,
2025-03-08 18:00:00,,,,,,,
2025-03-08 19:00:00,,,,,,,
2025-03-08 20:00:00,,,,,,,
2025-03-08 21:00:00,,,,,,,
2025-03-08 22:00:00,,,,,,,
2025-03-08 23:00:00,,,,,,,
2025-03-09 00:00:00,,,,,,,
2025-03-09 01:00:00,,,,,,,
2025-03-09 02:00:00,,,,,,,
2025-03-09 03:00:00,,,,,,,
2025-03-09 04:00:00,,,,,,,
2025-03-09 05:00:00,,,,,,,
2025-03-09 06:00:00,,,,,,,
2025-03-09 07:00:00,,,,,,,
2025-03-09 08:00:00,,,,,,,
2025-03-09 09:00:00,,,,,,,
2025-03-09 10:00:00,,,,,,,
2025-03-09 11:00:00,,,,,,,
2025-03-09 12:00:00,,,,,,,
2025-03-09 13:00:00,,,,,,,
2025-03-09 14:00:00,,,,,,,
2025-03-09 15:00:00,,,,,,,
2025-03-09 16:00:00,,,,,,,
2025-03-09 17:00:00,,,,,,,
2025-03-09 18:00:00,,,,,,,
2025-03-09 19:00:00,,,,,,,
2025-03-09 20:00:00,,,,,,,
2025-03-09 21:00:00,,,,,,,
2025-03-09 22:00:00,,,,,,,
2025-03-09 23:00:00,,,,,,,
2025-03-10 00:00:00,,,,,,,
2025-03-10 01:00:00,,,,,,,
2025-03-10 02:00:00,,,,,,,
2025-03-10 03:00:00,,,,,,,
2025-03-10 04:00:00,,,,,,,
2025-03-10 05:00:00,,,,,,,
2025-03-10 06:00:00,,,,,,,
2025-03-10 07:00:00,,,,,,,
2025-03-10 08:00:00,,,,,,,
2025-03-10 09:00:00,,,,,,,
2025-03-10 10:00:00,,,,,,,
2025-03-10 11:00:00,,,,,,,
2025-03-10 12:00:00,,,,,,,
2025-03-10 13:00:00,,,,,,,
2025-03-10 14:00:00,,,,,,,
2025-03-10 15:00:00,,,,,,,
2025-03-10 16:00:00,,,,,,,
2025-03-10 17:00:00,,,,,,,
2025-03-10 18:00:00,,,,,,,
2025-03-10 19:00:00,,,,,,,
2025-03-10 20:00:00,,,,,,,
2025-03-10 21:00:00,,,,,,,
2025-03-10 22:00:00,,,,,,,
2025-03-10 23:00:00,,,,,,,
2025-03-11 00:00:00,,,,,,,
2025-03-11 01:00:00,,,,,,,
2025-03-11 02:00:00,,,,,,,
2025-03-11 03:00:00,,,,,,,
2025-03-11 04:00:00,,,,,,,
2025-03-11 05:00:00,,,,,,,
2025-03-11 06:00:00,,,,,,,
2025-03-11 07:00:00,,,,,,,
2025-03-11 08:00:00,,,,,,,
2025-03-11 09:00:00,,,,,,,
2025-03-11 10:00:00,,,,,,,
2025-03-11 11:00:00,,,,,,,
2025-03-11 12:00:00,,,,,,,
2025-03-11 13:00:00,,,,,,,
2025-03-11 14:00:00,,,,,,,
2025-03-11 15:00:00,,,,,,,
2025-03-11 16:00:00,,,,,,,
2025-03-11 17:00:00,,,,,,,
2025-03-11 18:00:00,,,,,,,
2025-03-11 19:00:00,,,,,,,
2025-03-11 20:00:00,,,,,,,
2025-03-11 21:00:00,,,,,,,
2025-03-11 22:00:00,,,,,,,
2025-03-11 23:00:00,,,,,,,
2025-03-12 00:00:00,,,,,,,
2025-03-12 01:00:00,,,,,,,
2025-03-12 02:00:00,,,,,,,
2025-03-12 03:00:00,,,,,,,
2025-03-12 04:00:00,,,,,,,
2025-03-12 05:00:00,,,,,,,
2025-03-12 06:00:00,,,,,,,
2025-03-12 07:00:00,,,,,,,
2025-03-12 08:00:00,,,,,,,
2025-03-12 09:00:00,,,,,,,
2025-03-12 10:00:00,,,,,,,
2025-03-12 11:00:00,,,,,,,
2025-03-12 12:00:00,,,,,,,
2025-03-12 13:00:00,,,,,,,
2025-03-12 14:00:00,,,,,,,
2025-03-12 15:00:00,,,,,,,
2025-03-12 16:00:00,,,,,,,
2025-03-12 17:00:00,,,,,,,
2025-03-12 18:00:00,,,,,,,
2025-03-12 19:00:00,,,,,,,
2025-03-12 20:00:00,,,,,,,
2025-03-12 21:00:00,,,,,,,
2025-03-12 22:00:00,,,,,,,
2025-03-12 23:00:00,,,,,,,
2025-03-13 00:00:00,,,,,,,
2025-03-13 01:00:00,,,,,,,
2025-03-13 02:00:00,,,,,,,
2025-03-13 03:00:00,,,,,,,
2025-03-13 04:00:00,,,,,,,
2025-03-13 05:00:00,,,,,,,
2025-03-13 06:00:00,,,,,,,
2025-03-13 07:00:00,,,,,,,
2025-03-13 08:00:00,,,,,,,
2025-03-13 09:00:00,,,,,,,
2025-03-13 10:00:00,,,,,,,
2025-03-13 11:00:00,,,,,,,
2025-03-13 12:00:00,,,,,,,
2025-03-13 13:00:00,,,,,,,
2025-03-13 14:00:00,,,,,,,
2025-03-13 15:00:00,,,,,,,
2025-03-13 16:00:00,,,,,,,
2025-03-13 17:00:00,,,,,,,
2025-03-13 18:00:00,,,,,,,
2025-03-13 19:00:00,,,,,,,
2025-03-13 20:00:00,,,,,,,
2025-03-13 21:00:00,,,,,,,
2025-03-13 22:00:00,,,,,,,
2025-03-13 23:00:00,,,,,,,
2025-03-14 00:00:00,,,,,,,
2025-03-14 01:00:00,,,,,,,
2025-03-14 02:00:00,,,,,,,
2025-03-14 03:00:00,,,,,,,
2025-03-14 04:00:00,,,,,,,
2025-03-14 05:00:00,,,,,,,
2025-03-14 06:00:00,,,,,,,
2025-03-14 07:00:00,,,,,,,
2025-03-14 08:00:00,,,,,,,
2025-03-14 09:00:00,,,,,,,
2025-03-14 10:00:00,,,,,,,
2025-03-14 11:00:00,,,,,,,
2025-03-14 12:00:00,,,,,,,
2025-03-14 13:00:00,,,,,,,
2025-03-14 14:00:00,,,,,,,
2025-03-14 15:00:00,,,,,,,
2025-03-14 16:00:00,,,,,,,
2025-03-14 17:00:00,,,,,,,
2025-03-14 18:00:00,,,,,,,
2025-03-14 19:00:00,,,,,,,
2025-03-14 20:00:00,,,,,,,
2025-03-14 21:00:00,,,,,,,
2025-03-14 22:00:00,,,,,,,
2025-03-14 23:00:00,,,,,,,
2025-03-15 00:00:00,,,,,,,
2025-03-15 01:00:00,,,,,,,
2025-03-15 02:00:00,,,,,,,
2025-03-15 03:00:00,,,,,,,
2025-03-15 04:00:00,,,,,,,
2025-03-15 05:00:00,,,,,,,
2025-03-15 06:00:00,,,,,,,
2025-03-15 07:00:00,,,,,,,
2025-03-15 08:00:00,,,,,,,
2025-03-15 09:00:00,,,,,,,
2025-03-15 10:00:00,,,,,,,
2025-03-15 11:00:00,,,,,,,
2025-03-15 12:00:00,,,,,,,
2025-03-15 13:00:00,,,,,,,
2025-03-15 14:00:00,,,,,,,
2025-03-15 15:00:00,,,,,,,
2025-03-15 16:00:00,,,,,,,
2025-03-15 17:00:00,,,,,,,
2025-03-15 18:00:00,,,,,,,
2025-03-15 19:00:00,,,,,,,
2025-03-15 20:00:00,,,,,,,
2025-03-15 21:00:00,,,,,,,
2025-03-15 22:00:00,,,,,,,
2025-03-15 23:00:00,,,,,,,
2025-03-16 00:00:00,,,,,,,
2025-03-16 01:00:00,,,,,,,
2025-03-16 02:00:00,,,,,,,
2025-03-16 03:00:00,,,,,,,
2025-03-16 04:00:00,,,,,,,
2025-03-16 05:00:00,,,,,,,
2025-03-16 06:00:00,,,,,,,
2025-03-16 07:00:00,,,,,,,
2025-03-16 08:00:00,,,,,,,
2025-03-16 09:00:00,,,,,,,
2025-03-16 10:00:00,,,,,,,
2025-03-16 11:00:00,,,,,,,
2025-03-16 12:00:00,,,,,,,
2025-03-16 13:00:00,,,,,,,
2025-03-16 14:00:00,,,,,,,
2025-03-16 15:00:00,,,,,,,
2025-03-16 16:00:00,,,,,,,
2025-03-16 17:00:00,,,,,,,
2025-03-16 18:00:00,,,,,,,
2025-03-16 19:00:00,,,,,,,
2025-03-16 20:00:00,,,,,,,
2025-03-16 21:00:00,,,,,,,
2025-03-16 22:00:00,,,,,,,
2025-03-16 23:00:00,,,,,,,
2025-03-17 00:00:00,,,,,,,
2025-03-17 01:00:00,,,,,,,
2025-03-17 02:00:00,,,,,,,
2025-03-17 03:00:00,,,,,,,
2025-03-17 04:00:00,,,,,,,
2025-03-17 05:00:00,,,,,,,
2025-03-17 06:00:00,,,,,,,
2025-03-17 07:00:00,,,,,,,
2025-03-17 08:00:00,,,,,,,
2025-03-17 09:00:00,,,,,,,
2025-03-17 10:00:00,,,,,,,
2025-03-17 11:00:00,,,,,,,
2025-03-17 12:00:00,,,,,,,
2025-03-17 13:00:00,,,,,,,
2025-03-17 14:00:00,,,,,,,
2025-03-17 15:00:00,,,,,,,
2025-03-17 16:00:00,,,,,,,
2025-03-17 17:00:00,,,,,,,
2025-03-17 18:00:00,,,,,,,
2025-03-17 19:00:00,,,,,,,
2025-03-17 20:00:00,,,,,,,
2025-03-17 21:00:00,,,,,,,
2025-03-17 22:00:00,,,,,,,
2025-03-17 23:00:00,,,,,,,
2025-03-18 00:00:00,,,,,,,
2025-03-18 01:00:00,,,,,,,
2025-03-18 02:00:00,,,,,,,
2025-03-18 03:00:00,,,,,,,
2025-03-18 04:00:00,,,,,,,
2025-03-18 05:00:00,,,,,,,
2025-03-18 06:00:00,,,,,,,
2025-03-18 07:00:00,,,,,,,
2025-03-18 08:00:00,,,,,,,
2025-03-18 09:00:00,,,,,,,
2025-03-18 10:00:00,,,,,,,
2025-03-18 11:00:00,,,,,,,
2025-03-18 12:00:00,,,,,,,
2025-03-18 13:00:00,,,,,,,
2025-03-18 14:00:00,,,,,,,
2025-03-18 15:00:00,,,,,,,
2025-03-18 16:00:00,,,,,,,
2025-03-18 17:00:00,,,,,,,
2025-03-18 18:00:00,,,,,,,
2025-03-18 19:00:00,,,,,,,
2025-03-18 20:00:00,,,,,,,
2025-03-18 21:00:00,,,,,,,
2025-03-18 22:00:00,,,,,,,
2025-03-18 23:00:00,,,,,,,
2025-03-19 00:00:00,,,,,,,
2025-03-19 01:00:00,,,,,,,
2025-03-19 02:00:00,,,,,,,
2025-03-19 03:00:00,,,,,,,
2025-03-19 04:00:00,,,,,,,
2025-03-19 05:00:00,,,,,,,
2025-03-19 06:00:00,,,,,,,
2025-03-19 07:00:00,,,,,,,
2025-03-19 08:00:00,,,,,,,
2025-03-19 09:00:00,,,,,,,
2025-03-19 10:00:00,,,,,,,
2025-03-19 11:00:00,,,,,,,
2025-03-19 12:00:00,,,,,,,
2025-03-19 13:00:00,,,,,,,
2025-03-19 14:00:00,,,,,,,
2025-03-19 15:00:00,,,,,,,
2025-03-19 16:00:00,,,,,,,
2025-03-19 17:00:00,,,,,,,
2025-03-19 18:00:00,,,,,,,
2025-03-19 19:00:00,,,,,,,
2025-03-19 20:00:00,,,,,,,
2025-03-19 21:00:00,,,,,,,
2025-03-19 22:00:00,,,,,,,
2025-03-19 23:00:00,,,,,,,
2025-03-20 00:00:00,,,,,,,
2025-03-20 01:00:00,,,,,,,
2025-03-20 02:00:00,,,,,,,
2025-03-20 03:00:00,,,,,,,
2025-03-20 04:00:00,,,,,,,
2025-03-20 05:00:00,,,,,,,
2025-03-20 06:00:00,,,,,,,
2025-03-20 07:00:00,,,,,,,
2025-03-20 08:00:00,,,,,,,
2025-03-20 09:00:00,,,,,,,
2025-03-20 10:00:00,,,,,,,
2025-03-20 11:00:00,,,,,,,
2025-03-20 12:00:00,,,,,,,
2025-03-20 13:00:00,,,,,,,
2025-03-20 14:00:00,,,,,,,
2025-03-20 15:00:00,,,,,,,
2025-03-20 16:00:00,,,,,,,
2025-03-20 17:00:00,,,,,,,
2025-03-20 18:00:00,,,,,,,
2025-03-20 19:00:00,,,,,,,
2025-03-20 20:00:00,,,,,,,
2025-03-20 21:00:00,,,,,,,
2025-03-20 22:00:00,,,,,,,
2025-03-20 23:00:00,,,,,,,
2025-03-21 00:00:00,,,,,,,
2025-03-21 01:00:00,,,,,,,
2025-03-21 02:00:00,,,,,,,
2025-03-21 03:00:00,,,,,,,
2025-03-21 04:00:00,,,,,,,
2025-03-21 05:00:00,,,,,,,
2025-03-21 06:00:00,,,,,,,
2025-03-21 07:00:00,,,,,,,
2025-03-21 08:00:00,,,,,,,
2025-03-21 09:00:00,,,,,,,
2025-03-21 10:00:00,,,,,,,
2025-03-21 11:00:00,,,,,,,
2025-03-21 12:00:00,,,,,,,
2025-03-21 13:00:00,,,,,,,
2025-03-21 14:00:00,,,,,,,
2025-03-21 15:00:00,,,,,,,
2025-03-21 16:00:00,,,,,,,
2025-03-21 17:00:00,,,,,,,
2025-03-21 18:00:00,,,,,,,
2025-03-21 19:00:00,,,,,,,
2025-03-21 20:00:00,,,,,,,
2025-03-21 21:00:00,,,,,,,
2025-03-21 22:00:00,,,,,,,
2025-03-21 23:00:00,,,,,,,
2025-03-22 00:00:00,,,,,,,
2025-03-22 01:00:00,,,,,,,
2025-03-22 02:00:00,,,,,,,
2025-03-22 03:00:00,,,,,,,
2025-03-22 04:00:00,,,,,,,
2025-03-22 05:00:00,,,,,,,
2025-03-22 06:00:00,,,,,,,
2025-03-22 07:00:00,,,,,,,
2025-03-22 08:00:00,,,,,,,
2025-03-22 09:00:00,,,,,,,
2025-03-22 10:00:00,,,,,,,
2025-03-22 11:00:00,,,,,,,
2025-03-22 12:00:00,,,,,,,
2025-03-22 13:00:00,,,,,,,
2025-03-22 14:00:00,,,,,,,
2025-03-22 15:00:00,,,,,,,
2025-03-22 16:00:00,,,,,,,
2025-03-22 17:00:00,,,,,,,
2025-03-22 18:00:00,,,,,,,
2025-03-22 19:00:00,,,,,,,
2025-03-22 20:00:00,,,,,,,
2025-03-22 21:00:00,,,,,,,
2025-03-22 22:00:00,,,,,,,
2025-03-22 23:00:00,,,,,,,
2025-03-23 00:00:00,,,,,,,
2025-03-23 01:00:00,,,,,,,
2025-03-23 02:00:00,,,,,,,
2025-03-23 03:00:00,,,,,,,
2025-03-23 04:00:00,,,,,,,
2025-03-23 05:00:00,,,,,,,
2025-03-23 06:00:00,,,,,,,
2025-03-23 07:00:00,,,,,,,
2025-03-23 08:00:00,,,,,,,
2025-03-23 09:00:00,,,,,,,
2025-03-23 10:00:00,,,,,,,
2025-03-23 11:00:00,,,,,,,
2025-03-23 12:00:00,,,,,,,
2025-03-23 13:00:00,,,,,,,
2025-03-23 14:00:00,,,,,,,
2025-03-23 15:00:00,,,,,,,
2025-03-23 16:00:00,,,,,,,
2025-03-23 17:00:00,,,,,,,
2025-03-23 18:00:00,,,,,,,
2025-03-23 19:00:00,,,,,,,
2025-03-23 20:00:00,,,,,,,
2025-03-23 21:00:00,,,,,,,
2025-03-23 22:00:00,,,,,,,
2025-03-23 23:00:00,,,,,,,
2025-03-24 00:00:00,,,,,,,
2025-03-24 01:00:00,,,,,,,
2025-03-24 02:00:00,,,,,,,
2025-03-24 03:00:00,,,,,,,
2025-03-24 04:00:00,,,,,,,
2025-03-24 05:00:00,,,,,,,
2025-03-24 06:00:00,,,,,,,
2025-03-24 07:00:00,,,,,,,
2025-03-24 08:00:00,,,,,,,
2025-03-24 09:00:00,,,,,,,
2025-03-24 10:00:00,,,,,,,
2025-03-24 11:00:00,,,,,,,
2025-03-24 12:00:00,,,,,,,
2025-03-24 13:00:00,,,,,,,
2025-03-24 14:00:00,,,,,,,
2025-03-24 15:00:00,,,,,,,
2025-03-24 16:00:00,,,,,,,
2025-03-24 17:00:00,,,,,,,
2025-03-24 18:00:00,,,,,,,
2025-03-24 19:00:00,,,,,,,
2025-03-24 20:00:00,,,,,,,
2025-03-24 21:00:00,,,,,,,
2025-03-24 22:00:00,,,,,,,
2025-03-24 23:00:00,,,,,,,
2025-03-25 00:00:00,,,,,,,
2025-03-25 01:00:00,,,,,,,
2025-03-25 02:00:00,,,,,,,
2025-03-25 03:00:00,,,,,,,
2025-03-25 04:00:00,,,,,,,
2025-03-25 05:00:00,,,,,,,
2025-03-25 06:00:00,,,,,,,
2025-03-25 07:00:00,,,,,,,
2025-03-25 08:00:00,,,,,,,
2025-03-25 09:00:00,,,,,,,
2025-03-25 10:00:00,,,,,,,
2025-03-25 11:00:00,,,,,,,
2025-03-25 12:00:00,,,,,,,
2025-03-25 13:00:00,,,,,,,
2025-03-25 14:00:00,,,,,,,
2025-03-25 15:00:00,,,,,,,
2025-03-25 16:00:00,,,,,,,
2025-03-25 17:00:00,,,,,,,
2025-03-25 18:00:00,,,,,,,
2025-03-25 19:00:00,,,,,,,
2025-03-25 20:00:00,,,,,,,
2025-03-25 21:00:00,,,,,,,
2025-03-25 22:00:00,,,,,,,
2025-03-25 23:00:00,,,,,,,
2025-03-26 00:00:00,,,,,,,
2025-03-26 01:00:00,,,,,,,
2025-03-26 02:00:00,,,,,,,
2025-03-26 03:00:00,,,,,,,
2025-03-26 04:00:00,,,,,,,
2025-03-26 05:00:00,,,,,,,
2025-03-26 06:00:00,,,,,,,
2025-03-26 07:00:00,,,,,,,
2025-03-26 08:00:00,,,,,,,
2025-03-26 09:00:00,,,,,,,
2025-03-26 10:00:00,,,,,,,
2025-03-26 11:00:00,,,,,,,
2025-03-26 12:00:00,,,,,,,
2025-03-26 13:00:00,,,,,,,
2025-03-26 14:00:00,,,,,,,
2025-03-26 15:00:00,,,,,,,
2025-03-26 16:00:00,,,,,,,
2025-03-26 17:00:00,,,,,,,
2025-03-26 18:00:00,,,,,,,
2025-03-26 19:00:00,,,,,,,
2025-03-26 20:00:00,,,,,,,
2025-03-26 21:00:00,,,,,,,
2025-03-26 22:00:00,,,,,,,
2025-03-26 23:00:00,,,,,,,
2025-03-27 00:00:00,,,,,,,
2025-03-27 01:00:00,,,,,,,
2025-03-27 02:00:00,,,,,,,
2025-03-27 03:00:00,,,,,,,
2025-03-27 04:00:00,,,,,,,
2025-03-27 05:00:00,,,,,,,
2025-03-27 06:00:00,,,,,,,
2025-03-27 07:00:00,,,,,,,
2025-03-27 08:00:00,,,,,,,
2025-03-27 09:00:00,,,,,,,
2025-03-27 10:00:00,,,,,,,
2025-03-27 11:00:00,,,,,,,
2025-03-27 12:00:00,,,,,,,
2025-03-27 13:00:00,,,,,,,
2025-03-27 14:00:00,,,,,,,
2025-03-27 15:00:00,,,,,,,
2025-03-27 16:00:00,,,,,,,
2025-03-27 17:00:00,,,,,,,
2025-03-27 18:00:00,,,,,,,
2025-03-27 19:00:00,,,,,,,
2025-03-27 20:00:00,,,,,,,
2025-03-27 21:00:00,,,,,,,
2025-03-27 22:00:00,,,,,,,
2025-03-27 23:00:00,,,,,,,
2025-03-28 00:00:00,,,,,,,
2025-03-28 01:00:00,,,,,,,
2025-03-28 02:00:00,,,,,,,
2025-03-28 03:00:00,,,,,,,
2025-03-28 04:00:00,,,,,,,
2025-03-28 05:00:00,,,,,,,
2025-03-28 06:00:00,,,,,,,
2025-03-28 07:00:00,,,,,,,
2025-03-28 08:00:00,,,,,,,
2025-03-28 09:00:00,,,,,,,
2025-03-28 10:00:00,,,,,,,
2025-03-28 11:00:00,,,,,,,
2025-03-28 12:00:00,,,,,,,
2025-03-28 13:00:00,,,,,,,
2025-03-28 14:00:00,,,,,,,
2025-03-28 15:00:00,,,,,,,
2025-03-28 16:00:00,,,,,,,
2025-03-28 17:00:00,,,,,,,
2025-03-28 18:00:00,,,,,,,
2025-03-28 19:00:00,,,,,,,
2025-03-28 20:00:00,,,,,,,
2025-03-28 21:00:00,,,,,,,
2025-03-28 22:00:00,,,,,,,
2025-03-28 23:00:00,,,,,,,
2025-03-29 00:00:00,,,,,,,
2025-03-29 01:00:00,,,,,,,
2025-03-29 02:00:00,,,,,,,
2025-03-29 03:00:00,,,,,,,
2025-03-29 04:00:00,,,,,,,
2025-03-29 05:00:00,,,,,,,
2025-03-29 06:00:00,,,,,,,
2025-03-29 07:00:00,,,,,,,
2025-03-29 08:00:00,,,,,,,
2025-03-29 09:00:00,,,,,,,
2025-03-29 10:00:00,,,,,,,
2025-03-29 11:00:00,,,,,,,
2025-03-29 12:00:00,,,,,,,
2025-03-29 13:00:00,,,,,,,
2025-03-29 14:00:00,,,,,,,
2025-03-29 15:00:00,,,,,,,
2025-03-29 16:00:00,,,,,,,
2025-03-29 17:00:00,,,,,,,
2025-03-29 18:00:00,,,,,,,
2025-03-29 19:00:00,,,,,,,
2025-03-29 20:00:00,,,,,,,
2025-03-29 21:00:00,,,,,,,
2025-03-29 22:00:00,,,,,,,
2025-03-29 23:00:00,,,,,,,
2025-03-30 00:00:00,,,,,,,
2025-03-30 01:00:00,,,,,,,
2025-03-30 02:00:00,,,,,,,
2025-03-30 03:00:00,,,,,,,
2025-03-30 04:00:00,,,,,,,
2025-03-30 05:00:00,,,,,,,
2025-03-30 06:00:00,,,,,,,
2025-03-30 07:00:00,,,,,,,
2025-03-30 08:00:00,,,,,,,
2025-03-30 09:00:00,,,,,,,
2025-03-30 10:00:00,,,,,,,
2025-03-30 11:00:00,,,,,,,
2025-03-30 12:00:00,,,,,,,
2025-03-30 13:00:00,,,,,,,
2025-03-30 14:00:00,,,,,,,
2025-03-30 15:00:00,,,,,,,
2025-03-30 16:00:00,,,,,,,
2025-03-30 17:00:00,,,,,,,
2025-03-30 18:00:00,,,,,,,
2025-03-30 19:00:00,,,,,,,
2025-03-30 20:00:00,,,,,,,
2025-03-30 21:00:00,,,,,,,
2025-03-30 22:00:00,,,,,,,
2025-03-30 23:00:00,,,,,,,
2025-03-31 00:00:00,,,,,,,
2025-03-31 01:00:00,,,,,,,
2025-03-31 02:00:00,,,,,,,
2025-03-31 03:00:00,,,,,,,
2025-03-31 04:00:00,,,,,,,
2025-03-31 05:00:00,,,,,,,
2025-03-31 06:00:00,,,,,,,
2025-03-31 07:00:00,,,,,,,
2025-03-31 08:00:00,,,,,,,
2025-03-31 09:00:00,,,,,,,
2025-03-31 10:00:00,,,,,,,
2025-03-31 11:00:00,,,,,,,
2025-03-31 12:00:00,,,,,,,
2025-03-31 13:00:00,,,,,,,
2025-03-31 14:00:00,,,,,,,
2025-03-31 15:00:00,,,,,,,
2025-03-31 16:00:00,,,,,,,
2025-03-31 17:00:00,,,,,,,
2025-03-31 18:00:00,,,,,,,
2025-03-31 19:00:00,,,,,,,
2025-03-31 20:00:00,,,,,,,
2025-03-31 21:00:00,,,,,,,
2025-03-31 22:00:00,,,,,,,
2025-03-31 23:00:00,,,,,,,
2025-04-01 00:00:00,,,,,,,
2025-04-01 01:00:00,,,,,,,
2025-04-01 02:00:00,,,,,,,
2025-04-01 03:00:00,,,,,,,
2025-04-01 04:00:00,,,,,,,
2025-04-01 05:00:00,,,,,,,
2025-04-01 06:00:00,,,,,,,
2025-04-01 07:00:00,,,,,,,
2025-04-01 08:00:00,,,,,,,
2025-04-01 09:00:00,,,,,,,
2025-04-01 10:00:00,,,,,,,
2025-04-01 11:00:00,,,,,,,
2025-04-01 12:00:00,,,,,,,
2025-04-01 13:00:00,,,,,,,
2025-04-01 14:00:00,,,,,,,
2025-04-01 15:00:00,,,,,,,
2025-04-01 16:00:00,,,,,,,
2025-04-01 17:00:00,,,,,,,
2025-04-01 18:00:00,,,,,,,
2025-04-01 19:00:00,,,,,,,
2025-04-01 20:00:00,,,,,,,
2025-04-01 21:00:00,,,,,,,
2025-04-01 22:00:00,,,,,,,
2025-04-01 23:00:00,,,,,,,
2025-04-02 00:00:00,,,,,,,
2025-04-02 01:00:00,,,,,,,
2025-04-02 02:00:00,,,,,,,
2025-04-02 03:00:00,,,,,,,
2025-04-02 04:00:00,,,,,,,
2025-04-02 05:00:00,,,,,,,
2025-04-02 06:00:00,,,,,,,
2025-04-02 07:00:00,,,,,,,
2025-04-02 08:00:00,,,,,,,
2025-04-02 09:00:00,,,,,,,
2025-04-02 10:00:00,,,,,,,
2025-04-02 11:00:00,,,,,,,
2025-04-02 12:00:00,,,,,,,
2025-04-02 13:00:00,,,,,,,
2025-04-02 14:00:00,,,,,,,
2025-04-02 15:00:00,,,,,,,
2025-04-02 16:00:00,,,,,,,
2025-04-02 17:00:00,,,,,,,
2025-04-02 18:00:00,,,,,,,
2025-04-02 19:00:00,,,,,,,
2025-04-02 20:00:00,,,,,,,
2025-04-02 21:00:00,,,,,,,
2025-04-02 22:00:00,,,,,,,
2025-04-02 23:00:00,,,,,,,
2025-04-03 00:00:00,,,,,,,
2025-04-03 01:00:00,,,,,,,
2025-04-03 02:00:00,,,,,,,
2025-04-03 03:00:00,,,,,,,
2025-04-03 04:00:00,,,,,,,
2025-04-03 05:00:00,,,,,,,
2025-04-03 06:00:00,,,,,,,
2025-04-03 07:00:00,,,,,,,
2025-04-03 08:00:00,,,,,,,
2025-04-03 09:00:00,,,,,,,
2025-04-03 10:00:00,,,,,,,
2025-04-03 11:00:00,,,,,,,
2025-04-03 12:00:00,,,,,,,
2025-04-03 13:00:00,,,,,,,
2025-04-03 14:00:00,,,,,,,
2025-04-03 15:00:00,,,,,,,
2025-04-03 16:00:00,,,,,,,
2025-04-03 17:00:00,,,,,,,
2025-04-03 18:00:00,,,,,,,
2025-04-03 19:00:00,,,,,,,
2025-04-03 20:00:00,,,,,,,
2025-04-03 21:00:00,,,,,,,
2025-04-03 22:00:00,,,,,,,
2025-04-03 23:00:00,,,,,,,
2025-04-04 00:00:00,,,,,,,
2025-04-04 01:00:00,,,,,,,
2025-04-04 02:00:00,,,,,,,
2025-04-04 03:00:00,,,,,,,
2025-04-04 04:00:00,,,,,,,
2025-04-04 05:00:00,,,,,,,
2025-04-04 06:00:00,,,,,,,
2025-04-04 07:00:00,,,,,,,
2025-04-04 08:00:00,,,,,,,
2025-04-04 09:00:00,,,,,,,
2025-04-04 10:00:00,,,,,,,
2025-04-04 11:00:00,,,,,,,
2025-04-04 12:00:00,,,,,,,
2025-04-04 13:00:00,,,,,,,
2025-04-04 14:00:00,,,,,,,
2025-04-04 15:00:00,,,,,,,
2025-04-04 16:00:00,,,,,,,
2025-04-04 17:00:00,,,,,,,
2025-04-04 18:00:00,,,,,,,
2025-04-04 19:00:00,,,,,,,
2025-04-04 20:00:00,,,,,,,
2025-04-04 21:00:00,,,,,,,
2025-04-04 22:00:00,,,,,,,
2025-04-04 23:00:00,,,,,,,
2025-04-05 00:00:00,,,,,,,
2025-04-05 01:00:00,,,,,,,
2025-04-05 02:00:00,,,,,,,
2025-04-05 03:00:00,,,,,,,
2025-04-05 04:00:00,,,,,,,
2025-04-05 05:00:00,,,,,,,
2025-04-05 06:00:00,,,,,,,
2025-04-05 07:00:00,,,,,,,
2025-04-05 08:00:00,,,,,,,
2025-04-05 09:00:00,,,,,,,
2025-04-05 10:00:00,,,,,,,
2025-04-05 11:00:00,,,,,,,
2025-04-05 12:00:00,,,,,,,
2025-04-05 13:00:00,,,,,,,
2025-04-05 14:00:00,,,,,,,
2025-04-05 15:00:00,,,,,,,
2025-04-05 16:00:00,,,,,,,
2025-04-05 17:00:00,,,,,,,
2025-04-05 18:00:00,,,,,,,
2025-04-05 19:00:00,,,,,,,
2025-04-05 20:00:00,,,,,,,
2025-04-05 21:00:00,,,,,,,
2025-04-05 22:00:00,,,,,,,
2025-04-05 23:00:00,,,,,,,
2025-04-06 00:00:00,2.061186586733333,0.30917798803333335,0.0,-0.0010802770833333334,-0.00021605541666666665,-0.21943125296666663,
2025-04-06 01:00:00,2.15544142465,0.3233162137,0.0,-0.0011379587666666667,-0.00022759181666666666,-0.20912962355,
2025-04-06 02:00:00,2.2285559904,0.33428339853333333,0.0,-0.00092291735,-0.00018458348333333334,-0.37110813865000003,
2025-04-06 03:00:00,2.050358710733333,0.30755380661666665,0.0,-0.0008751511,-0.00017503026666666668,0.2751884793333333,
2025-04-06 04:00:00,1.8922367847666666,0.2838355177333333,0.0,-0.0012000292666666666,-0.00024000581666666667,0.6093134917166666,
2025-04-06 05:00:00,2.0562167947,0.3084325192166667,0.0,-0.0014924248666666668,-0.00029848498333333334,0.02023905005,
2025-04-06 06:00:00,3.5889748184833334,0.5383462227666667,0.0,-0.0009364149666666667,-0.00018728296,-3.1660634904666667,
2025-04-06 07:00:00,0.7039712357166666,0.10559568531666666,0.06425623061666667,0.0010607180983333334,0.000212143613,1.7770608652833342,
2025-04-06 08:00:00,1.2361561516833333,0.18542342273333334,0.2610636021666667,0.004351060083333333,0.0008702119833333333,1.51077581585,
2025-04-06 09:00:00,1.3576503303666667,0.20364754955,0.48517046911666667,0.008086174516666666,0.0016172348666666668,0.76544551535,
2025-04-06 10:00:00,1.40385879805,0.21057881965,0.6747784444833334,0.011246307416666665,0.0022492614833333332,0.39499129303333336,
2025-04-06 11:00:00,1.4186995562833333,0.21280493343333334,0.7906976902666667,0.013178294833333333,0.0026356590333333333,0.15919993108333333,
2025-04-06 12:00:00,1.4181190684666667,0.21271786025,0.8236363805666667,0.013727273033333333,0.0027454546000000002,-0.012757839466666667,
2025-04-06 13:00:00,1.4117650135,0.21176475203333334,0.7793042666666667,0.012988404466666666,0.00259768085,-0.17264728446666666,
2025-04-06 14:00:00,1.4039958595500002,0.21059937888333333,0.6635416702333334,0.011059027800000001,0.0022118056,-0.3769039952666667,
2025-04-06 15:00:00,1.3902859119166666,0.20854288685,0.4854513971,0.00809085665,0.0016181714333333333,-0.7021971160166667,
2025-04-06 16:00:00,1.3438328171499998,0.2015749225333333,0.2723520858,0.004539201316666667,0.00090784025,-1.36400535725,
2025-04-06 17:00:00,0.9594836777,0.1439225516333333,0.07380885583333334,0.0012276503783333335,0.00024553005483333334,-2.757903455466667,
2025-04-06 18:00:00,3.4580551134666666,0.5187082670333333,0.0,-0.0009960269,-0.00019920537499999998,5.306956318516667,
2025-04-06 19:00:00,1.7908910797666666,0.26863366195,0.0,-0.0017937726500000001,-0.0003587545166666666,0.17405631729999999,
2025-04-06 20:00:00,1.7018894328166667,0.25528341495,0.0,-0.0015767940166666668,-0.0003153587666666667,-0.48162080218333336,
2025-04-06 21:00:00,1.64441689095,0.24666253355,0.0,-0.0011813678,-0.00023627346666666666,-0.3233510524666666,
2025-04-06 22:00:00,1.6335102533333334,0.24502653803333332,0.0,-0.0012246015666666668,-0.00024492031666666666,0.4147305915833333,
2025-04-06 23:00:00,1.6844706161166667,0.25267059245,0.0,-0.0016962610500000001,-0.0003392521333333333,0.5464957579,
2025-04-07 00:00:00,,,,,,,
2025-04-07 01:00:00,,,,,,,
2025-04-07 02:00:00,,,,,,,
2025-04-07 03:00:00,,,,,,,
2025-04-07 04:00:00,,,,,,,
2025-04-07 05:00:00,,,,,,,
2025-04-07 06:00:00,,,,,,,
2025-04-07 07:00:00,,,,,,,
2025-04-07 08:00:00,,,,,,,
2025-04-07 09:00:00,,,,,,,
2025-04-07 10:00:00,,,,,,,
2025-04-07 11:00:00,,,,,,,
2025-04-07 12:00:00,,,,,,,
2025-04-07 13:00:00,,,,,,,
2025-04-07 14:00:00,,,,,,,
2025-04-07 15:00:00,,,,,,,
2025-04-07 16:00:00,,,,,,,
2025-04-07 17:00:00,,,,,,,
2025-04-07 18:00:00,,,,,,,
2025-04-07 19:00:00,,,,,,,
2025-04-07 20:00:00,,,,,,,
2025-04-07 21:00:00,,,,,,,
2025-04-07 22:00:00,,,,,,,
2025-04-07 23:00:00,,,,,,,
2025-04-08 00:00:00,,,,,,,
2025-04-08 01:00:00,,,,,,,
2025-04-08 02:00:00,,,,,,,
2025-04-08 03:00:00,,,,,,,
2025-04-08 04:00:00,,,,,,,
2025-04-08 05:00:00,,,,,,,
2025-04-08 06:00:00,,,,,,,
2025-04-08 07:00:00,,,,,,,
2025-04-08 08:00:00,,,,,,,
2025-04-08 09:00:00,,,,,,,
2025-04-08 10:00:00,,,,,,,
2025-04-08 11:00:00,,,,,,,
2025-04-08 12:00:00,,,,,,,
2025-04-08 13:00:00,,,,,,,
2025-04-08 14:00:00,,,,,,,
2025-04-08 15:00:00,,,,,,,
2025-04-08 16:00:00,,,,,,,
2025-04-08 17:00:00,,,,,,,
2025-04-08 18:00:00,,,,,,,
2025-04-08 19:00:00,,,,,,,
2025-04-08 20:00:00,,,,,,,
2025-04-08 21:00:00,,,,,,,
2025-04-08 22:00:00,,,,,,,
2025-04-08 23:00:00,,,,,,,
2025-04-09 00:00:00,,,,,,,
2025-04-09 01:00:00,,,,,,,
2025-04-09 02:00:00,,,,,,,
2025-04-09 03:00:00,,,,,,,
2025-04-09 04:00:00,,,,,,,
2025-04-09 05:00:00,,,,,,,
2025-04-09 06:00:00,,,,,,,
2025-04-09 07:00:00,,,,,,,
2025-04-09 08:00:00,,,,,,,
2025-04-09 09:00:00,,,,,,,
2025-04-09 10:00:00,,,,,,,
2025-04-09 11:00:00,,,,,,,
2025-04-09 12:00:00,,,,,,,
2025-04-09 13:00:00,,,,,,,
2025-04-09 14:00:00,,,,,,,
2025-04-09 15:00:00,,,,,,,
2025-04-09 16:00:00,,,,,,,
2025-04-09 17:00:00,,,,,,,
2025-04-09 18:00:00,,,,,,,
2025-04-09 19:00:00,,,,,,,
2025-04-09 20:00:00,,,,,,,
2025-04-09 21:00:00,,,,,,,
2025-04-09 22:00:00,,,,,,,
2025-04-09 23:00:00,,,,,,,
2025-04-10 00:00:00,,,,,,,
2025-04-10 01:00:00,,,,,,,
2025-04-10 02:00:00,,,,,,,
2025-04-10 03:00:00,,,,,,,
2025-04-10 04:00:00,,,,,,,
2025-04-10 05:00:00,,,,,,,
2025-04-10 06:00:00,,,,,,,
2025-04-10 07:00:00,,,,,,,
2025-04-10 08:00:00,,,,,,,
2025-04-10 09:00:00,,,,,,,
2025-04-10 10:00:00,,,,,,,
2025-04-10 11:00:00,,,,,,,
2025-04-10 12:00:00,,,,,,,
2025-04-10 13:00:00,,,,,,,
2025-04-10 14:00:00,,,,,,,
2025-04-10 15:00:00,,,,,,,
2025-04-10 16:00:00,,,,,,,
2025-04-10 17:00:00,,,,,,,
2025-04-10 18:00:00,,,,,,,
2025-04-10 19:00:00,,,,,,,
2025-04-10 20:00:00,,,,,,,
2025-04-10 21:00:00,,,,,,,
2025-04-10 22:00:00,,,,,,,
2025-04-10 23:00:00,,,,,,,
2025-04-11 00:00:00,,,,,,,
2025-04-11 01:00:00,,,,,,,
2025-04-11 02:00:00,,,,,,,
2025-04-11 03:00:00,,,,,,,
2025-04-11 04:00:00,,,,,,,
2025-04-11 05:00:00,,,,,,,
2025-04-11 06:00:00,,,,,,,
2025-04-11 07:00:00,,,,,,,
2025-04-11 08:00:00,,,,,,,
2025-04-11 09:00:00,,,,,,,
2025-04-11 10:00:00,,,,,,,
2025-04-11 11:00:00,,,,,,,
2025-04-11 12:00:00,,,,,,,
2025-04-11 13:00:00,,,,,,,
2025-04-11 14:00:00,,,,,,,
2025-04-11 15:00:00,,,,,,,
2025-04-11 16:00:00,,,,,,,
2025-04-11 17:00:00,,,,,,,
2025-04-11 18:00:00,,,,,,,
2025-04-11 19:00:00,,,,,,,
2025-04-11 20:00:00,,,,,,,
2025-04-11 21:00:00,,,,,,,
2025-04-11 22:00:00,,,,,,,
2025-04-11 23:00:00,,,,,,,
2025-04-12 00:00:00,,,,,,,
2025-04-12 01:00:00,,,,,,,
2025-04-12 02:00:00,,,,,,,
2025-04-12 03:00:00,,,,,,,
2025-04-12 04:00:00,,,,,,,
2025-04-12 05:00:00,,,,,,,
2025-04-12 06:00:00,,,,,,,
2025-04-12 07:00:00,,,,,,,
2025-04-12 08:00:00,,,,,,,
2025-04-12 09:00:00,,,,,,,
2025-04-12 10:00:00,,,,,,,
2025-04-12 11:00:00,,,,,,,
2025-04-12 12:00:00,,,,,,,
2025-04-12 13:00:00,,,,,,,
2025-04-12 14:00:00,,,,,,,
2025-04-12 15:00:00,,,,,,,
2025-04-12 16:00:00,,,,,,,
2025-04-12 17:00:00,,,,,,,
2025-04-12 18:00:00,,,,,,,
2025-04-12 19:00:00,,,,,,,
2025-04-12 20:00:00,,,,,,,
2025-04-12 21:00:00,,,,,,,
2025-04-12 22:00:00,,,,,,,
2025-04-12 23:00:00,,,,,,,
2025-04-13 00:00:00,,,,,,,
2025-04-13 01:00:00,,,,,,,
2025-04-13 02:00:00,,,,,,,
2025-04-13 03:00:00,,,,,,,
2025-04-13 04:00:00,,,,,,,
2025-04-13 05:00:00,,,,,,,
2025-04-13 06:00:00,,,,,,,
2025-04-13 07:00:00,,,,,,,
2025-04-13 08:00:00,,,,,,,
2025-04-13 09:00:00,,,,,,,
2025-04-13 10:00:00,,,,,,,
2025-04-13 11:00:00,,,,,,,
2025-04-13 12:00:00,,,,,,,
2025-04-13 13:00:00,,,,,,,
2025-04-13 14:00:00,,,,,,,
2025-04-13 15:00:00,,,,,,,
2025-04-13 16:00:00,,,,,,,
2025-04-13 17:00:00,,,,,,,
2025-04-13 18:00:00,,,,,,,
2025-04-13 19:00:00,,,,,,,
2025-04-13 20:00:00,,,,,,,
2025-04-13 21:00:00,,,,,,,
2025-04-13 22:00:00,,,,,,,
2025-04-13 23:00:00,,,,,,,
2025-04-14 00:00:00,,,,,,,
2025-04-14 01:00:00,,,,,,,
2025-04-14 02:00:00,,,,,,,
2025-04-14 03:00:00,,,,,,,
2025-04-14 04:00:00,,,,,,,
2025-04-14 05:00:00,,,,,,,
2025-04-14 06:00:00,,,,,,,
2025-04-14 07:00:00,,,,,,,
2025-04-14 08:00:00,,,,,,,
2025-04-14 09:00:00,,,,,,,
2025-04-14 10:00:00,,,,,,,
2025-04-14 11:00:00,,,,,,,
2025-04-14 12:00:00,,,,,,,
2025-04-14 13:00:00,,,,,,,
2025-04-14 14:00:00,,,,,,,
2025-04-14 15:00:00,,,,,,,
2025-04-14 16:00:00,,,,,,,
2025-04-14 17:00:00,,,,,,,
2025-04-14 18:00:00,,,,,,,
2025-04-14 19:00:00,,,,,,,
2025-04-14 20:00:00,,,,,,,
2025-04-14 21:00:00,,,,,,,
2025-04-14 22:00:00,,,,,,,
2025-04-14 23:00:00,,,,,,,
2025-04-15 00:00:00,,,,,,,
2025-04-15 01:00:00,,,,,,,
2025-04-15 02:00:00,,,,,,,
2025-04-15 03:00:00,,,,,,,
2025-04-15 04:00:00,,,,,,,
2025-04-15 05:00:00,,,,,,,
2025-04-15 06:00:00,,,,,,,
2025-04-15 07:00:00,,,,,,,
2025-04-15 08:00:00,,,,,,,
2025-04-15 09:00:00,,,,,,,
2025-04-15 10:00:00,,,,,,,
2025-04-15 11:00:00,,,,,,,
2025-04-15 12:00:00,,,,,,,
2025-04-15 13:00:00,,,,,,,
2025-04-15 14:00:00,,,,,,,
2025-04-15 15:00:00,,,,,,,
2025-04-15 16:00:00,,,,,,,
2025-04-15 17:00:00,,,,,,,
2025-04-15 18:00:00,,,,,,,
2025-04-15 19:00:00,,,,,,,
2025-04-15 20:00:00,,,,,,,
2025-04-15 21:00:00,,,,,,,
2025-04-15 22:00:00,,,,,,,
2025-04-15 23:00:00,,,,,,,
2025-04-16 00:00:00,,,,,,,
2025-04-16 01:00:00,,,,,,,
2025-04-16 02:00:00,,,,,,,
2025-04-16 03:00:00,,,,,,,
2025-04-16 04:00:00,,,,,,,
2025-04-16 05:00:00,,,,,,,
2025-04-16 06:00:00,,,,,,,
2025-04-16 07:00:00,,,,,,,
2025-04-16 08:00:00,,,,,,,
2025-04-16 09:00:00,,,,,,,
2025-04-16 10:00:00,,,,,,,
2025-04-16 11:00:00,,,,,,,
2025-04-16 12:00:00,,,,,,,
2025-04-16 13:00:00,,,,,,,
2025-04-16 14:00:00,,,,,,,
2025-04-16 15:00:00,,,,,,,
2025-04-16 16:00:00,,,,,,,
2025-04-16 17:00:00,,,,,,,
2025-04-16 18:00:00,,,,,,,
2025-04-16 19:00:00,,,,,,,
2025-04-16 20:00:00,,,,,,,
2025-04-16 21:00:00,,,,,,,
2025-04-16 22:00:00,,,,,,,
2025-04-16 23:00:00,,,,,,,
2025-04-17 00:00:00,,,,,,,
2025-04-17 01:00:00,,,,,,,
2025-04-17 02:00:00,,,,,,,
2025-04-17 03:00:00,,,,,,,
2025-04-17 04:00:00,,,,,,,
2025-04-17 05:00:00,,,,,,,
2025-04-17 06:00:00,,,,,,,
2025-04-17 07:00:00,,,,,,,
2025-04-17 08:00:00,,,,,,,
2025-04-17 09:00:00,,,,,,,
2025-04-17 10:00:00,,,,,,,
2025-04-17 11:00:00,,,,,,,
2025-04-17 12:00:00,,,,,,,
2025-04-17 13:00:00,,,,,,,
2025-04-17 14:00:00,,,,,,,
2025-04-17 15:00:00,,,,,,,
2025-04-17 16:00:00,,,,,,,
2025-04-17 17:00:00,,,,,,,
2025-04-17 18:00:00,,,,,,,
2025-04-17 19:00:00,,,,,,,
2025-04-17 20:00:00,,,,,,,
2025-04-17 21:00:00,,,,,,,
2025-04-17 22:00:00,,,,,,,
2025-04-17 23:00:00,,,,,,,
2025-04-18 00:00:00,,,,,,,
2025-04-18 01:00:00,,,,,,,
2025-04-18 02:00:00,,,,,,,
2025-04-18 03:00:00,,,,,,,
2025-04-18 04:00:00,,,,,,,
2025-04-18 05:00:00,,,,,,,
2025-04-18 06:00:00,,,,,,,
2025-04-18 07:00:00,,,,,,,
2025-04-18 08:00:00,,,,,,,
2025-04-18 09:00:00,,,,,,,
2025-04-18 10:00:00,,,,,,,
2025-04-18 11:00:00,,,,,,,
2025-04-18 12:00:00,,,,,,,
2025-04-18 13:00:00,,,,,,,
2025-04-18 14:00:00,,,,,,,
2025-04-18 15:00:00,,,,,,,
2025-04-18 16:00:00,,,,,,,
2025-04-18 17:00:00,,,,,,,
2025-04-18 18:00:00,,,,,,,
2025-04-18 19:00:00,,,,,,,
2025-04-18 20:00:00,,,,,,,
2025-04-18 21:00:00,,,,,,,
2025-04-18 22:00:00,,,,,,,
2025-04-18 23:00:00,,,,,,,
2025-04-19 00:00:00,,,,,,,
2025-04-19 01:00:00,,,,,,,
2025-04-19 02:00:00,,,,,,,
2025-04-19 03:00:00,,,,,,,
2025-04-19 04:00:00,,,,,,,
2025-04-19 05:00:00,,,,,,,
2025-04-19 06:00:00,,,,,,,
2025-04-19 07:00:00,,,,,,,
2025-04-19 08:00:00,,,,,,,
2025-04-19 09:00:00,,,,,,,
2025-04-19 10:00:00,,,,,,,
2025-04-19 11:00:00,,,,,,,
2025-04-19 12:00:00,,,,,,,
2025-04-19 13:00:00,,,,,,,
2025-04-19 14:00:00,,,,,,,
2025-04-19 15:00:00,,,,,,,
2025-04-19 16:00:00,,,,,,,
2025-04-19 17:00:00,,,,,,,
2025-04-19 18:00:00,,,,,,,
2025-04-19 19:00:00,,,,,,,
2025-04-19 20:00:00,,,,,,,
2025-04-19 21:00:00,,,,,,,
2025-04-19 22:00:00,,,,,,,
2025-04-19 23:00:00,,,,,,,
2025-04-20 00:00:00,,,,,,,
2025-04-20 01:00:00,,,,,,,
2025-04-20 02:00:00,,,,,,,
2025-04-20 03:00:00,,,,,,,
2025-04-20 04:00:00,,,,,,,
2025-04-20 05:00:00,,,,,,,
2025-04-20 06:00:00,,,,,,,
2025-04-20 07:00:00,,,,,,,
2025-04-20 08:00:00,,,,,,,
2025-04-20 09:00:00,,,,,,,
2025-04-20 10:00:00,,,,,,,
2025-04-20 11:00:00,,,,,,,
2025-04-20 12:00:00,,,,,,,
2025-04-20 13:00:00,,,,,,,
2025-04-20 14:00:00,,,,,,,
2025-04-20 15:00:00,,,,,,,
2025-04-20 16:00:00,,,,,,,
2025-04-20 17:00:00,,,,,,,
2025-04-20 18:00:00,,,,,,,
2025-04-20 19:00:00,,,,,,,
2025-04-20 20:00:00,,,,,,,
2025-04-20 21:00:00,,,,,,,
2025-04-20 22:00:00,,,,,,,
2025-04-20 23:00:00,,,,,,,
2025-04-21 00:00:00,,,,,,,
2025-04-21 01:00:00,,,,,,,
2025-04-21 02:00:00,,,,,,,
2025-04-21 03:00:00,,,,,,,
2025-04-21 04:00:00,,,,,,,
2025-04-21 05:00:00,,,,,,,
2025-04-21 06:00:00,,,,,,,
2025-04-21 07:00:00,,,,,,,
2025-04-21 08:00:00,,,,,,,
2025-04-21 09:00:00,,,,,,,
2025-04-21 10:00:00,,,,,,,
2025-04-21 11:00:00,,,,,,,
2025-04-21 12:00:00,,,,,,,
2025-04-21 13:00:00,,,,,,,
2025-04-21 14:00:00,,,,,,,
2025-04-21 15:00:00,,,,,,,
2025-04-21 16:00:00,,,,,,,
2025-04-21 17:00:00,,,,,,,
2025-04-21 18:00:00,,,,,,,
2025-04-21 19:00:00,,,,,,,
2025-04-21 20:00:00,,,,,,,
2025-04-21 21:00:00,,,,,,,
2025-04-21 22:00:00,,,,,,,
2025-04-21 23:00:00,,,,,,,
2025-04-22 00:00:00,,,,,,,
2025-04-22 01:00:00,,,,,,,
2025-04-22 02:00:00,,,,,,,
2025-04-22 03:00:00,,,,,,,
2025-04-22 04:00:00,,,,,,,
2025-04-22 05:00:00,,,,,,,
2025-04-22 06:00:00,,,,,,,
2025-04-22 07:00:00,,,,,,,
2025-04-22 08:00:00,,,,,,,
2025-04-22 09:00:00,,,,,,,
2025-04-22 10:00:00,,,,,,,
2025-04-22 11:00:00,,,,,,,
2025-04-22 12:00:00,,,,,,,
2025-04-22 13:00:00,,,,,,,
2025-04-22 14:00:00,,,,,,,
2025-04-22 15:00:00,,,,,,,
2025-04-22 16:00:00,,,,,,,
2025-04-22 17:00:00,,,,,,,
2025-04-22 18:00:00,,,,,,,
2025-04-22 19:00:00,,,,,,,
2025-04-22 20:00:00,,,,,,,
2025-04-22 21:00:00,,,,,,,
2025-04-22 22:00:00,,,,,,,
2025-04-22 23:00:00,,,,,,,
2025-04-23 00:00:00,,,,,,,
2025-04-23 01:00:00,,,,,,,
2025-04-23 02:00:00,,,,,,,
2025-04-23 03:00:00,,,,,,,
2025-04-23 04:00:00,,,,,,,
2025-04-23 05:00:00,,,,,,,
2025-04-23 06:00:00,,,,,,,
2025-04-23 07:00:00,,,,,,,
2025-04-23 08:00:00,,,,,,,
2025-04-23 09:00:00,,,,,,,
2025-04-23 10:00:00,,,,,,,
2025-04-23 11:00:00,,,,,,,
2025-04-23 12:00:00,,,,,,,
2025-04-23 13:00:00,,,,,,,
2025-04-23 14:00:00,,,,,,,
2025-04-23 15:00:00,,,,,,,
2025-04-23 16:00:00,,,,,,,
2025-04-23 17:00:00,,,,,,,
2025-04-23 18:00:00,,,,,,,
2025-04-23 19:00:00,,,,,,,
2025-04-23 20:00:00,,,,,,,
2025-04-23 21:00:00,,,,,,,
2025-04-23 22:00:00,,,,,,,
2025-04-23 23:00:00,,,,,,,
2025-04-24 00:00:00,,,,,,,
2025-04-24 01:00:00,,,,,,,
2025-04-24 02:00:00,,,,,,,
2025-04-24 03:00:00,,,,,,,
2025-04-24 04:00:00,,,,,,,
2025-04-24 05:00:00,,,,,,,
2025-04-24 06:00:00,,,,,,,
2025-04-24 07:00:00,,,,,,,
2025-04-24 08:00:00,,,,,,,
2025-04-24 09:00:00,,,,,,,
2025-04-24 10:00:00,,,,,,,
2025-04-24 11:00:00,,,,,,,
2025-04-24 12:00:00,,,,,,,
2025-04-24 13:00:00,,,,,,,
2025-04-24 14:00:00,,,,,,,
2025-04-24 15:00:00,,,,,,,
2025-04-24 16:00:00,,,,,,,
2025-04-24 17:00:00,,,,,,,
2025-04-24 18:00:00,,,,,,,
2025-04-24 19:00:00,,,,,,,
2025-04-24 20:00:00,,,,,,,
2025-04-24 21:00:00,,,,,,,
2025-04-24 22:00:00,,,,,,,
2025-04-24 23:00:00,,,,,,,
2025-04-25 00:00:00,,,,,,,
2025-04-25 01:00:00,,,,,,,
2025-04-25 02:00:00,,,,,,,
2025-04-25 03:00:00,,,,,,,
2025-04-25 04:00:00,,,,,,,
2025-04-25 05:00:00,,,,,,,
2025-04-25 06:00:00,,,,,,,
2025-04-25 07:00:00,,,,,,,
2025-04-25 08:00:00,,,,,,,
2025-04-25 09:00:00,,,,,,,
2025-04-25 10:00:00,,,,,,,
2025-04-25 11:00:00,,,,,,,
2025-04-25 12:00:00,,,,,,,
2025-04-25 13:00:00,,,,,,,
2025-04-25 14:00:00,,,,,,,
2025-04-25 15:00:00,,,,,,,
2025-04-25 16:00:00,,,,,,,
2025-04-25 17:00:00,,,,,,,
2025-04-25 18:00:00,,,,,,,
2025-04-25 19:00:00,,,,,,,
2025-04-25 20:00:00,,,,,,,
2025-04-25 21:00:00,,,,,,,
2025-04-25 22:00:00,,,,,,,
2025-04-25 23:00:00,,,,,,,
2025-04-26 00:00:00,,,,,,,
2025-04-26 01:00:00,,,,,,,
2025-04-26 02:00:00,,,,,,,
2025-04-26 03:00:00,,,,,,,
2025-04-26 04:00:00,,,,,,,
2025-04-26 05:00:00,,,,,,,
2025-04-26 06:00:00,,,,,,,
2025-04-26 07:00:00,,,,,,,
2025-04-26 08:00:00,,,,,,,
2025-04-26 09:00:00,,,,,,,
2025-04-26 10:00:00,,,,,,,
2025-04-26 11:00:00,,,,,,,
2025-04-26 12:00:00,,,,,,,
2025-04-26 13:00:00,,,,,,,
2025-04-26 14:00:00,,,,,,,
2025-04-26 15:00:00,,,,,,,
2025-04-26 16:00:00,,,,,,,
2025-04-26 17:00:00,,,,,,,
2025-04-26 18:00:00,,,,,,,
2025-04-26 19:00:00,,,,,,,
2025-04-26 20:00:00,,,,,,,
2025-04-26 21:00:00,,,,,,,
2025-04-26 22:00:00,,,,,,,
2025-04-26 23:00:00,,,,,,,
2025-04-27 00:00:00,,,,,,,
2025-04-27 01:00:00,,,,,,,
2025-04-27 02:00:00,,,,,,,
2025-04-27 03:00:00,,,,,,,
2025-04-27 04:00:00,,,,,,,
2025-04-27 05:00:00,,,,,,,
2025-04-27 06:00:00,,,,,,,
2025-04-27 07:00:00,,,,,,,
2025-04-27 08:00:00,,,,,,,
2025-04-27 09:00:00,,,,,,,
2025-04-27 10:00:00,,,,,,,
2025-04-27 11:00:00,,,,,,,
2025-04-27 12:00:00,,,,,,,
2025-04-27 13:00:00,,,,,,,
2025-04-27 14:00:00,,,,,,,
2025-04-27 15:00:00,,,,,,,
2025-04-27 16:00:00,,,,,,,
2025-04-27 17:00:00,,,,,,,
2025-04-27 18:00:00,,,,,,,
2025-04-27 19:00:00,,,,,,,
2025-04-27 20:00:00,,,,,,,
2025-04-27 21:00:00,,,,,,,
2025-04-27 22:00:00,,,,,,,
2025-04-27 23:00:00,,,,,,,
2025-04-28 00:00:00,,,,,,,
2025-04-28 01:00:00,,,,,,,
2025-04-28 02:00:00,,,,,,,
2025-04-28 03:00:00,,,,,,,
2025-04-28 04:00:00,,,,,,,
2025-04-28 05:00:00,,,,,,,
2025-04-28 06:00:00,,,,,,,
2025-04-28 07:00:00,,,,,,,
2025-04-28 08:00:00,,,,,,,
2025-04-28 09:00:00,,,,,,,
2025-04-28 10:00:00,,,,,,,
2025-04-28 11:00:00,,,,,,,
2025-04-28 12:00:00,,,,,,,
2025-04-28 13:00:00,,,,,,,
2025-04-28 14:00:00,,,,,,,
2025-04-28 15:00:00,,,,,,,
2025-04-28 16:00:00,,,,,,,
2025-04-28 17:00:00,,,,,,,
2025-04-28 18:00:00,,,,,,,
2025-04-28 19:00:00,,,,,,,
2025-04-28 20:00:00,,,,,,,
2025-04-28 21:00:00,,,,,,,
2025-04-28 22:00:00,,,,,,,
2025-04-28 23:00:00,,,,,,,
2025-04-29 00:00:00,,,,,,,
2025-04-29 01:00:00,,,,,,,
2025-04-29 02:00:00,,,,,,,
2025-04-29 03:00:00,,,,,,,
2025-04-29 04:00:00,,,,,,,
2025-04-29 05:00:00,,,,,,,
2025-04-29 06:00:00,,,,,,,
2025-04-29 07:00:00,,,,,,,
2025-04-29 08:00:00,,,,,,,
2025-04-29 09:00:00,,,,,,,
2025-04-29 10:00:00,,,,,,,
2025-04-29 11:00:00,,,,,,,
2025-04-29 12:00:00,,,,,,,
2025-04-29 13:00:00,,,,,,,
2025-04-29 14:00:00,,,,,,,
2025-04-29 15:00:00,,,,,,,
2025-04-29 16:00:00,,,,,,,
2025-04-29 17:00:00,,,,,,,
2025-04-29 18:00:00,,,,,,,
2025-04-29 19:00:00,,,,,,,
2025-04-29 20:00:00,,,,,,,
2025-04-29 21:00:00,,,,,,,
2025-04-29 22:00:00,,,,,,,
2025-04-29 23:00:00,,,,,,,
2025-04-30 00:00:00,,,,,,,
2025-04-30 01:00:00,,,,,,,
2025-04-30 02:00:00,,,,,,,
2025-04-30 03:00:00,,,,,,,
2025-04-30 04:00:00,,,,,,,
2025-04-30 05:00:00,,,,,,,
2025-04-30 06:00:00,,,,,,,
2025-04-30 07:00:00,,,,,,,
2025-04-30 08:00:00,,,,,,,
2025-04-30 09:00:00,,,,,,,
2025-04-30 10:00:00,,,,,,,
2025-04-30 11:00:00,,,,,,,
2025-04-30 12:00:00,,,,,,,
2025-04-30 13:00:00,,,,,,,
2025-04-30 14:00:00,,,,,,,
2025-04-30 15:00:00,,,,,,,
2025-04-30 16:00:00,,,,,,,
2025-04-30 17:00:00,,,,,,,
2025-04-30 18:00:00,,,,,,,
2025-04-30 19:00:00,,,,,,,
2025-04-30 20:00:00,,,,,,,
2025-04-30 21:00:00,,,,,,,
2025-04-30 22:00:00,,,,,,,
2025-04-30 23:00:00,,,,,,,
2025-05-01 00:00:00,,,,,,,
2025-05-01 01:00:00,,,,,,,
2025-05-01 02:00:00,,,,,,,
2025-05-01 03:00:00,,,,,,,
2025-05-01 04:00:00,,,,,,,
2025-05-01 05:00:00,,,,,,,
2025-05-01 06:00:00,,,,,,,
2025-05-01 07:00:00,,,,,,,
2025-05-01 08:00:00,,,,,,,
2025-05-01 09:00:00,,,,,,,
2025-05-01 10:00:00,,,,,,,
2025-05-01 11:00:00,,,,,,,
2025-05-01 12:00:00,,,,,,,
2025-05-01 13:00:00,,,,,,,
2025-05-01 14:00:00,,,,,,,
2025-05-01 15:00:00,,,,,,,
2025-05-01 16:00:00,,,,,,,
2025-05-01 17:00:00,,,,,,,
2025-05-01 18:00:00,,,,,,,
2025-05-01 19:00:00,,,,,,,
2025-05-01 20:00:00,,,,,,,
2025-05-01 21:00:00,,,,,,,
2025-05-01 22:00:00,,,,,,,
2025-05-01 23:00:00,,,,,,,
2025-05-02 00:00:00,,,,,,,
2025-05-02 01:00:00,,,,,,,
2025-05-02 02:00:00,,,,,,,
2025-05-02 03:00:00,,,,,,,
2025-05-02 04:00:00,,,,,,,
2025-05-02 05:00:00,,,,,,,
2025-05-02 06:00:00,,,,,,,
2025-05-02 07:00:00,,,,,,,
2025-05-02 08:00:00,,,,,,,
2025-05-02 09:00:00,,,,,,,
2025-05-02 10:00:00,,,,,,,
2025-05-02 11:00:00,,,,,,,
2025-05-02 12:00:00,,,,,,,
2025-05-02 13:00:00,,,,,,,
2025-05-02 14:00:00,,,,,,,
2025-05-02 15:00:00,,,,,,,
2025-05-02 16:00:00,,,,,,,
2025-05-02 17:00:00,,,,,,,
2025-05-02 18:00:00,,,,,,,
2025-05-02 19:00:00,,,,,,,
2025-05-02 20:00:00,,,,,,,
2025-05-02 21:00:00,,,,,,,
2025-05-02 22:00:00,,,,,,,
2025-05-02 23:00:00,,,,,,,
2025-05-03 00:00:00,,,,,,,
2025-05-03 01:00:00,,,,,,,
2025-05-03 02:00:00,,,,,,,
2025-05-03 03:00:00,,,,,,,
2025-05-03 04:00:00,,,,,,,
2025-05-03 05:00:00,,,,,,,
2025-05-03 06:00:00,,,,,,,
2025-05-03 07:00:00,,,,,,,
2025-05-03 08:00:00,,,,,,,
2025-05-03 09:00:00,,,,,,,
2025-05-03 10:00:00,,,,,,,
2025-05-03 11:00:00,,,,,,,
2025-05-03 12:00:00,,,,,,,
2025-05-03 13:00:00,,,,,,,
2025-05-03 14:00:00,,,,,,,
2025-05-03 15:00:00,,,,,,,
2025-05-03 16:00:00,,,,,,,
2025-05-03 17:00:00,,,,,,,
2025-05-03 18:00:00,,,,,,,
2025-05-03 19:00:00,,,,,,,
2025-05-03 20:00:00,,,,,,,
2025-05-03 21:00:00,,,,,,,
2025-05-03 22:00:00,,,,,,,
2025-05-03 23:00:00,,,,,,,
2025-05-04 00:00:00,,,,,,,
2025-05-04 01:00:00,,,,,,,
2025-05-04 02:00:00,,,,,,,
2025-05-04 03:00:00,,,,,,,
2025-05-04 04:00:00,,,,,,,
2025-05-04 05:00:00,,,,,,,
2025-05-04 06:00:00,,,,,,,
2025-05-04 07:00:00,,,,,,,
2025-05-04 08:00:00,,,,,,,
2025-05-04 09:00:00,,,,,,,
2025-05-04 10:00:00,,,,,,,
2025-05-04 11:00:00,,,,,,,
2025-05-04 12:00:00,,,,,,,
2025-05-04 13:00:00,,,,,,,
2025-05-04 14:00:00,,,,,,,
2025-05-04 15:00:00,,,,,,,
2025-05-04 16:00:00,,,,,,,
2025-05-04 17:00:00,,,,,,,
2025-05-04 18:00:00,,,,,,,
2025-05-04 19:00:00,,,,,,,
2025-05-04 20:00:00,,,,,,,
2025-05-04 21:00:00,,,,,,,
2025-05-04 22:00:00,,,,,,,
2025-05-04 23:00:00,,,,,,,
2025-05-05 00:00:00,,,,,,,
2025-05-05 01:00:00,,,,,,,
2025-05-05 02:00:00,,,,,,,
2025-05-05 03:00:00,,,,,,,
2025-05-05 04:00:00,,,,,,,
2025-05-05 05:00:00,,,,,,,
2025-05-05 06:00:00,,,,,,,
2025-05-05 07:00:00,,,,,,,
2025-05-05 08:00:00,,,,,,,
2025-05-05 09:00:00,,,,,,,
2025-05-05 10:00:00,,,,,,,
2025-05-05 11:00:00,,,,,,,
2025-05-05 12:00:00,,,,,,,
2025-05-05 13:00:00,,,,,,,
2025-05-05 14:00:00,,,,,,,
2025-05-05 15:00:00,,,,,,,
2025-05-05 16:00:00,,,,,,,
2025-05-05 17:00:00,,,,,,,
2025-05-05 18:00:00,,,,,,,
2025-05-05 19:00:00,,,,,,,
2025-05-05 20:00:00,,,,,,,
2025-05-05 21:00:00,,,,,,,
2025-05-05 22:00:00,,,,,,,
2025-05-05 23:00:00,,,,,,,
2025-05-06 00:00:00,1.6220358624833333,0.24330537935000002,0.0,-0.0015500016333333333,-0.0003100003666666667,-0.21201483348333336,
2025-05-06 01:00:00,1.6696698013666667,0.25045047021666667,0.0,-0.00159113425,-0.0003182268,-0.16487147315,
2025-05-06 02:00:00,1.6336073885,0.24504110828333334,0.0,-0.0013616239,-0.0002723247833333333,-0.26801253463333335,
2025-05-06 03:00:00,1.5452137240666666,0.2317820586,0.0,-0.0013016614166666666,-0.00026033226666666667,0.17218698624999998,
2025-05-06 04:00:00,1.5443469803666665,0.23165204713333332,0.0,-0.0016167772333333331,-0.00032335541666666666,0.4390374839333333,
2025-05-06 05:00:00,1.6725286956333332,0.25087930436666667,0.0,-0.0019019739666666668,-0.0003803948166666667,0.01012947156666667,
2025-05-06 06:00:00,2.74529070095,0.41179360508333335,0.0,-0.0013414237666666666,-0.00026828478333333335,-1.8195015897833333,
2025-05-06 07:00:00,1.4836592583333332,0.22254888866666667,0.044573424083333334,0.0006575313051666667,0.00013150628166666665,8.5426172117,
2025-05-06 08:00:00,1.2715816659499999,0.19073724981666668,0.23681716213333334,0.003946952733333333,0.0007893906,1.6910341691,
2025-05-06 09:00:00,1.3871300993166666,0.20806951493333334,0.46070496665,0.0076784160666666665,0.0015356832666666668,0.8070723554166667,
2025-05-06 10:00:00,1.4280460873333332,0.21420691311666668,0.6499329188166667,0.010832215233333333,0.0021664430666666666,0.40923677266666664,
2025-05-06 11:00:00,1.44022842185,0.21603426328333333,0.7653161593,0.012755269366666665,0.0025510538666666666,0.16319591358333335,
2025-05-06 12:00:00,1.4387917040333333,0.21581875558333333,0.7975698820333333,0.013292831350000001,0.0026585663,-0.014767168133333335,
2025-05-06 13:00:00,1.4332876823166667,0.21499315236666666,0.75241280365,0.012540213416666666,0.00250804265,-0.18084854956666666,
2025-05-06 14:00:00,1.4288976691333335,0.21433465038333335,0.6356960381666668,0.010594934016666667,0.002118986816666667,-0.39631974463333336,
2025-05-06 15:00:00,1.4236795214333333,0.21355192821666666,0.45653486748333333,0.007608914499999999,0.0015217829333333333,-0.7523258528166666,
2025-05-06 16:00:00,1.3986553981333332,0.20979830981666667,0.24226192671666666,0.004037698833333333,0.0008075397833333333,-1.5631639727,
2025-05-06 17:00:00,2.0537333252833334,0.3080599988166667,0.04746900315,0.000705130705,0.00014102619183333333,3.061953530816667,
2025-05-06 18:00:00,1.6813895709833333,0.2522084356666667,0.0,-0.0015407459833333334,-0.00030814916666666665,2.11145629065,
2025-05-06 19:00:00,1.5454094072,0.23181141105,0.0,-0.0023615834,-0.00047231663333333334,0.14743316298333334,
2025-05-06 20:00:00,1.4785170919833335,0.22177756378333333,0.0,-0.0021682873,-0.0004336574666666667,-0.32940583651666666,
2025-05-06 21:00:00,1.4126824169,0.2119023626,0.0,-0.0017968254666666666,-0.0003593651,-0.19248137201666668,
2025-05-06 22:00:00,1.4154643209166666,0.21231964811666665,0.0,-0.0018639929166666667,-0.00037279863333333335,0.2945794924833333,
2025-05-06 23:00:00,1.4863770283833333,0.22295655425,0.0,-0.002359243066666667,-0.00047184866666666667,0.4064986331666667,
2025-05-07 00:00:00,,,,,,,
2025-05-07 01:00:00,,,,,,,
2025-05-07 02:00:00,,,,,,,
2025-05-07 03:00:00,,,,,,,
2025-05-07 04:00:00,,,,,,,
2025-05-07 05:00:00,,,,,,,
2025-05-07 06:00:00,,,,,,,
2025-05-07 07:00:00,,,,,,,
2025-05-07 08:00:00,,,,,,,
2025-05-07 09:00:00,,,,,,,
2025-05-07 10:00:00,,,,,,,
2025-05-07 11:00:00,,,,,,,
2025-05-07 12:00:00,,,,,,,
2025-05-07 13:00:00,,,,,,,
2025-05-07 14:00:00,,,,,,,
2025-05-07 15:00:00,,,,,,,
2025-05-07 16:00:00,,,,,,,
2025-05-07 17:00:00,,,,,,,
2025-05-07 18:00:00,,,,,,,
2025-05-07 19:00:00,,,,,,,
2025-05-07 20:00:00,,,,,,,
2025-05-07 21:00:00,,,,,,,
2025-05-07 22:00:00,,,,,,,
2025-05-07 23:00:00,,,,,,,
2025-05-08 00:00:00,,,,,,,
2025-05-08 01:00:00,,,,,,,
2025-05-08 02:00:00,,,,,,,
2025-05-08 03:00:00,,,,,,,
2025-05-08 04:00:00,,,,,,,
2025-05-08 05:00:00,,,,,,,
2025-05-08 06:00:00,,,,,,,
2025-05-08 07:00:00,,,,,,,
2025-05-08 08:00:00,,,,,,,
2025-05-08 09:00:00,,,,,,,
2025-05-08 10:00:00,,,,,,,
2025-05-08 11:00:00,,,,,,,
2025-05-08 12:00:00,,,,,,,
2025-05-08 13:00:00,,,,,,,
2025-05-08 14:00:00,,,,,,,
2025-05-08 15:00:00,,,,,,,
2025-05-08 16:00:00,,,,,,,
2025-05-08 17:00:00,,,,,,,
2025-05-08 18:00:00,,,,,,,
2025-05-08 19:00:00,,,,,,,
2025-05-08 20:00:00,,,,,,,
2025-05-08 21:00:00,,,,,,,
2025-05-08 22:00:00,,,,,,,
2025-05-08 23:00:00,,,,,,,
2025-05-09 00:00:00,,,,,,,
2025-05-09 01:00:00,,,,,,,
2025-05-09 02:00:00,,,,,,,
2025-05-09 03:00:00,,,,,,,
2025-05-09 04:00:00,,,,,,,
2025-05-09 05:00:00,,,,,,,
2025-05-09 06:00:00,,,,,,,
2025-05-09 07:00:00,,,,,,,
2025-05-09 08:00:00,,,,,,,
2025-05-09 09:00:00,,,,,,,
2025-05-09 10:00:00,,,,,,,
2025-05-09 11:00:00,,,,,,,
2025-05-09 12:00:00,,,,,,,
2025-05-09 13:00:00,,,,,,,
2025-05-09 14:00:00,,,,,,,
2025-05-09 15:00:00,,,,,,,
2025-05-09 16:00:00,,,,,,,
2025-05-09 17:00:00,,,,,,,
2025-05-09 18:00:00,,,,,,,
2025-05-09 19:00:00,,,,,,,
2025-05-09 20:00:00,,,,,,,
2025-05-09 21:00:00,,,,,,,
2025-05-09 22:00:00,,,,,,,
2025-05-09 23:00:00,,,,,,,
2025-05-10 00:00:00,,,,,,,
2025-05-10 01:00:00,,,,,,,
2025-05-10 02:00:00,,,,,,,
2025-05-10 03:00:00,,,,,,,
2025-05-10 04:00:00,,,,,,,
2025-05-10 05:00:00,,,,,,,
2025-05-10 06:00:00,,,,,,,
2025-05-10 07:00:00,,,,,,,
2025-05-10 08:00:00,,,,,,,
2025-05-10 09:00:00,,,,,,,
2025-05-10 10:00:00,,,,,,,
2025-05-10 11:00:00,,,,,,,
2025-05-10 12:00:00,,,,,,,
2025-05-10 13:00:00,,,,,,,
2025-05-10 14:00:00,,,,,,,
2025-05-10 15:00:00,,,,,,,
2025-05-10 16:00:00,,,,,,,
2025-05-10 17:00:00,,,,,,,
2025-05-10 18:00:00,,,,,,,
2025-05-10 19:00:00,,,,,,,
2025-05-10 20:00:00,,,,,,,
2025-05-10 21:00:00,,,,,,,
2025-05-10 22:00:00,,,,,,,
2025-05-10 23:00:00,,,,,,,
2025-05-11 00:00:00,,,,,,,
2025-05-11 01:00:00,,,,,,,
2025-05-11 02:00:00,,,,,,,
2025-05-11 03:00:00,,,,,,,
2025-05-11 04:00:00,,,,,,,
2025-05-11 05:00:00,,,,,,,
2025-05-11 06:00:00,,,,,,,
2025-05-11 07:00:00,,,,,,,
2025-05-11 08:00:00,,,,,,,
2025-05-11 09:00:00,,,,,,,
2025-05-11 10:00:00,,,,,,,
2025-05-11 11:00:00,,,,,,,
2025-05-11 12:00:00,,,,,,,
2025-05-11 13:00:00,,,,,,,
2025-05-11 14:00:00,,,,,,,
2025-05-11 15:00:00,,,,,,,
2025-05-11 16:00:00,,,,,,,
2025-05-11 17:00:00,,,,,,,
2025-05-11 18:00:00,,,,,,,
2025-05-11 19:00:00,,,,,,,
2025-05-11 20:00:00,,,,,,,
2025-05-11 21:00:00,,,,,,,
2025-05-11 22:00:00,,,,,,,
2025-05-11 23:00:00,,,,,,,
2025-05-12 00:00:00,,,,,,,
2025-05-12 01:00:00,,,,,,,
2025-05-12 02:00:00,,,,,,,
2025-05-12 03:00:00,,,,,,,
2025-05-12 04:00:00,,,,,,,
2025-05-12 05:00:00,,,,,,,
2025-05-12 06:00:00,,,,,,,
2025-05-12 07:00:00,,,,,,,
2025-05-12 08:00:00,,,,,,,
2025-05-12 09:00:00,,,,,,,
2025-05-12 10:00:00,,,,,,,
2025-05-12 11:00:00,,,,,,,
2025-05-12 12:00:00,,,,,,,
2025-05-12 13:00:00,,,,,,,
2025-05-12 14:00:00,,,,,,,
2025-05-12 15:00:00,,,,,,,
2025-05-12 16:00:00,,,,,,,
2025-05-12 17:00:00,,,,,,,
2025-05-12 18:00:00,,,,,,,
2025-05-12 19:00:00,,,,,,,
2025-05-12 20:00:00,,,,,,,
2025-05-12 21:00:00,,,,,,,
2025-05-12 22:00:00,,,,,,,
2025-05-12 23:00:00,,,,,,,
2025-05-13 00:00:00,,,,,,,
2025-05-13 01:00:00,,,,,,,
2025-05-13 02:00:00,,,,,,,
2025-05-13 03:00:00,,,,,,,
2025-05-13 04:00:00,,,,,,,
2025-05-13 05:00:00,,,,,,,
2025-05-13 06:00:00,,,,,,,
2025-05-13 07:00:00,,,,,,,
2025-05-13 08:00:00,,,,,,,
2025-05-13 09:00:00,,,,,,,
2025-05-13 10:00:00,,,,,,,
2025-05-13 11:00:00,,,,,,,
2025-05-13 12:00:00,,,,,,,
2025-05-13 13:00:00,,,,,,,
2025-05-13 14:00:00,,,,,,,
2025-05-13 15:00:00,,,,,,,
2025-05-13 16:00:00,,,,,,,
2025-05-13 17:00:00,,,,,,,
2025-05-13 18:00:00,,,,,,,
2025-05-13 19:00:00,,,,,,,
2025-05-13 20:00:00,,,,,,,
2025-05-13 21:00:00,,,,,,,
2025-05-13 22:00:00,,,,,,,
2025-05-13 23:00:00,,,,,,,
2025-05-14 00:00:00,,,,,,,
2025-05-14 01:00:00,,,,,,,
2025-05-14 02:00:00,,,,,,,
2025-05-14 03:00:00,,,,,,,
2025-05-14 04:00:00,,,,,,,
2025-05-14 05:00:00,,,,,,,
2025-05-14 06:00:00,,,,,,,
2025-05-14 07:00:00,,,,,,,
2025-05-14 08:00:00,,,,,,,
2025-05-14 09:00:00,,,,,,,
2025-05-14 10:00:00,,,,,,,
2025-05-14 11:00:00,,,,,,,
2025-05-14 12:00:00,,,,,,,
2025-05-14 13:00:00,,,,,,,
2025-05-14 14:00:00,,,,,,,
2025-05-14 15:00:00,,,,,,,
2025-05-14 16:00:00,,,,,,,
2025-05-14 17:00:00,,,,,,,
2025-05-14 18:00:00,,,,,,,
2025-05-14 19:00:00,,,,,,,
2025-05-14 20:00:00,,,,,,,
2025-05-14 21:00:00,,,,,,,
2025-05-14 22:00:00,,,,,,,
2025-05-14 23:00:00,,,,,,,
2025-05-15 00:00:00,,,,,,,
2025-05-15 01:00:00,,,,,,,
2025-05-15 02:00:00,,,,,,,
2025-05-15 03:00:00,,,,,,,
2025-05-15 04:00:00,,,,,,,
2025-05-15 05:00:00,,,,,,,
2025-05-15 06:00:00,,,,,,,
2025-05-15 07:00:00,,,,,,,
2025-05-15 08:00:00,,,,,,,
2025-05-15 09:00:00,,,,,,,
2025-05-15 10:00:00,,,,,,,
2025-05-15 11:00:00,,,,,,,
2025-05-15 12:00:00,,,,,,,
2025-05-15 13:00:00,,,,,,,
2025-05-15 14:00:00,,,,,,,
2025-05-15 15:00:00,,,,,,,
2025-05-15 16:00:00,,,,,,,
2025-05-15 17:00:00,,,,,,,
2025-05-15 18:00:00,,,,,,,
2025-05-15 19:00:00,,,,,,,
2025-05-15 20:00:00,,,,,,,
2025-05-15 21:00:00,,,,,,,
2025-05-15 22:00:00,,,,,,,
2025-05-15 23:00:00,,,,,,,
2025-05-16 00:00:00,,,,,,,
2025-05-16 01:00:00,,,,,,,
2025-05-16 02:00:00,,,,,,,
2025-05-16 03:00:00,,,,,,,
2025-05-16 04:00:00,,,,,,,
2025-05-16 05:00:00,,,,,,,
2025-05-16 06:00:00,,,,,,,
2025-05-16 07:00:00,,,,,,,
2025-05-16 08:00:00,,,,,,,
2025-05-16 09:00:00,,,,,,,
2025-05-16 10:00:00,,,,,,,
2025-05-16 11:00:00,,,,,,,
2025-05-16 12:00:00,,,,,,,
2025-05-16 13:00:00,,,,,,,
2025-05-16 14:00:00,,,,,,,
2025-05-16 15:00:00,,,,,,,
2025-05-16 16:00:00,,,,,,,
2025-05-16 17:00:00,,,,,,,
2025-05-16 18:00:00,,,,,,,
2025-05-16 19:00:00,,,,,,,
2025-05-16 20:00:00,,,,,,,
2025-05-16 21:00:00,,,,,,,
2025-05-16 22:00:00,,,,,,,
2025-05-16 23:00:00,,,,,,,
2025-05-17 00:00:00,,,,,,,
2025-05-17 01:00:00,,,,,,,
2025-05-17 02:00:00,,,,,,,
2025-05-17 03:00:00,,,,,,,
2025-05-17 04:00:00,,,,,,,
2025-05-17 05:00:00,,,,,,,
2025-05-17 06:00:00,,,,,,,
2025-05-17 07:00:00,,,,,,,
2025-05-17 08:00:00,,,,,,,
2025-05-17 09:00:00,,,,,,,
2025-05-17 10:00:00,,,,,,,
2025-05-17 11:00:00,,,,,,,
2025-05-17 12:00:00,,,,,,,
2025-05-17 13:00:00,,,,,,,
2025-05-17 14:00:00,,,,,,,
2025-05-17 15:00:00,,,,,,,
2025-05-17 16:00:00,,,,,,,
2025-05-17 17:00:00,,,,,,,
2025-05-17 18:00:00,,,,,,,
2025-05-17 19:00:00,,,,,,,
2025-05-17 20:00:00,,,,,,,
2025-05-17 21:00:00,,,,,,,
2025-05-17 22:00:00,,,,,,,
2025-05-17 23:00:00,,,,,,,
2025-05-18 00:00:00,,,,,,,
2025-05-18 01:00:00,,,,,,,
2025-05-18 02:00:00,,,,,,,
2025-05-18 03:00:00,,,,,,,
2025-05-18 04:00:00,,,,,,,
2025-05-18 05:00:00,,,,,,,
2025-05-18 06:00:00,,,,,,,
2025-05-18 07:00:00,,,,,,,
2025-05-18 08:00:00,,,,,,,
2025-05-18 09:00:00,,,,,,,
2025-05-18 10:00:00,,,,,,,
2025-05-18 11:00:00,,,,,,,
2025-05-18 12:00:00,,,,,,,
2025-05-18 13:00:00,,,,,,,
2025-05-18 14:00:00,,,,,,,
2025-05-18 15:00:00,,,,,,,
2025-05-18 16:00:00,,,,,,,
2025-05-18 17:00:00,,,,,,,
2025-05-18 18:00:00,,,,,,,
2025-05-18 19:00:00,,,,,,,
2025-05-18 20:00:00,,,,,,,
2025-05-18 21:00:00,,,,,,,
2025-05-18 22:00:00,,,,,,,
2025-05-18 23:00:00,,,,,,,
2025-05-19 00:00:00,,,,,,,
2025-05-19 01:00:00,,,,,,,
2025-05-19 02:00:00,,,,,,,
2025-05-19 03:00:00,,,,,,,
2025-05-19 04:00:00,,,,,,,
2025-05-19 05:00:00,,,,,,,
2025-05-19 06:00:00,,,,,,,
2025-05-19 07:00:00,,,,,,,
2025-05-19 08:00:00,,,,,,,
2025-05-19 09:00:00,,,,,,,
2025-05-19 10:00:00,,,,,,,
2025-05-19 11:00:00,,,,,,,
2025-05-19 12:00:00,,,,,,,
2025-05-19 13:00:00,,,,,,,
2025-05-19 14:00:00,,,,,,,
2025-05-19 15:00:00,,,,,,,
2025-05-19 16:00:00,,,,,,,
2025-05-19 17:00:00,,,,,,,
2025-05-19 18:00:00,,,,,,,
2025-05-19 19:00:00,,,,,,,
2025-05-19 20:00:00,,,,,,,
2025-05-19 21:00:00,,,,,,,
2025-05-19 22:00:00,,,,,,,
2025-05-19 23:00:00,,,,,,,
2025-05-20 00:00:00,,,,,,,
2025-05-20 01:00:00,,,,,,,
2025-05-20 02:00:00,,,,,,,
2025-05-20 03:00:00,,,,,,,
2025-05-20 04:00:00,,,,,,,
2025-05-20 05:00:00,,,,,,,
2025-05-20 06:00:00,,,,,,,
2025-05-20 07:00:00,,,,,,,
2025-05-20 08:00:00,,,,,,,
2025-05-20 09:00:00,,,,,,,
2025-05-20 10:00:00,,,,,,,
2025-05-20 11:00:00,,,,,,,
2025-05-20 12:00:00,,,,,,,
2025-05-20 13:00:00,,,,,,,
2025-05-20 14:00:00,,,,,,,
2025-05-20 15:00:00,,,,,,,
2025-05-20 16:00:00,,,,,,,
2025-05-20 17:00:00,,,,,,,
2025-05-20 18:00:00,,,,,,,
2025-05-20 19:00:00,,,,,,,
2025-05-20 20:00:00,,,,,,,
2025-05-20 21:00:00,,,,,,,
2025-05-20 22:00:00,,,,,,,
2025-05-20 23:00:00,,,,,,,
2025-05-21 00:00:00,,,,,,,
2025-05-21 01:00:00,,,,,,,
2025-05-21 02:00:00,,,,,,,
2025-05-21 03:00:00,,,,,,,
2025-05-21 04:00:00,,,,,,,
2025-05-21 05:00:00,,,,,,,
2025-05-21 06:00:00,,,,,,,
2025-05-21 07:00:00,,,,,,,
2025-05-21 08:00:00,,,,,,,
2025-05-21 09:00:00,,,,,,,
2025-05-21 10:00:00,,,,,,,
2025-05-21 11:00:00,,,,,,,
2025-05-21 12:00:00,,,,,,,
2025-05-21 13:00:00,,,,,,,
2025-05-21 14:00:00,,,,,,,
2025-05-21 15:00:00,,,,,,,
2025-05-21 16:00:00,,,,,,,
2025-05-21 17:00:00,,,,,,,
2025-05-21 18:00:00,,,,,,,
2025-05-21 19:00:00,,,,,,,
2025-05-21 20:00:00,,,,,,,
2025-05-21 21:00:00,,,,,,,
2025-05-21 22:00:00,,,,,,,
2025-05-21 23:00:00,,,,,,,
2025-05-22 00:00:00,,,,,,,
2025-05-22 01:00:00,,,,,,,
2025-05-22 02:00:00,,,,,,,
2025-05-22 03:00:00,,,,,,,
2025-05-22 04:00:00,,,,,,,
2025-05-22 05:00:00,,,,,,,
2025-05-22 06:00:00,,,,,,,
2025-05-22 07:00:00,,,,,,,
2025-05-22 08:00:00,,,,,,,
2025-05-22 09:00:00,,,,,,,
2025-05-22 10:00:00,,,,,,,
2025-05-22 11:00:00,,,,,,,
2025-05-22 12:00:00,,,,,,,
2025-05-22 13:00:00,,,,,,,
2025-05-22 14:00:00,,,,,,,
2025-05-22 15:00:00,,,,,,,
2025-05-22 16:00:00,,,,,,,
2025-05-22 17:00:00,,,,,,,
2025-05-22 18:00:00,,,,,,,
2025-05-22 19:00:00,,,,,,,
2025-05-22 20:00:00,,,,,,,
2025-05-22 21:00:00,,,,,,,
2025-05-22 22:00:00,,,,,,,
2025-05-22 23:00:00,,,,,,,
2025-05-23 00:00:00,,,,,,,
2025-05-23 01:00:00,,,,,,,
2025-05-23 02:00:00,,,,,,,
2025-05-23 03:00:00,,,,,,,
2025-05-23 04:00:00,,,,,,,
2025-05-23 05:00:00,,,,,,,
2025-05-23 06:00:00,,,,,,,
2025-05-23 07:00:00,,,,,,,
2025-05-23 08:00:00,,,,,,,
2025-05-23 09:00:00,,,,,,,
2025-05-23 10:00:00,,,,,,,
2025-05-23 11:00:00,,,,,,,
2025-05-23 12:00:00,,,,,,,
2025-05-23 13:00:00,,,,,,,
2025-05-23 14:00:00,,,,,,,
2025-05-23 15:00:00,,,,,,,
2025-05-23 16:00:00,,,,,,,
2025-05-23 17:00:00,,,,,,,
2025-05-23 18:00:00,,,,,,,
2025-05-23 19:00:00,,,,,,,
2025-05-23 20:00:00,,,,,,,
2025-05-23 21:00:00,,,,,,,
2025-05-23 22:00:00,,,,,,,
2025-05-23 23:00:00,,,,,,,
2025-05-24 00:00:00,,,,,,,
2025-05-24 01:00:00,,,,,,,
2025-05-24 02:00:00,,,,,,,
2025-05-24 03:00:00,,,,,,,
2025-05-24 04:00:00,,,,,,,
2025-05-24 05:00:00,,,,,,,
2025-05-24 06:00:00,,,,,,,
2025-05-24 07:00:00,,,,,,,
2025-05-24 08:00:00,,,,,,,
2025-05-24 09:00:00,,,,,,,
2025-05-24 10:00:00,,,,,,,
2025-05-24 11:00:00,,,,,,,
2025-05-24 12:00:00,,,,,,,
2025-05-24 13:00:00,,,,,,,
2025-05-24 14:00:00,,,,,,,
2025-05-24 15:00:00,,,,,,,
2025-05-24 16:00:00,,,,,,,
2025-05-24 17:00:00,,,,,,,
2025-05-24 18:00:00,,,,,,,
2025-05-24 19:00:00,,,,,,,
2025-05-24 20:00:00,,,,,,,
2025-05-24 21:00:00,,,,,,,
2025-05-24 22:00:00,,,,,,,
2025-05-24 23:00:00,,,,,,,
2025-05-25 00:00:00,,,,,,,
2025-05-25 01:00:00,,,,,,,
2025-05-25 02:00:00,,,,,,,
2025-05-25 03:00:00,,,,,,,
2025-05-25 04:00:00,,,,,,,
2025-05-25 05:00:00,,,,,,,
2025-05-25 06:00:00,,,,,,,
2025-05-25 07:00:00,,,,,,,
2025-05-25 08:00:00,,,,,,,
2025-05-25 09:00:00,,,,,,,
2025-05-25 10:00:00,,,,,,,
2025-05-25 11:00:00,,,,,,,
2025-05-25 12:00:00,,,,,,,
2025-05-25 13:00:00,,,,,,,
2025-05-25 14:00:00,,,,,,,
2025-05-25 15:00:00,,,,,,,
2025-05-25 16:00:00,,,,,,,
2025-05-25 17:00:00,,,,,,,
2025-05-25 18:00:00,,,,,,,
2025-05-25 19:00:00,,,,,,,
2025-05-25 20:00:00,,,,,,,
2025-05-25 21:00:00,,,,,,,
2025-05-25 22:00:00,,,,,,,
2025-05-25 23:00:00,,,,,,,
2025-05-26 00:00:00,,,,,,,
2025-05-26 01:00:00,,,,,,,
2025-05-26 02:00:00,,,,,,,
2025-05-26 03:00:00,,,,,,,
2025-05-26 04:00:00,,,,,,,
2025-05-26 05:00:00,,,,,,,
2025-05-26 06:00:00,,,,,,,
2025-05-26 07:00:00,,,,,,,
2025-05-26 08:00:00,,,,,,,
2025-05-26 09:00:00,,,,,,,
2025-05-26 10:00:00,,,,,,,
2025-05-26 11:00:00,,,,,,,
2025-05-26 12:00:00,,,,,,,
2025-05-26 13:00:00,,,,,,,
2025-05-26 14:00:00,,,,,,,
2025-05-26 15:00:00,,,,,,,
2025-05-26 16:00:00,,,,,,,
2025-05-26 17:00:00,,,,,,,
2025-05-26 18:00:00,,,,,,,
2025-05-26 19:00:00,,,,,,,
2025-05-26 20:00:00,,,,,,,
2025-05-26 21:00:00,,,,,,,
2025-05-26 22:00:00,,,,,,,
2025-05-26 23:00:00,,,,,,,
2025-05-27 00:00:00,,,,,,,
2025-05-27 01:00:00,,,,,,,
2025-05-27 02:00:00,,,,,,,
2025-05-27 03:00:00,,,,,,,
2025-05-27 04:00:00,,,,,,,
2025-05-27 05:00:00,,,,,,,
2025-05-27 06:00:00,,,,,,,
2025-05-27 07:00:00,,,,,,,
2025-05-27 08:00:00,,,,,,,
2025-05-27 09:00:00,,,,,,,
2025-05-27 10:00:00,,,,,,,
2025-05-27 11:00:00,,,,,,,
2025-05-27 12:00:00,,,,,,,
2025-05-27 13:00:00,,,,,,,
2025-05-27 14:00:00,,,,,,,
2025-05-27 15:00:00,,,,,,,
2025-05-27 16:00:00,,,,,,,
2025-05-27 17:00:00,,,,,,,
2025-05-27 18:00:00,,,,,,,
2025-05-27 19:00:00,,,,,,,
2025-05-27 20:00:00,,,,,,,
2025-05-27 21:00:00,,,,,,,
2025-05-27 22:00:00,,,,,,,
2025-05-27 23:00:00,,,,,,,
2025-05-28 00:00:00,,,,,,,
2025-05-28 01:00:00,,,,,,,
2025-05-28 02:00:00,,,,,,,
2025-05-28 03:00:00,,,,,,,
2025-05-28 04:00:00,,,,,,,
2025-05-28 05:00:00,,,,,,,
2025-05-28 06:00:00,,,,,,,
2025-05-28 07:00:00,,,,,,,
2025-05-28 08:00:00,,,,,,,
2025-05-28 09:00:00,,,,,,,
2025-05-28 10:00:00,,,,,,,
2025-05-28 11:00:00,,,,,,,
2025-05-28 12:00:00,,,,,,,
2025-05-28 13:00:00,,,,,,,
2025-05-28 14:00:00,,,,,,,
2025-05-28 15:00:00,,,,,,,
2025-05-28 16:00:00,,,,,,,
2025-05-28 17:00:00,,,,,,,
2025-05-28 18:00:00,,,,,,,
2025-05-28 19:00:00,,,,,,,
2025-05-28 20:00:00,,,,,,,
2025-05-28 21:00:00,,,,,,,
2025-05-28 22:00:00,,,,,,,
2025-05-28 23:00:00,,,,,,,
2025-05-29 00:00:00,,,,,,,
2025-05-29 01:00:00,,,,,,,
2025-05-29 02:00:00,,,,,,,
2025-05-29 03:00:00,,,,,,,
2025-05-29 04:00:00,,,,,,,
2025-05-29 05:00:00,,,,,,,
2025-05-29 06:00:00,,,,,,,
2025-05-29 07:00:00,,,,,,,
2025-05-29 08:00:00,,,,,,,
2025-05-29 09:00:00,,,,,,,
2025-05-29 10:00:00,,,,,,,
2025-05-29 11:00:00,,,,,,,
2025-05-29 12:00:00,,,,,,,
2025-05-29 13:00:00,,,,,,,
2025-05-29 14:00:00,,,,,,,
2025-05-29 15:00:00,,,,,,,
2025-05-29 16:00:00,,,,,,,
2025-05-29 17:00:00,,,,,,,
2025-05-29 18:00:00,,,,,,,
2025-05-29 19:00:00,,,,,,,
2025-05-29 20:00:00,,,,,,,
2025-05-29 21:00:00,,,,,,,
2025-05-29 22:00:00,,,,,,,
2025-05-29 23:00:00,,,,,,,
2025-05-30 00:00:00,,,,,,,
2025-05-30 01:00:00,,,,,,,
2025-05-30 02:00:00,,,,,,,
2025-05-30 03:00:00,,,,,,,
2025-05-30 04:00:00,,,,,,,
2025-05-30 05:00:00,,,,,,,
2025-05-30 06:00:00,,,,,,,
2025-05-30 07:00:00,,,,,,,
2025-05-30 08:00:00,,,,,,,
2025-05-30 09:00:00,,,,,,,
2025-05-30 10:00:00,,,,,,,
2025-05-30 11:00:00,,,,,,,
2025-05-30 12:00:00,,,,,,,
2025-05-30 13:00:00,,,,,,,
2025-05-30 14:00:00,,,,,,,
2025-05-30 15:00:00,,,,,,,
2025-05-30 16:00:00,,,,,,,
2025-05-30 17:00:00,,,,,,,
2025-05-30 18:00:00,,,,,,,
2025-05-30 19:00:00,,,,,,,
2025-05-30 20:00:00,,,,,,,
2025-05-30 21:00:00,,,,,,,
2025-05-30 22:00:00,,,,,,,
2025-05-30 23:00:00,,,,,,,
2025-05-31 00:00:00,,,,,,,
2025-05-31 01:00:00,,,,,,,
2025-05-31 02:00:00,,,,,,,
2025-05-31 03:00:00,,,,,,,
2025-05-31 04:00:00,,,,,,,
2025-05-31 05:00:00,,,,,,,
2025-05-31 06:00:00,,,,,,,
2025-05-31 07:00:00,,,,,,,
2025-05-31 08:00:00,,,,,,,
2025-05-31 09:00:00,,,,,,,
2025-05-31 10:00:00,,,,,,,
2025-05-31 11:00:00,,,,,,,
2025-05-31 12:00:00,,,,,,,
2025-05-31 13:00:00,,,,,,,
2025-05-31 14:00:00,,,,,,,
2025-05-31 15:00:00,,,,,,,
2025-05-31 16:00:00,,,,,,,
2025-05-31 17:00:00,,,,,,,
2025-05-31 18:00:00,,,,,,,
2025-05-31 19:00:00,,,,,,,
2025-05-31 20:00:00,,,,,,,
2025-05-31 21:00:00,,,,,,,
2025-05-31 22:00:00,,,,,,,
2025-05-31 23:00:00,,,,,,,
2025-06-01 00:00:00,,,,,,,
2025-06-01 01:00:00,,,,,,,
2025-06-01 02:00:00,,,,,,,
2025-06-01 03:00:00,,,,,,,
2025-06-01 04:00:00,,,,,,,
2025-06-01 05:00:00,,,,,,,
2025-06-01 06:00:00,,,,,,,
2025-06-01 07:00:00,,,,,,,
2025-06-01 08:00:00,,,,,,,
2025-06-01 09:00:00,,,,,,,
2025-06-01 10:00:00,,,,,,,
2025-06-01 11:00:00,,,,,,,
2025-06-01 12:00:00,,,,,,,
2025-06-01 13:00:00,,,,,,,
2025-06-01 14:00:00,,,,,,,
2025-06-01 15:00:00,,,,,,,
2025-06-01 16:00:00,,,,,,,
2025-06-01 17:00:00,,,,,,,
2025-06-01 18:00:00,,,,,,,
2025-06-01 19:00:00,,,,,,,
2025-06-01 20:00:00,,,,,,,
2025-06-01 21:00:00,,,,,,,
2025-06-01 22:00:00,,,,,,,
2025-06-01 23:00:00,,,,,,,
2025-06-02 00:00:00,,,,,,,
2025-06-02 01:00:00,,,,,,,
2025-06-02 02:00:00,,,,,,,
2025-06-02 03:00:00,,,,,,,
2025-06-02 04:00:00,,,,,,,
2025-06-02 05:00:00,,,,,,,
2025-06-02 06:00:00,,,,,,,
2025-06-02 07:00:00,,,,,,,
2025-06-02 08:00:00,,,,,,,
2025-06-02 09:00:00,,,,,,,
2025-06-02 10:00:00,,,,,,,
2025-06-02 11:00:00,,,,,,,
2025-06-02 12:00:00,,,,,,,
2025-06-02 13:00:00,,,,,,,
2025-06-02 14:00:00,,,,,,,
2025-06-02 15:00:00,,,,,,,
2025-06-02 16:00:00,,,,,,,
2025-06-02 17:00:00,,,,,,,
2025-06-02 18:00:00,,,,,,,
2025-06-02 19:00:00,,,,,,,
2025-06-02 20:00:00,,,,,,,
2025-06-02 21:00:00,,,,,,,
2025-06-02 22:00:00,,,,,,,
2025-06-02 23:00:00,,,,,,,
2025-06-03 00:00:00,,,,,,,
2025-06-03 01:00:00,,,,,,,
2025-06-03 02:00:00,,,,,,,
2025-06-03 03:00:00,,,,,,,
2025-06-03 04:00:00,,,,,,,
2025-06-03 05:00:00,,,,,,,
2025-06-03 06:00:00,,,,,,,
2025-06-03 07:00:00,,,,,,,
2025-06-03 08:00:00,,,,,,,
2025-06-03 09:00:00,,,,,,,
2025-06-03 10:00:00,,,,,,,
2025-06-03 11:00:00,,,,,,,
2025-06-03 12:00:00,,,,,,,
2025-06-03 13:00:00,,,,,,,
2025-06-03 14:00:00,,,,,,,
2025-06-03 15:00:00,,,,,,,
2025-06-03 16:00:00,,,,,,,
2025-06-03 17:00:00,,,,,,,
2025-06-03 18:00:00,,,,,,,
2025-06-03 19:00:00,,,,,,,
2025-06-03 20:00:00,,,,,,,
2025-06-03 21:00:00,,,,,,,
2025-06-03 22:00:00,,,,,,,
2025-06-03 23:00:00,,,,,,,
2025-06-04 00:00:00,,,,,,,
2025-06-04 01:00:00,,,,,,,
2025-06-04 02:00:00,,,,,,,
2025-06-04 03:00:00,,,,,,,
2025-06-04 04:00:00,,,,,,,
2025-06-04 05:00:00,,,,,,,
2025-06-04 06:00:00,,,,,,,
2025-06-04 07:00:00,,,,,,,
2025-06-04 08:00:00,,,,,,,
2025-06-04 09:00:00,,,,,,,
2025-06-04 10:00:00,,,,,,,
2025-06-04 11:00:00,,,,,,,
2025-06-04 12:00:00,,,,,,,
2025-06-04 13:00:00,,,,,,,
2025-06-04 14:00:00,,,,,,,
2025-06-04 15:00:00,,,,,,,
2025-06-04 16:00:00,,,,,,,
2025-06-04 17:00:00,,,,,,,
2025-06-04 18:00:00,,,,,,,
2025-06-04 19:00:00,,,,,,,
2025-06-04 20:00:00,,,,,,,
2025-06-04 21:00:00,,,,,,,
2025-06-04 22:00:00,,,,,,,
2025-06-04 23:00:00,,,,,,,
2025-06-05 00:00:00,,,,,,,
2025-06-05 01:00:00,,,,,,,
2025-06-05 02:00:00,,,,,,,
2025-06-05 03:00:00,,,,,,,
2025-06-05 04:00:00,,,,,,,
2025-06-05 05:00:00,,,,,,,
2025-06-05 06:00:00,,,,,,,
2025-06-05 07:00:00,,,,,,,
2025-06-05 08:00:00,,,,,,,
2025-06-05 09:00:00,,,,,,,
2025-06-05 10:00:00,,,,,,,
2025-06-05 11:00:00,,,,,,,
2025-06-05 12:00:00,,,,,,,
2025-06-05 13:00:00,,,,,,,
2025-06-05 14:00:00,,,,,,,
2025-06-05 15:00:00,,,,,,,
2025-06-05 16:00:00,,,,,,,
2025-06-05 17:00:00,,,,,,,
2025-06-05 18:00:00,,,,,,,
2025-06-05 19:00:00,,,,,,,
2025-06-05 20:00:00,,,,,,,
2025-06-05 21:00:00,,,,,,,
2025-06-05 22:00:00,,,,,,,
2025-06-05 23:00:00,,,,,,,
2025-06-06 00:00:00,1.4447120525333332,0.21670680791666666,0.0,-0.0022359234,-0.00044718469999999996,-0.15483302320000003,
2025-06-06 01:00:00,1.4770725936666667,0.22156088908333332,0.0,-0.00229904595,-0.0004598091833333333,-0.09754613936666666,
2025-06-06 02:00:00,1.4443614790000001,0.21665422185,0.0,-0.0020902890666666665,-0.0004180577666666666,-0.15881851851666667,
2025-06-06 03:00:00,1.3983443393333335,0.20975165095,0.0,-0.0020495727833333335,-0.0004099145,0.12477179745,
2025-06-06 04:00:00,1.4196718701500002,0.21295078055,0.0,-0.0023821769500000003,-0.0004764353333333333,0.30779223096666664,
2025-06-06 05:00:00,1.5112269555,0.22668404333333333,0.0,-0.0026828764166666667,-0.0005365752833333333,0.0162661355,
2025-06-06 06:00:00,1.7248241680166667,0.2587236252,0.0,-0.0021356412166666666,-0.0004271282166666667,-1.0284651916833334,
2025-06-06 07:00:00,2.2189578360333333,0.3328436753666667,0.016764525633333336,-0.00014764094883333332,-2.9528144e-05,10.302092630233334,
2025-06-06 08:00:00,1.27082156725,0.19062323504999998,0.18799969931666669,0.0031333283833333333,0.0006266657333333334,2.250813346,
2025-06-06 09:00:00,1.4033208907833334,0.21049813364999997,0.41153707065,0.006858951216666667,0.0013717902666666665,0.9083196462166667,
2025-06-06 10:00:00,1.4424827365500001,0.21637241038333332,0.60057576665,0.010009596116666667,0.0020019191833333333,0.4434097281,
2025-06-06 11:00:00,1.4527012786833333,0.21790519181666665,0.7159332802666667,0.01193222135,0.0023864442666666668,0.17472089070000002,
2025-06-06 12:00:00,1.4499902626166665,0.21749853945,0.7483249908666667,0.012472083200000001,0.0024944166166666667,-0.015256114616666667,
2025-06-06 13:00:00,1.44414077545,0.21662111636666664,0.7034676268833333,0.011724460433333334,0.0023448920499999997,-0.19262249415000002,
2025-06-06 14:00:00,1.4408674616,0.2161301192833333,0.5872081571833333,0.009786802616666666,0.001957360516666667,-0.42796754153333333,
2025-06-06 15:00:00,1.43954715025,0.21593207251666666,0.40865560985,0.006810926816666666,0.0013621853833333333,-0.8409035999333334,
2025-06-06 16:00:00,1.4241513353833333,0.21362270033333333,0.19513432893333332,0.003252238833333333,0.00065044775,-2.0049164831833335,
2025-06-06 17:00:00,1.83541117125,0.2753116756166667,0.019760183966666667,-6.55882085e-05,-1.3117605666666668e-05,-9.394951724816668,
2025-06-06 18:00:00,1.5240524821333332,0.22860787221666667,0.0,-0.002294710933333333,-0.00045894219999999996,1.2460476716,
2025-06-06 19:00:00,1.4825130923833332,0.2223769639,0.0,-0.0030970100333333334,-0.0006194020333333334,0.10030255805,
2025-06-06 20:00:00,1.4333651188833334,0.21500476783333333,0.0,-0.00288364505,-0.0005767290333333334,-0.25894792851666665,
2025-06-06 21:00:00,1.3826468620666668,0.20739702935,0.0,-0.0024908585,-0.0004981717166666667,-0.15396346328333335,
2025-06-06 22:00:00,1.3854359415,0.20781539118333334,0.0,-0.0025357394333333336,-0.0005071479166666667,0.20209857548333332,
2025-06-06 23:00:00,1.4431780597666666,0.21647670896666668,0.0,-0.0030080496,-0.0006016098666666666,0.30435821133333335,
2025-06-07 00:00:00,,,,,,,
2025-06-07 01:00:00,,,,,,,
2025-06-07 02:00:00,,,,,,,
2025-06-07 03:00:00,,,,,,,
2025-06-07 04:00:00,,,,,,,
2025-06-07 05:00:00,,,,,,,
2025-06-07 06:00:00,,,,,,,
2025-06-07 07:00:00,,,,,,,
2025-06-07 08:00:00,,,,,,,
2025-06-07 09:00:00,,,,,,,
2025-06-07 10:00:00,,,,,,,
2025-06-07 11:00:00,,,,,,,
2025-06-07 12:00:00,,,,,,,
2025-06-07 13:00:00,,,,,,,
2025-06-07 14:00:00,,,,,,,
2025-06-07 15:00:00,,,,,,,
2025-06-07 16:00:00,,,,,,,
2025-06-07 17:00:00,,,,,,,
2025-06-07 18:00:00,,,,,,,
2025-06-07 19:00:00,,,,,,,
2025-06-07 20:00:00,,,,,,,
2025-06-07 21:00:00,,,,,,,
2025-06-07 22:00:00,,,,,,,
2025-06-07 23:00:00,,,,,,,
2025-06-08 00:00:00,,,,,,,
2025-06-08 01:00:00,,,,,,,
2025-06-08 02:00:00,,,,,,,
2025-06-08 03:00:00,,,,,,,
2025-06-08 04:00:00,,,,,,,
2025-06-08 05:00:00,,,,,,,
2025-06-08 06:00:00,,,,,,,
2025-06-08 07:00:00,,,,,,,
2025-06-08 08:00:00,,,,,,,
2025-06-08 09:00:00,,,,,,,
2025-06-08 10:00:00,,,,,,,
2025-06-08 11:00:00,,,,,,,
2025-06-08 12:00:00,,,,,,,
2025-06-08 13:00:00,,,,,,,
2025-06-08 14:00:00,,,,,,,
2025-06-08 15:00:00,,,,,,,
2025-06-08 16:00:00,,,,,,,
2025-06-08 17:00:00,,,,,,,
2025-06-08 18:00:00,,,,,,,
2025-06-08 19:00:00,,,,,,,
2025-06-08 20:00:00,,,,,,,
2025-06-08 21:00:00,,,,,,,
2025-06-08 22:00:00,,,,,,,
2025-06-08 23:00:00,,,,,,,
2025-06-09 00:00:00,,,,,,,
2025-06-09 01:00:00,,,,,,,
2025-06-09 02:00:00,,,,,,,
2025-06-09 03:00:00,,,,,,,
2025-06-09 04:00:00,,,,,,,
2025-06-09 05:00:00,,,,,,,
2025-06-09 06:00:00,,,,,,,
2025-06-09 07:00:00,,,,,,,
2025-06-09 08:00:00,,,,,,,
2025-06-09 09:00:00,,,,,,,
2025-06-09 10:00:00,,,,,,,
2025-06-09 11:00:00,,,,,,,
2025-06-09 12:00:00,,,,,,,
2025-06-09 13:00:00,,,,,,,
2025-06-09 14:00:00,,,,,,,
2025-06-09 15:00:00,,,,,,,
2025-06-09 16:00:00,,,,,,,
2025-06-09 17:00:00,,,,,,,
2025-06-09 18:00:00,,,,,,,
2025-06-09 19:00:00,,,,,,,
2025-06-09 20:00:00,,,,,,,
2025-06-09 21:00:00,,,,,,,
2025-06-09 22:00:00,,,,,,,
2025-06-09 23:00:00,,,,,,,
2025-06-10 00:00:00,,,,,,,
2025-06-10 01:00:00,,,,,,,
2025-06-10 02:00:00,,,,,,,
2025-06-10 03:00:00,,,,,,,
2025-06-10 04:00:00,,,,,,,
2025-06-10 05:00:00,,,,,,,
2025-06-10 06:00:00,,,,,,,
2025-06-10 07:00:00,,,,,,,
2025-06-10 08:00:00,,,,,,,
2025-06-10 09:00:00,,,,,,,
2025-06-10 10:00:00,,,,,,,
2025-06-10 11:00:00,,,,,,,
2025-06-10 12:00:00,,,,,,,
2025-06-10 13:00:00,,,,,,,
2025-06-10 14:00:00,,,,,,,
2025-06-10 15:00:00,,,,,,,
2025-06-10 16:00:00,,,,,,,
2025-06-10 17:00:00,,,,,,,
2025-06-10 18:00:00,,,,,,,
2025-06-10 19:00:00,,,,,,,
2025-06-10 20:00:00,,,,,,,
2025-06-10 21:00:00,,,,,,,
2025-06-10 22:00:00,,,,,,,
2025-06-10 23:00:00,,,,,,,
2025-06-11 00:00:00,,,,,,,
2025-06-11 01:00:00,,,,,,,
2025-06-11 02:00:00,,,,,,,
2025-06-11 03:00:00,,,,,,,
2025-06-11 04:00:00,,,,,,,
2025-06-11 05:00:00,,,,,,,
2025-06-11 06:00:00,,,,,,,
2025-06-11 07:00:00,,,,,,,
2025-06-11 08:00:00,,,,,,,
2025-06-11 09:00:00,,,,,,,
2025-06-11 10:00:00,,,,,,,
2025-06-11 11:00:00,,,,,,,
2025-06-11 12:00:00,,,,,,,
2025-06-11 13:00:00,,,,,,,
2025-06-11 14:00:00,,,,,,,
2025-06-11 15:00:00,,,,,,,
2025-06-11 16:00:00,,,,,,,
2025-06-11 17:00:00,,,,,,,
2025-06-11 18:00:00,,,,,,,
2025-06-11 19:00:00,,,,,,,
2025-06-11 20:00:00,,,,,,,
2025-06-11 21:00:00,,,,,,,
2025-06-11 22:00:00,,,,,,,
2025-06-11 23:00:00,,,,,,,
2025-06-12 00:00:00,,,,,,,
2025-06-12 01:00:00,,,,,,,
2025-06-12 02:00:00,,,,,,,
2025-06-12 03:00:00,,,,,,,
2025-06-12 04:00:00,,,,,,,
2025-06-12 05:00:00,,,,,,,
2025-06-12 06:00:00,,,,,,,
2025-06-12 07:00:00,,,,,,,
2025-06-12 08:00:00,,,,,,,
2025-06-12 09:00:00,,,,,,,
2025-06-12 10:00:00,,,,,,,
2025-06-12 11:00:00,,,,,,,
2025-06-12 12:00:00,,,,,,,
2025-06-12 13:00:00,,,,,,,
2025-06-12 14:00:00,,,,,,,
2025-06-12 15:00:00,,,,,,,
2025-06-12 16:00:00,,,,,,,
2025-06-12 17:00:00,,,,,,,
2025-06-12 18:00:00,,,,,,,
2025-06-12 19:00:00,,,,,,,
2025-06-12 20:00:00,,,,,,,
2025-06-12 21:00:00,,,,,,,
2025-06-12 22:00:00,,,,,,,
2025-06-12 23:00:00,,,,,,,
2025-06-13 00:00:00,,,,,,,
2025-06-13 01:00:00,,,,,,,
2025-06-13 02:00:00,,,,,,,
2025-06-13 03:00:00,,,,,,,
2025-06-13 04:00:00,,,,,,,
2025-06-13 05:00:00,,,,,,,
2025-06-13 06:00:00,,,,,,,
2025-06-13 07:00:00,,,,,,,
2025-06-13 08:00:00,,,,,,,
2025-06-13 09:00:00,,,,,,,
2025-06-13 10:00:00,,,,,,,
2025-06-13 11:00:00,,,,,,,
2025-06-13 12:00:00,,,,,,,
2025-06-13 13:00:00,,,,,,,
2025-06-13 14:00:00,,,,,,,
2025-06-13 15:00:00,,,,,,,
2025-06-13 16:00:00,,,,,,,
2025-06-13 17:00:00,,,,,,,
2025-06-13 18:00:00,,,,,,,
2025-06-13 19:00:00,,,,,,,
2025-06-13 20:00:00,,,,,,,
2025-06-13 21:00:00,,,,,,,
2025-06-13 22:00:00,,,,,,,
2025-06-13 23:00:00,,,,,,,
2025-06-14 00:00:00,,,,,,,
2025-06-14 01:00:00,,,,,,,
2025-06-14 02:00:00,,,,,,,
2025-06-14 03:00:00,,,,,,,
2025-06-14 04:00:00,,,,,,,
2025-06-14 05:00:00,,,,,,,
2025-06-14 06:00:00,,,,,,,
2025-06-14 07:00:00,,,,,,,
2025-06-14 08:00:00,,,,,,,
2025-06-14 09:00:00,,,,,,,
2025-06-14 10:00:00,,,,,,,
2025-06-14 11:00:00,,,,,,,
2025-06-14 12:00:00,,,,,,,
2025-06-14 13:00:00,,,,,,,
2025-06-14 14:00:00,,,,,,,
2025-06-14 15:00:00,,,,,,,
2025-06-14 16:00:00,,,,,,,
2025-06-14 17:00:00,,,,,,,
2025-06-14 18:00:00,,,,,,,
2025-06-14 19:00:00,,,,,,,
2025-06-14 20:00:00,,,,,,,
2025-06-14 21:00:00,,,,,,,
2025-06-14 22:00:00,,,,,,,
2025-06-14 23:00:00,,,,,,,
2025-06-15 00:00:00,,,,,,,
2025-06-15 01:00:00,,,,,,,
2025-06-15 02:00:00,,,,,,,
2025-06-15 03:00:00,,,,,,,
2025-06-15 04:00:00,,,,,,,
2025-06-15 05:00:00,,,,,,,
2025-06-15 06:00:00,,,,,,,
2025-06-15 07:00:00,,,,,,,
2025-06-15 08:00:00,,,,,,,
2025-06-15 09:00:00,,,,,,,
2025-06-15 10:00:00,,,,,,,
2025-06-15 11:00:00,,,,,,,
2025-06-15 12:00:00,,,,,,,
2025-06-15 13:00:00,,,,,,,
2025-06-15 14:00:00,,,,,,,
2025-06-15 15:00:00,,,,,,,
2025-06-15 16:00:00,,,,,,,
2025-06-15 17:00:00,,,,,,,
2025-06-15 18:00:00,,,,,,,
2025-06-15 19:00:00,,,,,,,
2025-06-15 20:00:00,,,,,,,
2025-06-15 21:00:00,,,,,,,
2025-06-15 22:00:00,,,,,,,
2025-06-15 23:00:00,,,,,,,
2025-06-16 00:00:00,,,,,,,
2025-06-16 01:00:00,,,,,,,
2025-06-16 02:00:00,,,,,,,
2025-06-16 03:00:00,,,,,,,
2025-06-16 04:00:00,,,,,,,
2025-06-16 05:00:00,,,,,,,
2025-06-16 06:00:00,,,,,,,
2025-06-16 07:00:00,,,,,,,
2025-06-16 08:00:00,,,,,,,
2025-06-16 09:00:00,,,,,,,
2025-06-16 10:00:00,,,,,,,
2025-06-16 11:00:00,,,,,,,
2025-06-16 12:00:00,,,,,,,
2025-06-16 13:00:00,,,,,,,
2025-06-16 14:00:00,,,,,,,
2025-06-16 15:00:00,,,,,,,
2025-06-16 16:00:00,,,,,,,
2025-06-16 17:00:00,,,,,,,
2025-06-16 18:00:00,,,,,,,
2025-06-16 19:00:00,,,,,,,
2025-06-16 20:00:00,,,,,,,
2025-06-16 21:00:00,,,,,,,
2025-06-16 22:00:00,,,,,,,
2025-06-16 23:00:00,,,,,,,
2025-06-17 00:00:00,,,,,,,
2025-06-17 01:00:00,,,,,,,
2025-06-17 02:00:00,,,,,,,
2025-06-17 03:00:00,,,,,,,
2025-06-17 04:00:00,,,,,,,
2025-06-17 05:00:00,,,,,,,
2025-06-17 06:00:00,,,,,,,
2025-06-17 07:00:00,,,,,,,
2025-06-17 08:00:00,,,,,,,
2025-06-17 09:00:00,,,,,,,
2025-06-17 10:00:00,,,,,,,
2025-06-17 11:00:00,,,,,,,
2025-06-17 12:00:00,,,,,,,
2025-06-17 13:00:00,,,,,,,
2025-06-17 14:00:00,,,,,,,
2025-06-17 15:00:00,,,,,,,
2025-06-17 16:00:00,,,,,,,
2025-06-17 17:00:00,,,,,,,
2025-06-17 18:00:00,,,,,,,
2025-06-17 19:00:00,,,,,,,
2025-06-17 20:00:00,,,,,,,
2025-06-17 21:00:00,,,,,,,
2025-06-17 22:00:00,,,,,,,
2025-06-17 23:00:00,,,,,,,
2025-06-18 00:00:00,,,,,,,
2025-06-18 01:00:00,,,,,,,
2025-06-18 02:00:00,,,,,,,
2025-06-18 03:00:00,,,,,,,
2025-06-18 04:00:00,,,,,,,
2025-06-18 05:00:00,,,,,,,
2025-06-18 06:00:00,,,,,,,
2025-06-18 07:00:00,,,,,,,
2025-06-18 08:00:00,,,,,,,
2025-06-18 09:00:00,,,,,,,
2025-06-18 10:00:00,,,,,,,
2025-06-18 11:00:00,,,,,,,
2025-06-18 12:00:00,,,,,,,
2025-06-18 13:00:00,,,,,,,
2025-06-18 14:00:00,,,,,,,
2025-06-18 15:00:00,,,,,,,
2025-06-18 16:00:00,,,,,,,
2025-06-18 17:00:00,,,,,,,
2025-06-18 18:00:00,,,,,,,
2025-06-18 19:00:00,,,,,,,
2025-06-18 20:00:00,,,,,,,
2025-06-18 21:00:00,,,,,,,
2025-06-18 22:00:00,,,,,,,
2025-06-18 23:00:00,,,,,,,
2025-06-19 00:00:00,,,,,,,
2025-06-19 01:00:00,,,,,,,
2025-06-19 02:00:00,,,,,,,
2025-06-19 03:00:00,,,,,,,
2025-06-19 04:00:00,,,,,,,
2025-06-19 05:00:00,,,,,,,
2025-06-19 06:00:00,,,,,,,
2025-06-19 07:00:00,,,,,,,
2025-06-19 08:00:00,,,,,,,
2025-06-19 09:00:00,,,,,,,
2025-06-19 10:00:00,,,,,,,
2025-06-19 11:00:00,,,,,,,
2025-06-19 12:00:00,,,,,,,
2025-06-19 13:00:00,,,,,,,
2025-06-19 14:00:00,,,,,,,
2025-06-19 15:00:00,,,,,,,
2025-06-19 16:00:00,,,,,,,
2025-06-19 17:00:00,,,,,,,
2025-06-19 18:00:00,,,,,,,
2025-06-19 19:00:00,,,,,,,
2025-06-19 20:00:00,,,,,,,
2025-06-19 21:00:00,,,,,,,
2025-06-19 22:00:00,,,,,,,
2025-06-19 23:00:00,,,,,,,
2025-06-20 00:00:00,,,,,,,
2025-06-20 01:00:00,,,,,,,
2025-06-20 02:00:00,,,,,,,
2025-06-20 03:00:00,,,,,,,
2025-06-20 04:00:00,,,,,,,
2025-06-20 05:00:00,,,,,,,
2025-06-20 06:00:00,,,,,,,
2025-06-20 07:00:00,,,,,,,
2025-06-20 08:00:00,,,,,,,
2025-06-20 09:00:00,,,,,,,
2025-06-20 10:00:00,,,,,,,
2025-06-20 11:00:00,,,,,,,
2025-06-20 12:00:00,,,,,,,
2025-06-20 13:00:00,,,,,,,
2025-06-20 14:00:00,,,,,,,
2025-06-20 15:00:00,,,,,,,
2025-06-20 16:00:00,,,,,,,
2025-06-20 17:00:00,,,,,,,
2025-06-20 18:00:00,,,,,,,
2025-06-20 19:00:00,,,,,,,
2025-06-20 20:00:00,,,,,,,
2025-06-20 21:00:00,,,,,,,
2025-06-20 22:00:00,,,,,,,
2025-06-20 23:00:00,,,,,,,
2025-06-21 00:00:00,,,,,,,
2025-06-21 01:00:00,,,,,,,
2025-06-21 02:00:00,,,,,,,
2025-06-21 03:00:00,,,,,,,
2025-06-21 04:00:00,,,,,,,
2025-06-21 05:00:00,,,,,,,
2025-06-21 06:00:00,,,,,,,
2025-06-21 07:00:00,,,,,,,
2025-06-21 08:00:00,,,,,,,
2025-06-21 09:00:00,,,,,,,
2025-06-21 10:00:00,,,,,,,
2025-06-21 11:00:00,,,,,,,
2025-06-21 12:00:00,,,,,,,
2025-06-21 13:00:00,,,,,,,
2025-06-21 14:00:00,,,,,,,
2025-06-21 15:00:00,,,,,,,
2025-06-21 16:00:00,,,,,,,
2025-06-21 17:00:00,,,,,,,
2025-06-21 18:00:00,,,,,,,
2025-06-21 19:00:00,,,,,,,
2025-06-21 20:00:00,,,,,,,
2025-06-21 21:00:00,,,,,,,
2025-06-21 22:00:00,,,,,,,
2025-06-21 23:00:00,,,,,,,
2025-06-22 00:00:00,,,,,,,
2025-06-22 01:00:00,,,,,,,
2025-06-22 02:00:00,,,,,,,
2025-06-22 03:00:00,,,,,,,
2025-06-22 04:00:00,,,,,,,
2025-06-22 05:00:00,,,,,,,
2025-06-22 06:00:00,,,,,,,
2025-06-22 07:00:00,,,,,,,
2025-06-22 08:00:00,,,,,,,
2025-06-22 09:00:00,,,,,,,
2025-06-22 10:00:00,,,,,,,
2025-06-22 11:00:00,,,,,,,
2025-06-22 12:00:00,,,,,,,
2025-06-22 13:00:00,,,,,,,
2025-06-22 14:00:00,,,,,,,
2025-06-22 15:00:00,,,,,,,
2025-06-22 16:00:00,,,,,,,
2025-06-22 17:00:00,,,,,,,
2025-06-22 18:00:00,,,,,,,
2025-06-22 19:00:00,,,,,,,
2025-06-22 20:00:00,,,,,,,
2025-06-22 21:00:00,,,,,,,
2025-06-22 22:00:00,,,,,,,
2025-06-22 23:00:00,,,,,,,
2025-06-23 00:00:00,,,,,,,
2025-06-23 01:00:00,,,,,,,
2025-06-23 02:00:00,,,,,,,
2025-06-23 03:00:00,,,,,,,
2025-06-23 04:00:00,,,,,,,
2025-06-23 05:00:00,,,,,,,
2025-06-23 06:00:00,,,,,,,
2025-06-23 07:00:00,,,,,,,
2025-06-23 08:00:00,,,,,,,
2025-06-23 09:00:00,,,,,,,
2025-06-23 10:00:00,,,,,,,
2025-06-23 11:00:00,,,,,,,
2025-06-23 12:00:00,,,,,,,
2025-06-23 13:00:00,,,,,,,
2025-06-23 14:00:00,,,,,,,
2025-06-23 15:00:00,,,,,,,
2025-06-23 16:00:00,,,,,,,
2025-06-23 17:00:00,,,,,,,
2025-06-23 18:00:00,,,,,,,
2025-06-23 19:00:00,,,,,,,
2025-06-23 20:00:00,,,,,,,
2025-06-23 21:00:00,,,,,,,
2025-06-23 22:00:00,,,,,,,
2025-06-23 23:00:00,,,,,,,
2025-06-24 00:00:00,,,,,,,
2025-06-24 01:00:00,,,,,,,
2025-06-24 02:00:00,,,,,,,
2025-06-24 03:00:00,,,,,,,
2025-06-24 04:00:00,,,,,,,
2025-06-24 05:00:00,,,,,,,
2025-06-24 06:00:00,,,,,,,
2025-06-24 07:00:00,,,,,,,
2025-06-24 08:00:00,,,,,,,
2025-06-24 09:00:00,,,,,,,
2025-06-24 10:00:00,,,,,,,
2025-06-24 11:00:00,,,,,,,
2025-06-24 12:00:00,,,,,,,
2025-06-24 13:00:00,,,,,,,
2025-06-24 14:00:00,,,,,,,
2025-06-24 15:00:00,,,,,,,
2025-06-24 16:00:00,,,,,,,
2025-06-24 17:00:00,,,,,,,
2025-06-24 18:00:00,,,,,,,
2025-06-24 19:00:00,,,,,,,
2025-06-24 20:00:00,,,,,,,
2025-06-24 21:00:00,,,,,,,
2025-06-24 22:00:00,,,,,,,
2025-06-24 23:00:00,,,,,,,
2025-06-25 00:00:00,,,,,,,
2025-06-25 01:00:00,,,,,,,
2025-06-25 02:00:00,,,,,,,
2025-06-25 03:00:00,,,,,,,
2025-06-25 04:00:00,,,,,,,
2025-06-25 05:00:00,,,,,,,
2025-06-25 06:00:00,,,,,,,
2025-06-25 07:00:00,,,,,,,
2025-06-25 08:00:00,,,,,,,
2025-06-25 09:00:00,,,,,,,
2025-06-25 10:00:00,,,,,,,
2025-06-25 11:00:00,,,,,,,
2025-06-25 12:00:00,,,,,,,
2025-06-25 13:00:00,,,,,,,
2025-06-25 14:00:00,,,,,,,
2025-06-25 15:00:00,,,,,,,
2025-06-25 16:00:00,,,,,,,
2025-06-25 17:00:00,,,,,,,
2025-06-25 18:00:00,,,,,,,
2025-06-25 19:00:00,,,,,,,
2025-06-25 20:00:00,,,,,,,
2025-06-25 21:00:00,,,,,,,
2025-06-25 22:00:00,,,,,,,
2025-06-25 23:00:00,,,,,,,
2025-06-26 00:00:00,,,,,,,
2025-06-26 01:00:00,,,,,,,
2025-06-26 02:00:00,,,,,,,
2025-06-26 03:00:00,,,,,,,
2025-06-26 04:00:00,,,,,,,
2025-06-26 05:00:00,,,,,,,
2025-06-26 06:00:00,,,,,,,
2025-06-26 07:00:00,,,,,,,
2025-06-26 08:00:00,,,,,,,
2025-06-26 09:00:00,,,,,,,
2025-06-26 10:00:00,,,,,,,
2025-06-26 11:00:00,,,,,,,
2025-06-26 12:00:00,,,,,,,
2025-06-26 13:00:00,,,,,,,
2025-06-26 14:00:00,,,,,,,
2025-06-26 15:00:00,,,,,,,
2025-06-26 16:00:00,,,,,,,
2025-06-26 17:00:00,,,,,,,
2025-06-26 18:00:00,,,,,,,
2025-06-26 19:00:00,,,,,,,
2025-06-26 20:00:00,,,,,,,
2025-06-26 21:00:00,,,,,,,
2025-06-26 22:00:00,,,,,,,
2025-06-26 23:00:00,,,,,,,
2025-06-27 00:00:00,,,,,,,
2025-06-27 01:00:00,,,,,,,
2025-06-27 02:00:00,,,,,,,
2025-06-27 03:00:00,,,,,,,
2025-06-27 04:00:00,,,,,,,
2025-06-27 05:00:00,,,,,,,
2025-06-27 06:00:00,,,,,,,
2025-06-27 07:00:00,,,,,,,
2025-06-27 08:00:00,,,,,,,
2025-06-27 09:00:00,,,,,,,
2025-06-27 10:00:00,,,,,,,
2025-06-27 11:00:00,,,,,,,
2025-06-27 12:00:00,,,,,,,
2025-06-27 13:00:00,,,,,,,
2025-06-27 14:00:00,,,,,,,
2025-06-27 15:00:00,,,,,,,
2025-06-27 16:00:00,,,,,,,
2025-06-27 17:00:00,,,,,,,
2025-06-27 18:00:00,,,,,,,
2025-06-27 19:00:00,,,,,,,
2025-06-27 20:00:00,,,,,,,
2025-06-27 21:00:00,,,,,,,
2025-06-27 22:00:00,,,,,,,
2025-06-27 23:00:00,,,,,,,
2025-06-28 00:00:00,,,,,,,
2025-06-28 01:00:00,,,,,,,
2025-06-28 02:00:00,,,,,,,
2025-06-28 03:00:00,,,,,,,
2025-06-28 04:00:00,,,,,,,
2025-06-28 05:00:00,,,,,,,
2025-06-28 06:00:00,,,,,,,
2025-06-28 07:00:00,,,,,,,
2025-06-28 08:00:00,,,,,,,
2025-06-28 09:00:00,,,,,,,
2025-06-28 10:00:00,,,,,,,
2025-06-28 11:00:00,,,,,,,
2025-06-28 12:00:00,,,,,,,
2025-06-28 13:00:00,,,,,,,
2025-06-28 14:00:00,,,,,,,
2025-06-28 15:00:00,,,,,,,
2025-06-28 16:00:00,,,,,,,
2025-06-28 17:00:00,,,,,,,
2025-06-28 18:00:00,,,,,,,
2025-06-28 19:00:00,,,,,,,
2025-06-28 20:00:00,,,,,,,
2025-06-28 21:00:00,,,,,,,
2025-06-28 22:00:00,,,,,,,
2025-06-28 23:00:00,,,,,,,
2025-06-29 00:00:00,,,,,,,
2025-06-29 01:00:00,,,,,,,
2025-06-29 02:00:00,,,,,,,
2025-06-29 03:00:00,,,,,,,
2025-06-29 04:00:00,,,,,,,
2025-06-29 05:00:00,,,,,,,
2025-06-29 06:00:00,,,,,,,
2025-06-29 07:00:00,,,,,,,
2025-06-29 08:00:00,,,,,,,
2025-06-29 09:00:00,,,,,,,
2025-06-29 10:00:00,,,,,,,
2025-06-29 11:00:00,,,,,,,
2025-06-29 12:00:00,,,,,,,
2025-06-29 13:00:00,,,,,,,
2025-06-29 14:00:00,,,,,,,
2025-06-29 15:00:00,,,,,,,
2025-06-29 16:00:00,,,,,,,
2025-06-29 17:00:00,,,,,,,
2025-06-29 18:00:00,,,,,,,
2025-06-29 19:00:00,,,,,,,
2025-06-29 20:00:00,,,,,,,
2025-06-29 21:00:00,,,,,,,
2025-06-29 22:00:00,,,,,,,
2025-06-29 23:00:00,,,,,,,
2025-06-30 00:00:00,,,,,,,
2025-06-30 01:00:00,,,,,,,
2025-06-30 02:00:00,,,,,,,
2025-06-30 03:00:00,,,,,,,
2025-06-30 04:00:00,,,,,,,
2025-06-30 05:00:00,,,,,,,
2025-06-30 06:00:00,,,,,,,
2025-06-30 07:00:00,,,,,,,
2025-06-30 08:00:00,,,,,,,
2025-06-30 09:00:00,,,,,,,
2025-06-30 10:00:00,,,,,,,
2025-06-30 11:00:00,,,,,,,
2025-06-30 12:00:00,,,,,,,
2025-06-30 13:00:00,,,,,,,
2025-06-30 14:00:00,,,,,,,
2025-06-30 15:00:00,,,,,,,
2025-06-30 16:00:00,,,,,,,
2025-06-30 17:00:00,,,,,,,
2025-06-30 18:00:00,,,,,,,
2025-06-30 19:00:00,,,,,,,
2025-06-30 20:00:00,,,,,,,
2025-06-30 21:00:00,,,,,,,
2025-06-30 22:00:00,,,,,,,
2025-06-30 23:00:00,,,,,,,
2025-07-01 00:00:00,,,,,,,
2025-07-01 01:00:00,,,,,,,
2025-07-01 02:00:00,,,,,,,
2025-07-01 03:00:00,,,,,,,
2025-07-01 04:00:00,,,,,,,
2025-07-01 05:00:00,,,,,,,
2025-07-01 06:00:00,,,,,,,
2025-07-01 07:00:00,,,,,,,
2025-07-01 08:00:00,,,,,,,
2025-07-01 09:00:00,,,,,,,
2025-07-01 10:00:00,,,,,,,
2025-07-01 11:00:00,,,,,,,
2025-07-01 12:00:00,,,,,,,
2025-07-01 13:00:00,,,,,,,
2025-07-01 14:00:00,,,,,,,
2025-07-01 15:00:00,,,,,,,
2025-07-01 16:00:00,,,,,,,
2025-07-01 17:00:00,,,,,,,
2025-07-01 18:00:00,,,,,,,
2025-07-01 19:00:00,,,,,,,
2025-07-01 20:00:00,,,,,,,
2025-07-01 21:00:00,,,,,,,
2025-07-01 22:00:00,,,,,,,
2025-07-01 23:00:00,,,,,,,
2025-07-02 00:00:00,,,,,,,
2025-07-02 01:00:00,,,,,,,
2025-07-02 02:00:00,,,,,,,
2025-07-02 03:00:00,,,,,,,
2025-07-02 04:00:00,,,,,,,
2025-07-02 05:00:00,,,,,,,
2025-07-02 06:00:00,,,,,,,
2025-07-02 07:00:00,,,,,,,
2025-07-02 08:00:00,,,,,,,
2025-07-02 09:00:00,,,,,,,
2025-07-02 10:00:00,,,,,,,
2025-07-02 11:00:00,,,,,,,
2025-07-02 12:00:00,,,,,,,
2025-07-02 13:00:00,,,,,,,
2025-07-02 14:00:00,,,,,,,
2025-07-02 15:00:00,,,,,,,
2025-07-02 16:00:00,,,,,,,
2025-07-02 17:00:00,,,,,,,
2025-07-02 18:00:00,,,,,,,
2025-07-02 19:00:00,,,,,,,
2025-07-02 20:00:00,,,,,,,
2025-07-02 21:00:00,,,,,,,
2025-07-02 22:00:00,,,,,,,
2025-07-02 23:00:00,,,,,,,
2025-07-03 00:00:00,,,,,,,
2025-07-03 01:00:00,,,,,,,
2025-07-03 02:00:00,,,,,,,
2025-07-03 03:00:00,,,,,,,
2025-07-03 04:00:00,,,,,,,
2025-07-03 05:00:00,,,,,,,
2025-07-03 06:00:00,,,,,,,
2025-07-03 07:00:00,,,,,,,
2025-07-03 08:00:00,,,,,,,
2025-07-03 09:00:00,,,,,,,
2025-07-03 10:00:00,,,,,,,
2025-07-03 11:00:00,,,,,,,
2025-07-03 12:00:00,,,,,,,
2025-07-03 13:00:00,,,,,,,
2025-07-03 14:00:00,,,,,,,
2025-07-03 15:00:00,,,,,,,
2025-07-03 16:00:00,,,,,,,
2025-07-03 17:00:00,,,,,,,
2025-07-03 18:00:00,,,,,,,
2025-07-03 19:00:00,,,,,,,
2025-07-03 20:00:00,,,,,,,
2025-07-03 21:00:00,,,,,,,
2025-07-03 22:00:00,,,,,,,
2025-07-03 23:00:00,,,,,,,
2025-07-04 00:00:00,,,,,,,
2025-07-04 01:00:00,,,,,,,
2025-07-04 02:00:00,,,,,,,
2025-07-04 03:00:00,,,,,,,
2025-07-04 04:00:00,,,,,,,
2025-07-04 05:00:00,,,,,,,
2025-07-04 06:00:00,,,,,,,
2025-07-04 07:00:00,,,,,,,
2025-07-04 08:00:00,,,,,,,
2025-07-04 09:00:00,,,,,,,
2025-07-04 10:00:00,,,,,,,
2025-07-04 11:00:00,,,,,,,
2025-07-04 12:00:00,,,,,,,
2025-07-04 13:00:00,,,,,,,
2025-07-04 14:00:00,,,,,,,
2025-07-04 15:00:00,,,,,,,
2025-07-04 16:00:00,,,,,,,
2025-07-04 17:00:00,,,,,,,
2025-07-04 18:00:00,,,,,,,
2025-07-04 19:00:00,,,,,,,
2025-07-04 20:00:00,,,,,,,
2025-07-04 21:00:00,,,,,,,
2025-07-04 22:00:00,,,,,,,
2025-07-04 23:00:00,,,,,,,
2025-07-05 00:00:00,,,,,,,
2025-07-05 01:00:00,,,,,,,
2025-07-05 02:00:00,,,,,,,
2025-07-05 03:00:00,,,,,,,
2025-07-05 04:00:00,,,,,,,
2025-07-05 05:00:00,,,,,,,
2025-07-05 06:00:00,,,,,,,
2025-07-05 07:00:00,,,,,,,
2025-07-05 08:00:00,,,,,,,
2025-07-05 09:00:00,,,,,,,
2025-07-05 10:00:00,,,,,,,
2025-07-05 11:00:00,,,,,,,
2025-07-05 12:00:00,,,,,,,
2025-07-05 13:00:00,,,,,,,
2025-07-05 14:00:00,,,,,,,
2025-07-05 15:00:00,,,,,,,
2025-07-05 16:00:00,,,,,,,
2025-07-05 17:00:00,,,,,,,
2025-07-05 18:00:00,,,,,,,
2025-07-05 19:00:00,,,,,,,
2025-07-05 20:00:00,,,,,,,
2025-07-05 21:00:00,,,,,,,
2025-07-05 22:00:00,,,,,,,
2025-07-05 23:00:00,,,,,,,
2025-07-06 00:00:00,1.4105068166833334,0.21157602258333333,0.0,-0.0028614561,-0.0005722912,-0.14348987066666666,
2025-07-06 01:00:00,1.4350115219833335,0.21525172831666667,0.0,-0.002901296816666667,-0.0005802594,-0.09053503045000001,
2025-07-06 02:00:00,1.4071450048166667,0.21107175068333334,0.0,-0.002669579583333333,-0.0005339159166666667,-0.13855935733333336,
2025-07-06 03:00:00,1.3710340201833333,0.20565510303333331,0.0,-0.0026065522166666666,-0.0005213104166666666,0.08439813783333333,
2025-07-06 04:00:00,1.3897178038333335,0.20845767046666666,0.0,-0.00291781715,-0.0005835634666666666,0.23866482003333334,
2025-07-06 05:00:00,1.4640423113833334,0.21960634663333334,0.0,-0.00319846185,-0.0006396923833333333,0.0031976959500000022,
2025-07-06 06:00:00,1.6010913866166667,0.240163708,0.0,-0.00263275625,-0.0005265512666666666,-0.8283407866,
2025-07-06 07:00:00,2.2152028650666664,0.3322804297333333,0.006882481433333334,-0.0006281520433333333,-0.000125630413,-2.3620763723166665,
2025-07-06 08:00:00,1.2737114726333334,0.19105672086666667,0.16003758766666668,0.00266729315,0.0005334586666666666,2.8525618183000003,
2025-07-06 09:00:00,1.4192909838833332,0.21289364756666668,0.38430158791666663,0.00640502645,0.0012810053333333334,0.9805776491333333,
2025-07-06 10:00:00,1.4561843995833332,0.21842765993333335,0.5739123759333334,0.009565206283333332,0.0019130412666666665,0.4660787916333333,
2025-07-06 11:00:00,1.4650993118,0.21976489673333335,0.6896766233166667,0.01149461045,0.0022989221166666665,0.18225577583333333,
2025-07-06 12:00:00,1.4621530327499999,0.21932295491666667,0.7223008195999999,0.012038347083333335,0.0024076693833333333,-0.015474092483333333,
2025-07-06 13:00:00,1.4573314006833333,0.21859971011666665,0.6774948504166667,0.011291580899999999,0.0022583162333333334,-0.20016855320000002,
2025-07-06 14:00:00,1.4573498737,0.21860248111666666,0.5611009794166667,0.009351682983333333,0.0018703366666666668,-0.4488891662333333,
2025-07-06 15:00:00,1.4652437584833333,0.21978656376666666,0.38222573045,0.00637042885,0.0012740857666666667,-0.9036365240333333,
2025-07-06 16:00:00,1.4909213814166666,0.22363820718333333,0.16819318103333333,0.0028032197,0.00056064395,-2.4350175594000003,
2025-07-06 17:00:00,1.5147131027333331,0.22720696533333334,0.0092227768,-0.0005262381928333333,-0.00010524759158333332,-22.392470911100006,
2025-07-06 18:00:00,1.4397470341,0.21596205505,0.0,-0.00277003155,-0.00055400635,1.0139750195333332,
2025-07-06 19:00:00,1.4250393138333335,0.21375589708333334,0.0,-0.0035899345833333334,-0.0007179869666666667,0.09517663201666667,
2025-07-06 20:00:00,1.3814450689166666,0.2072167603,0.0,-0.00339696505,-0.0006793929833333334,-0.20874950886666666,
2025-07-06 21:00:00,1.3349149840166668,0.20023724758333333,0.0,-0.0030271908666666667,-0.0006054382000000001,-0.1137701171,
2025-07-06 22:00:00,1.3367771045833334,0.20051656573333335,0.0,-0.0030974946499999997,-0.0006194989666666666,0.17986176113333335,
2025-07-06 23:00:00,1.3872358726666667,0.2080853809,0.0,-0.0035974032,-0.00071948065,0.26736711505,
2025-07-07 00:00:00,,,,,,,
2025-07-07 01:00:00,,,,,,,
2025-07-07 02:00:00,,,,,,,
2025-07-07 03:00:00,,,,,,,
2025-07-07 04:00:00,,,,,,,
2025-07-07 05:00:00,,,,,,,
2025-07-07 06:00:00,,,,,,,
2025-07-07 07:00:00,,,,,,,
2025-07-07 08:00:00,,,,,,,
2025-07-07 09:00:00,,,,,,,
2025-07-07 10:00:00,,,,,,,
2025-07-07 11:00:00,,,,,,,
2025-07-07 12:00:00,,,,,,,
2025-07-07 13:00:00,,,,,,,
2025-07-07 14:00:00,,,,,,,
2025-07-07 15:00:00,,,,,,,
2025-07-07 16:00:00,,,,,,,
2025-07-07 17:00:00,,,,,,,
2025-07-07 18:00:00,,,,,,,
2025-07-07 19:00:00,,,,,,,
2025-07-07 20:00:00,,,,,,,
2025-07-07 21:00:00,,,,,,,
2025-07-07 22:00:00,,,,,,,
2025-07-07 23:00:00,,,,,,,
2025-07-08 00:00:00,,,,,,,
2025-07-08 01:00:00,,,,,,,
2025-07-08 02:00:00,,,,,,,
2025-07-08 03:00:00,,,,,,,
2025-07-08 04:00:00,,,,,,,
2025-07-08 05:00:00,,,,,,,
2025-07-08 06:00:00,,,,,,,
2025-07-08 07:00:00,,,,,,,
2025-07-08 08:00:00,,,,,,,
2025-07-08 09:00:00,,,,,,,
2025-07-08 10:00:00,,,,,,,
2025-07-08 11:00:00,,,,,,,
2025-07-08 12:00:00,,,,,,,
2025-07-08 13:00:00,,,,,,,
2025-07-08 14:00:00,,,,,,,
2025-07-08 15:00:00,,,,,,,
2025-07-08 16:00:00,,,,,,,
2025-07-08 17:00:00,,,,,,,
2025-07-08 18:00:00,,,,,,,
2025-07-08 19:00:00,,,,,,,
2025-07-08 20:00:00,,,,,,,
2025-07-08 21:00:00,,,,,,,
2025-07-08 22:00:00,,,,,,,
2025-07-08 23:00:00,,,,,,,
2025-07-09 00:00:00,,,,,,,
2025-07-09 01:00:00,,,,,,,
2025-07-09 02:00:00,,,,,,,
2025-07-09 03:00:00,,,,,,,
2025-07-09 04:00:00,,,,,,,
2025-07-09 05:00:00,,,,,,,
2025-07-09 06:00:00,,,,,,,
2025-07-09 07:00:00,,,,,,,
2025-07-09 08:00:00,,,,,,,
2025-07-09 09:00:00,,,,,,,
2025-07-09 10:00:00,,,,,,,
2025-07-09 11:00:00,,,,,,,
2025-07-09 12:00:00,,,,,,,
2025-07-09 13:00:00,,,,,,,
2025-07-09 14:00:00,,,,,,,
2025-07-09 15:00:00,,,,,,,
2025-07-09 16:00:00,,,,,,,
2025-07-09 17:00:00,,,,,,,
2025-07-09 18:00:00,,,,,,,
2025-07-09 19:00:00,,,,,,,
2025-07-09 20:00:00,,,,,,,
2025-07-09 21:00:00,,,,,,,
2025-07-09 22:00:00,,,,,,,
2025-07-09 23:00:00,,,,,,,
2025-07-10 00:00:00,,,,,,,
2025-07-10 01:00:00,,,,,,,
2025-07-10 02:00:00,,,,,,,
2025-07-10 03:00:00,,,,,,,
2025-07-10 04:00:00,,,,,,,
2025-07-10 05:00:00,,,,,,,
2025-07-10 06:00:00,,,,,,,
2025-07-10 07:00:00,,,,,,,
2025-07-10 08:00:00,,,,,,,
2025-07-10 09:00:00,,,,,,,
2025-07-10 10:00:00,,,,,,,
2025-07-10 11:00:00,,,,,,,
2025-07-10 12:00:00,,,,,,,
2025-07-10 13:00:00,,,,,,,
2025-07-10 14:00:00,,,,,,,
2025-07-10 15:00:00,,,,,,,
2025-07-10 16:00:00,,,,,,,
2025-07-10 17:00:00,,,,,,,
2025-07-10 18:00:00,,,,,,,
2025-07-10 19:00:00,,,,,,,
2025-07-10 20:00:00,,,,,,,
2025-07-10 21:00:00,,,,,,,
2025-07-10 22:00:00,,,,,,,
2025-07-10 23:00:00,,,,,,,
2025-07-11 00:00:00,,,,,,,
2025-07-11 01:00:00,,,,,,,
2025-07-11 02:00:00,,,,,,,
2025-07-11 03:00:00,,,,,,,
2025-07-11 04:00:00,,,,,,,
2025-07-11 05:00:00,,,,,,,
2025-07-11 06:00:00,,,,,,,
2025-07-11 07:00:00,,,,,,,
2025-07-11 08:00:00,,,,,,,
2025-07-11 09:00:00,,,,,,,
2025-07-11 10:00:00,,,,,,,
2025-07-11 11:00:00,,,,,,,
2025-07-11 12:00:00,,,,,,,
2025-07-11 13:00:00,,,,,,,
2025-07-11 14:00:00,,,,,,,
2025-07-11 15:00:00,,,,,,,
2025-07-11 16:00:00,,,,,,,
2025-07-11 17:00:00,,,,,,,
2025-07-11 18:00:00,,,,,,,
2025-07-11 19:00:00,,,,,,,
2025-07-11 20:00:00,,,,,,,
2025-07-11 21:00:00,,,,,,,
2025-07-11 22:00:00,,,,,,,
2025-07-11 23:00:00,,,,,,,
2025-07-12 00:00:00,,,,,,,
2025-07-12 01:00:00,,,,,,,
2025-07-12 02:00:00,,,,,,,
2025-07-12 03:00:00,,,,,,,
2025-07-12 04:00:00,,,,,,,
2025-07-12 05:00:00,,,,,,,
2025-07-12 06:00:00,,,,,,,
2025-07-12 07:00:00,,,,,,,
2025-07-12 08:00:00,,,,,,,
2025-07-12 09:00:00,,,,,,,
2025-07-12 10:00:00,,,,,,,
2025-07-12 11:00:00,,,,,,,
2025-07-12 12:00:00,,,,,,,
2025-07-12 13:00:00,,,,,,,
2025-07-12 14:00:00,,,,,,,
2025-07-12 15:00:00,,,,,,,
2025-07-12 16:00:00,,,,,,,
2025-07-12 17:00:00,,,,,,,
2025-07-12 18:00:00,,,,,,,
2025-07-12 19:00:00,,,,,,,
2025-07-12 20:00:00,,,,,,,
2025-07-12 21:00:00,,,,,,,
2025-07-12 22:00:00,,,,,,,
2025-07-12 23:00:00,,,,,,,
2025-07-13 00:00:00,,,,,,,
2025-07-13 01:00:00,,,,,,,
2025-07-13 02:00:00,,,,,,,
2025-07-13 03:00:00,,,,,,,
2025-07-13 04:00:00,,,,,,,
2025-07-13 05:00:00,,,,,,,
2025-07-13 06:00:00,,,,,,,
2025-07-13 07:00:00,,,,,,,
2025-07-13 08:00:00,,,,,,,
2025-07-13 09:00:00,,,,,,,
2025-07-13 10:00:00,,,,,,,
2025-07-13 11:00:00,,,,,,,
2025-07-13 12:00:00,,,,,,,
2025-07-13 13:00:00,,,,,,,
2025-07-13 14:00:00,,,,,,,
2025-07-13 15:00:00,,,,,,,
2025-07-13 16:00:00,,,,,,,
2025-07-13 17:00:00,,,,,,,
2025-07-13 18:00:00,,,,,,,
2025-07-13 19:00:00,,,,,,,
2025-07-13 20:00:00,,,,,,,
2025-07-13 21:00:00,,,,,,,
2025-07-13 22:00:00,,,,,,,
2025-07-13 23:00:00,,,,,,,
2025-07-14 00:00:00,,,,,,,
2025-07-14 01:00:00,,,,,,,
2025-07-14 02:00:00,,,,,,,
2025-07-14 03:00:00,,,,,,,
2025-07-14 04:00:00,,,,,,,
2025-07-14 05:00:00,,,,,,,
2025-07-14 06:00:00,,,,,,,
2025-07-14 07:00:00,,,,,,,
2025-07-14 08:00:00,,,,,,,
2025-07-14 09:00:00,,,,,,,
2025-07-14 10:00:00,,,,,,,
2025-07-14 11:00:00,,,,,,,
2025-07-14 12:00:00,,,,,,,
2025-07-14 13:00:00,,,,,,,
2025-07-14 14:00:00,,,,,,,
2025-07-14 15:00:00,,,,,,,
2025-07-14 16:00:00,,,,,,,
2025-07-14 17:00:00,,,,,,,
2025-07-14 18:00:00,,,,,,,
2025-07-14 19:00:00,,,,,,,
2025-07-14 20:00:00,,,,,,,
2025-07-14 21:00:00,,,,,,,
2025-07-14 22:00:00,,,,,,,
2025-07-14 23:00:00,,,,,,,
2025-07-15 00:00:00,,,,,,,
2025-07-15 01:00:00,,,,,,,
2025-07-15 02:00:00,,,,,,,
2025-07-15 03:00:00,,,,,,,
2025-07-15 04:00:00,,,,,,,
2025-07-15 05:00:00,,,,,,,
2025-07-15 06:00:00,,,,,,,
2025-07-15 07:00:00,,,,,,,
2025-07-15 08:00:00,,,,,,,
2025-07-15 09:00:00,,,,,,,
2025-07-15 10:00:00,,,,,,,
2025-07-15 11:00:00,,,,,,,
2025-07-15 12:00:00,,,,,,,
2025-07-15 13:00:00,,,,,,,
2025-07-15 14:00:00,,,,,,,
2025-07-15 15:00:00,,,,,,,
2025-07-15 16:00:00,,,,,,,
2025-07-15 17:00:00,,,,,,,
2025-07-15 18:00:00,,,,,,,
2025-07-15 19:00:00,,,,,,,
2025-07-15 20:00:00,,,,,,,
2025-07-15 21:00:00,,,,,,,
2025-07-15 22:00:00,,,,,,,
2025-07-15 23:00:00,,,,,,,
2025-07-16 00:00:00,,,,,,,
2025-07-16 01:00:00,,,,,,,
2025-07-16 02:00:00,,,,,,,
2025-07-16 03:00:00,,,,,,,
2025-07-16 04:00:00,,,,,,,
2025-07-16 05:00:00,,,,,,,
2025-07-16 06:00:00,,,,,,,
2025-07-16 07:00:00,,,,,,,
2025-07-16 08:00:00,,,,,,,
2025-07-16 09:00:00,,,,,,,
2025-07-16 10:00:00,,,,,,,
2025-07-16 11:00:00,,,,,,,
2025-07-16 12:00:00,,,,,,,
2025-07-16 13:00:00,,,,,,,
2025-07-16 14:00:00,,,,,,,
2025-07-16 15:00:00,,,,,,,
2025-07-16 16:00:00,,,,,,,
2025-07-16 17:00:00,,,,,,,
2025-07-16 18:00:00,,,,,,,
2025-07-16 19:00:00,,,,,,,
2025-07-16 20:00:00,,,,,,,
2025-07-16 21:00:00,,,,,,,
2025-07-16 22:00:00,,,,,,,
2025-07-16 23:00:00,,,,,,,
2025-07-17 00:00:00,,,,,,,
2025-07-17 01:00:00,,,,,,,
2025-07-17 02:00:00,,,,,,,
2025-07-17 03:00:00,,,,,,,
2025-07-17 04:00:00,,,,,,,
2025-07-17 05:00:00,,,,,,,
2025-07-17 06:00:00,,,,,,,
2025-07-17 07:00:00,,,,,,,
2025-07-17 08:00:00,,,,,,,
2025-07-17 09:00:00,,,,,,,
2025-07-17 10:00:00,,,,,,,
2025-07-17 11:00:00,,,,,,,
2025-07-17 12:00:00,,,,,,,
2025-07-17 13:00:00,,,,,,,
2025-07-17 14:00:00,,,,,,,
2025-07-17 15:00:00,,,,,,,
2025-07-17 16:00:00,,,,,,,
2025-07-17 17:00:00,,,,,,,
2025-07-17 18:00:00,,,,,,,
2025-07-17 19:00:00,,,,,,,
2025-07-17 20:00:00,,,,,,,
2025-07-17 21:00:00,,,,,,,
2025-07-17 22:00:00,,,,,,,
2025-07-17 23:00:00,,,,,,,
2025-07-18 00:00:00,,,,,,,
2025-07-18 01:00:00,,,,,,,
2025-07-18 02:00:00,,,,,,,
2025-07-18 03:00:00,,,,,,,
2025-07-18 04:00:00,,,,,,,
2025-07-18 05:00:00,,,,,,,
2025-07-18 06:00:00,,,,,,,
2025-07-18 07:00:00,,,,,,,
2025-07-18 08:00:00,,,,,,,
2025-07-18 09:00:00,,,,,,,
2025-07-18 10:00:00,,,,,,,
2025-07-18 11:00:00,,,,,,,
2025-07-18 12:00:00,,,,,,,
2025-07-18 13:00:00,,,,,,,
2025-07-18 14:00:00,,,,,,,
2025-07-18 15:00:00,,,,,,,
2025-07-18 16:00:00,,,,,,,
2025-07-18 17:00:00,,,,,,,
2025-07-18 18:00:00,,,,,,,
2025-07-18 19:00:00,,,,,,,
2025-07-18 20:00:00,,,,,,,
2025-07-18 21:00:00,,,,,,,
2025-07-18 22:00:00,,,,,,,
2025-07-18 23:00:00,,,,,,,
2025-07-19 00:00:00,,,,,,,
2025-07-19 01:00:00,,,,,,,
2025-07-19 02:00:00,,,,,,,
2025-07-19 03:00:00,,,,,,,
2025-07-19 04:00:00,,,,,,,
2025-07-19 05:00:00,,,,,,,
2025-07-19 06:00:00,,,,,,,
2025-07-19 07:00:00,,,,,,,
2025-07-19 08:00:00,,,,,,,
2025-07-19 09:00:00,,,,,,,
2025-07-19 10:00:00,,,,,,,
2025-07-19 11:00:00,,,,,,,
2025-07-19 12:00:00,,,,,,,
2025-07-19 13:00:00,,,,,,,
2025-07-19 14:00:00,,,,,,,
2025-07-19 15:00:00,,,,,,,
2025-07-19 16:00:00,,,,,,,
2025-07-19 17:00:00,,,,,,,
2025-07-19 18:00:00,,,,,,,
2025-07-19 19:00:00,,,,,,,
2025-07-19 20:00:00,,,,,,,
2025-07-19 21:00:00,,,,,,,
2025-07-19 22:00:00,,,,,,,
2025-07-19 23:00:00,,,,,,,
2025-07-20 00:00:00,,,,,,,
2025-07-20 01:00:00,,,,,,,
2025-07-20 02:00:00,,,,,,,
2025-07-20 03:00:00,,,,,,,
2025-07-20 04:00:00,,,,,,,
2025-07-20 05:00:00,,,,,,,
2025-07-20 06:00:00,,,,,,,
2025-07-20 07:00:00,,,,,,,
2025-07-20 08:00:00,,,,,,,
2025-07-20 09:00:00,,,,,,,
2025-07-20 10:00:00,,,,,,,
2025-07-20 11:00:00,,,,,,,
2025-07-20 12:00:00,,,,,,,
2025-07-20 13:00:00,,,,,,,
2025-07-20 14:00:00,,,,,,,
2025-07-20 15:00:00,,,,,,,
2025-07-20 16:00:00,,,,,,,
2025-07-20 17:00:00,,,,,,,
2025-07-20 18:00:00,,,,,,,
2025-07-20 19:00:00,,,,,,,
2025-07-20 20:00:00,,,,,,,
2025-07-20 21:00:00,,,,,,,
2025-07-20 22:00:00,,,,,,,
2025-07-20 23:00:00,,,,,,,
2025-07-21 00:00:00,,,,,,,
2025-07-21 01:00:00,,,,,,,
2025-07-21 02:00:00,,,,,,,
2025-07-21 03:00:00,,,,,,,
2025-07-21 04:00:00,,,,,,,
2025-07-21 05:00:00,,,,,,,
2025-07-21 06:00:00,,,,,,,
2025-07-21 07:00:00,,,,,,,
2025-07-21 08:00:00,,,,,,,
2025-07-21 09:00:00,,,,,,,
2025-07-21 10:00:00,,,,,,,
2025-07-21 11:00:00,,,,,,,
2025-07-21 12:00:00,,,,,,,
2025-07-21 13:00:00,,,,,,,
2025-07-21 14:00:00,,,,,,,
2025-07-21 15:00:00,,,,,,,
2025-07-21 16:00:00,,,,,,,
2025-07-21 17:00:00,,,,,,,
2025-07-21 18:00:00,,,,,,,
2025-07-21 19:00:00,,,,,,,
2025-07-21 20:00:00,,,,,,,
2025-07-21 21:00:00,,,,,,,
2025-07-21 22:00:00,,,,,,,
2025-07-21 23:00:00,,,,,,,
2025-07-22 00:00:00,,,,,,,
2025-07-22 01:00:00,,,,,,,
2025-07-22 02:00:00,,,,,,,
2025-07-22 03:00:00,,,,,,,
2025-07-22 04:00:00,,,,,,,
2025-07-22 05:00:00,,,,,,,
2025-07-22 06:00:00,,,,,,,
2025-07-22 07:00:00,,,,,,,
2025-07-22 08:00:00,,,,,,,
2025-07-22 09:00:00,,,,,,,
2025-07-22 10:00:00,,,,,,,
2025-07-22 11:00:00,,,,,,,
2025-07-22 12:00:00,,,,,,,
2025-07-22 13:00:00,,,,,,,
2025-07-22 14:00:00,,,,,,,
2025-07-22 15:00:00,,,,,,,
2025-07-22 16:00:00,,,,,,,
2025-07-22 17:00:00,,,,,,,
2025-07-22 18:00:00,,,,,,,
2025-07-22 19:00:00,,,,,,,
2025-07-22 20:00:00,,,,,,,
2025-07-22 21:00:00,,,,,,,
2025-07-22 22:00:00,,,,,,,
2025-07-22 23:00:00,,,,,,,
2025-07-23 00:00:00,,,,,,,
2025-07-23 01:00:00,,,,,,,
2025-07-23 02:00:00,,,,,,,
2025-07-23 03:00:00,,,,,,,
2025-07-23 04:00:00,,,,,,,
2025-07-23 05:00:00,,,,,,,
2025-07-23 06:00:00,,,,,,,
2025-07-23 07:00:00,,,,,,,
2025-07-23 08:00:00,,,,,,,
2025-07-23 09:00:00,,,,,,,
2025-07-23 10:00:00,,,,,,,
2025-07-23 11:00:00,,,,,,,
2025-07-23 12:00:00,,,,,,,
2025-07-23 13:00:00,,,,,,,
2025-07-23 14:00:00,,,,,,,
2025-07-23 15:00:00,,,,,,,
2025-07-23 16:00:00,,,,,,,
2025-07-23 17:00:00,,,,,,,
2025-07-23 18:00:00,,,,,,,
2025-07-23 19:00:00,,,,,,,
2025-07-23 20:00:00,,,,,,,
2025-07-23 21:00:00,,,,,,,
2025-07-23 22:00:00,,,,,,,
2025-07-23 23:00:00,,,,,,,
2025-07-24 00:00:00,,,,,,,
2025-07-24 01:00:00,,,,,,,
2025-07-24 02:00:00,,,,,,,
2025-07-24 03:00:00,,,,,,,
2025-07-24 04:00:00,,,,,,,
2025-07-24 05:00:00,,,,,,,
2025-07-24 06:00:00,,,,,,,
2025-07-24 07:00:00,,,,,,,
2025-07-24 08:00:00,,,,,,,
2025-07-24 09:00:00,,,,,,,
2025-07-24 10:00:00,,,,,,,
2025-07-24 11:00:00,,,,,,,
2025-07-24 12:00:00,,,,,,,
2025-07-24 13:00:00,,,,,,,
2025-07-24 14:00:00,,,,,,,
2025-07-24 15:00:00,,,,,,,
2025-07-24 16:00:00,,,,,,,
2025-07-24 17:00:00,,,,,,,
2025-07-24 18:00:00,,,,,,,
2025-07-24 19:00:00,,,,,,,
2025-07-24 20:00:00,,,,,,,
2025-07-24 21:00:00,,,,,,,
2025-07-24 22:00:00,,,,,,,
2025-07-24 23:00:00,,,,,,,
2025-07-25 00:00:00,,,,,,,
2025-07-25 01:00:00,,,,,,,
2025-07-25 02:00:00,,,,,,,
2025-07-25 03:00:00,,,,,,,
2025-07-25 04:00:00,,,,,,,
2025-07-25 05:00:00,,,,,,,
2025-07-25 06:00:00,,,,,,,
2025-07-25 07:00:00,,,,,,,
2025-07-25 08:00:00,,,,,,,
2025-07-25 09:00:00,,,,,,,
2025-07-25 10:00:00,,,,,,,
2025-07-25 11:00:00,,,,,,,
2025-07-25 12:00:00,,,,,,,
2025-07-25 13:00:00,,,,,,,
2025-07-25 14:00:00,,,,,,,
2025-07-25 15:00:00,,,,,,,
2025-07-25 16:00:00,,,,,,,
2025-07-25 17:00:00,,,,,,,
2025-07-25 18:00:00,,,,,,,
2025-07-25 19:00:00,,,,,,,
2025-07-25 20:00:00,,,,,,,
2025-07-25 21:00:00,,,,,,,
2025-07-25 22:00:00,,,,,,,
2025-07-25 23:00:00,,,,,,,
2025-07-26 00:00:00,,,,,,,
2025-07-26 01:00:00,,,,,,,
2025-07-26 02:00:00,,,,,,,
2025-07-26 03:00:00,,,,,,,
2025-07-26 04:00:00,,,,,,,
2025-07-26 05:00:00,,,,,,,
2025-07-26 06:00:00,,,,,,,
2025-07-26 07:00:00,,,,,,,
2025-07-26 08:00:00,,,,,,,
2025-07-26 09:00:00,,,,,,,
2025-07-26 10:00:00,,,,,,,
2025-07-26 11:00:00,,,,,,,
2025-07-26 12:00:00,,,,,,,
2025-07-26 13:00:00,,,,,,,
2025-07-26 14:00:00,,,,,,,
2025-07-26 15:00:00,,,,,,,
2025-07-26 16:00:00,,,,,,,
2025-07-26 17:00:00,,,,,,,
2025-07-26 18:00:00,,,,,,,
2025-07-26 19:00:00,,,,,,,
2025-07-26 20:00:00,,,,,,,
2025-07-26 21:00:00,,,,,,,
2025-07-26 22:00:00,,,,,,,
2025-07-26 23:00:00,,,,,,,
2025-07-27 00:00:00,,,,,,,
2025-07-27 01:00:00,,,,,,,
2025-07-27 02:00:00,,,,,,,
2025-07-27 03:00:00,,,,,,,
2025-07-27 04:00:00,,,,,,,
2025-07-27 05:00:00,,,,,,,
2025-07-27 06:00:00,,,,,,,
2025-07-27 07:00:00,,,,,,,
2025-07-27 08:00:00,,,,,,,
2025-07-27 09:00:00,,,,,,,
2025-07-27 10:00:00,,,,,,,
2025-07-27 11:00:00,,,,,,,
2025-07-27 12:00:00,,,,,,,
2025-07-27 13:00:00,,,,,,,
2025-07-27 14:00:00,,,,,,,
2025-07-27 15:00:00,,,,,,,
2025-07-27 16:00:00,,,,,,,
2025-07-27 17:00:00,,,,,,,
2025-07-27 18:00:00,,,,,,,
2025-07-27 19:00:00,,,,,,,
2025-07-27 20:00:00,,,,,,,
2025-07-27 21:00:00,,,,,,,
2025-07-27 22:00:00,,,,,,,
2025-07-27 23:00:00,,,,,,,
2025-07-28 00:00:00,,,,,,,
2025-07-28 01:00:00,,,,,,,
2025-07-28 02:00:00,,,,,,,
2025-07-28 03:00:00,,,,,,,
2025-07-28 04:00:00,,,,,,,
2025-07-28 05:00:00,,,,,,,
2025-07-28 06:00:00,,,,,,,
2025-07-28 07:00:00,,,,,,,
2025-07-28 08:00:00,,,,,,,
2025-07-28 09:00:00,,,,,,,
2025-07-28 10:00:00,,,,,,,
2025-07-28 11:00:00,,,,,,,
2025-07-28 12:00:00,,,,,,,
2025-07-28 13:00:00,,,,,,,
2025-07-28 14:00:00,,,,,,,
2025-07-28 15:00:00,,,,,,,
2025-07-28 16:00:00,,,,,,,
2025-07-28 17:00:00,,,,,,,
2025-07-28 18:00:00,,,,,,,
2025-07-28 19:00:00,,,,,,,
2025-07-28 20:00:00,,,,,,,
2025-07-28 21:00:00,,,,,,,
2025-07-28 22:00:00,,,,,,,
2025-07-28 23:00:00,,,,,,,
2025-07-29 00:00:00,,,,,,,
2025-07-29 01:00:00,,,,,,,
2025-07-29 02:00:00,,,,,,,
2025-07-29 03:00:00,,,,,,,
2025-07-29 04:00:00,,,,,,,
2025-07-29 05:00:00,,,,,,,
2025-07-29 06:00:00,,,,,,,
2025-07-29 07:00:00,,,,,,,
2025-07-29 08:00:00,,,,,,,
2025-07-29 09:00:00,,,,,,,
2025-07-29 10:00:00,,,,,,,
2025-07-29 11:00:00,,,,,,,
2025-07-29 12:00:00,,,,,,,
2025-07-29 13:00:00,,,,,,,
2025-07-29 14:00:00,,,,,,,
2025-07-29 15:00:00,,,,,,,
2025-07-29 16:00:00,,,,,,,
2025-07-29 17:00:00,,,,,,,
2025-07-29 18:00:00,,,,,,,
2025-07-29 19:00:00,,,,,,,
2025-07-29 20:00:00,,,,,,,
2025-07-29 21:00:00,,,,,,,
2025-07-29 22:00:00,,,,,,,
2025-07-29 23:00:00,,,,,,,
2025-07-30 00:00:00,,,,,,,
2025-07-30 01:00:00,,,,,,,
2025-07-30 02:00:00,,,,,,,
2025-07-30 03:00:00,,,,,,,
2025-07-30 04:00:00,,,,,,,
2025-07-30 05:00:00,,,,,,,
2025-07-30 06:00:00,,,,,,,
2025-07-30 07:00:00,,,,,,,
2025-07-30 08:00:00,,,,,,,
2025-07-30 09:00:00,,,,,,,
2025-07-30 10:00:00,,,,,,,
2025-07-30 11:00:00,,,,,,,
2025-07-30 12:00:00,,,,,,,
2025-07-30 13:00:00,,,,,,,
2025-07-30 14:00:00,,,,,,,
2025-07-30 15:00:00,,,,,,,
2025-07-30 16:00:00,,,,,,,
2025-07-30 17:00:00,,,,,,,
2025-07-30 18:00:00,,,,,,,
2025-07-30 19:00:00,,,,,,,
2025-07-30 20:00:00,,,,,,,
2025-07-30 21:00:00,,,,,,,
2025-07-30 22:00:00,,,,,,,
2025-07-30 23:00:00,,,,,,,
2025-07-31 00:00:00,,,,,,,
2025-07-31 01:00:00,,,,,,,
2025-07-31 02:00:00,,,,,,,
2025-07-31 03:00:00,,,,,,,
2025-07-31 04:00:00,,,,,,,
2025-07-31 05:00:00,,,,,,,
2025-07-31 06:00:00,,,,,,,
2025-07-31 07:00:00,,,,,,,
2025-07-31 08:00:00,,,,,,,
2025-07-31 09:00:00,,,,,,,
2025-07-31 10:00:00,,,,,,,
2025-07-31 11:00:00,,,,,,,
2025-07-31 12:00:00,,,,,,,
2025-07-31 13:00:00,,,,,,,
2025-07-31 14:00:00,,,,,,,
2025-07-31 15:00:00,,,,,,,
2025-07-31 16:00:00,,,,,,,
2025-07-31 17:00:00,,,,,,,
2025-07-31 18:00:00,,,,,,,
2025-07-31 19:00:00,,,,,,,
2025-07-31 20:00:00,,,,,,,
2025-07-31 21:00:00,,,,,,,
2025-07-31 22:00:00,,,,,,,
2025-07-31 23:00:00,,,,,,,
2025-08-01 00:00:00,,,,,,,
2025-08-01 01:00:00,,,,,,,
2025-08-01 02:00:00,,,,,,,
2025-08-01 03:00:00,,,,,,,
2025-08-01 04:00:00,,,,,,,
2025-08-01 05:00:00,,,,,,,
2025-08-01 06:00:00,,,,,,,
2025-08-01 07:00:00,,,,,,,
2025-08-01 08:00:00,,,,,,,
2025-08-01 09:00:00,,,,,,,
2025-08-01 10:00:00,,,,,,,
2025-08-01 11:00:00,,,,,,,
2025-08-01 12:00:00,,,,,,,
2025-08-01 13:00:00,,,,,,,
2025-08-01 14:00:00,,,,,,,
2025-08-01 15:00:00,,,,,,,
2025-08-01 16:00:00,,,,,,,
2025-08-01 17:00:00,,,,,,,
2025-08-01 18:00:00,,,,,,,
2025-08-01 19:00:00,,,,,,,
2025-08-01 20:00:00,,,,,,,
2025-08-01 21:00:00,,,,,,,
2025-08-01 22:00:00,,,,,,,
2025-08-01 23:00:00,,,,,,,
2025-08-02 00:00:00,,,,,,,
2025-08-02 01:00:00,,,,,,,
2025-08-02 02:00:00,,,,,,,
2025-08-02 03:00:00,,,,,,,
2025-08-02 04:00:00,,,,,,,
2025-08-02 05:00:00,,,,,,,
2025-08-02 06:00:00,,,,,,,
2025-08-02 07:00:00,,,,,,,
2025-08-02 08:00:00,,,,,,,
2025-08-02 09:00:00,,,,,,,
2025-08-02 10:00:00,,,,,,,
2025-08-02 11:00:00,,,,,,,
2025-08-02 12:00:00,,,,,,,
2025-08-02 13:00:00,,,,,,,
2025-08-02 14:00:00,,,,,,,
2025-08-02 15:00:00,,,,,,,
2025-08-02 16:00:00,,,,,,,
2025-08-02 17:00:00,,,,,,,
2025-08-02 18:00:00,,,,,,,
2025-08-02 19:00:00,,,,,,,
2025-08-02 20:00:00,,,,,,,
2025-08-02 21:00:00,,,,,,,
2025-08-02 22:00:00,,,,,,,
2025-08-02 23:00:00,,,,,,,
2025-08-03 00:00:00,,,,,,,
2025-08-03 01:00:00,,,,,,,
2025-08-03 02:00:00,,,,,,,
2025-08-03 03:00:00,,,,,,,
2025-08-03 04:00:00,,,,,,,
2025-08-03 05:00:00,,,,,,,
2025-08-03 06:00:00,,,,,,,
2025-08-03 07:00:00,,,,,,,
2025-08-03 08:00:00,,,,,,,
2025-08-03 09:00:00,,,,,,,
2025-08-03 10:00:00,,,,,,,
2025-08-03 11:00:00,,,,,,,
2025-08-03 12:00:00,,,,,,,
2025-08-03 13:00:00,,,,,,,
2025-08-03 14:00:00,,,,,,,
2025-08-03 15:00:00,,,,,,,
2025-08-03 16:00:00,,,,,,,
2025-08-03 17:00:00,,,,,,,
2025-08-03 18:00:00,,,,,,,
2025-08-03 19:00:00,,,,,,,
2025-08-03 20:00:00,,,,,,,
2025-08-03 21:00:00,,,,,,,
2025-08-03 22:00:00,,,,,,,
2025-08-03 23:00:00,,,,,,,
2025-08-04 00:00:00,,,,,,,
2025-08-04 01:00:00,,,,,,,
2025-08-04 02:00:00,,,,,,,
2025-08-04 03:00:00,,,,,,,
2025-08-04 04:00:00,,,,,,,
2025-08-04 05:00:00,,,,,,,
2025-08-04 06:00:00,,,,,,,
2025-08-04 07:00:00,,,,,,,
2025-08-04 08:00:00,,,,,,,
2025-08-04 09:00:00,,,,,,,
2025-08-04 10:00:00,,,,,,,
2025-08-04 11:00:00,,,,,,,
2025-08-04 12:00:00,,,,,,,
2025-08-04 13:00:00,,,,,,,
2025-08-04 14:00:00,,,,,,,
2025-08-04 15:00:00,,,,,,,
2025-08-04 16:00:00,,,,,,,
2025-08-04 17:00:00,,,,,,,
2025-08-04 18:00:00,,,,,,,
2025-08-04 19:00:00,,,,,,,
2025-08-04 20:00:00,,,,,,,
2025-08-04 21:00:00,,,,,,,
2025-08-04 22:00:00,,,,,,,
2025-08-04 23:00:00,,,,,,,
2025-08-05 00:00:00,,,,,,,
2025-08-05 01:00:00,,,,,,,
2025-08-05 02:00:00,,,,,,,
2025-08-05 03:00:00,,,,,,,
2025-08-05 04:00:00,,,,,,,
2025-08-05 05:00:00,,,,,,,
2025-08-05 06:00:00,,,,,,,
2025-08-05 07:00:00,,,,,,,
2025-08-05 08:00:00,,,,,,,
2025-08-05 09:00:00,,,,,,,
2025-08-05 10:00:00,,,,,,,
2025-08-05 11:00:00,,,,,,,
2025-08-05 12:00:00,,,,,,,
2025-08-05 13:00:00,,,,,,,
2025-08-05 14:00:00,,,,,,,
2025-08-05 15:00:00,,,,,,,
2025-08-05 16:00:00,,,,,,,
2025-08-05 17:00:00,,,,,,,
2025-08-05 18:00:00,,,,,,,
2025-08-05 19:00:00,,,,,,,
2025-08-05 20:00:00,,,,,,,
2025-08-05 21:00:00,,,,,,,
2025-08-05 22:00:00,,,,,,,
2025-08-05 23:00:00,,,,,,,
2025-08-06 00:00:00,1.336392794,0.200458919,0.0,-0.0033163719999999997,-0.0006632745,-7.007656937999999,
