ds,GHI_A_DATA_Avg,POA_A_DATA_2_Avg,AirTC_Avg_Degree Celcius,RH_%,POA_A_DATA_3_Avg,WS_Avg_km/h,T110PV_C_Avg_Degree Celcius
2/7/2025 18:00,89.63156134,61.49307572,36.0883893,31.90490414,55.50340327,2.577687211,39.15215225
2/7/2025 18:01,87.62345949,59.22314346,36.05215208,31.98582117,53.33502342,2.538427128,39.05119478
2/7/2025 18:02,85.63697646,56.97665952,36.01584663,32.06692158,51.18996581,2.499229917,38.95068782
2/7/2025 18:03,83.67218765,54.7537276,35.97947621,32.14819792,49.06831737,2.460099919,38.8506381
2/7/2025 18:04,81.72916501,52.55444768,35.94304409,32.22964273,46.9701614,2.421041457,38.75105226
2/7/2025 18:05,79.8079771,50.37891605,35.90655352,32.31124854,44.89557758,2.382058833,38.65193687
2/7/2025 18:06,77.90868905,48.2272253,35.87000777,32.3930079,42.84464195,2.343156322,38.55329842
2/7/2025 18:07,76.03136252,46.0994642,35.83341009,32.47491333,40.81742683,2.304338178,38.45514332
2/7/2025 18:08,74.17605576,43.99571785,35.79676374,32.55695738,38.81400096,2.26560863,38.35747791
2/7/2025 18:09,72.34282351,41.9160675,35.76007198,32.63913259,36.83442929,2.226971878,38.26030845
2/7/2025 18:10,70.53171704,39.86059062,35.72333804,32.72143151,34.87877309,2.188432098,38.16364111
2/7/2025 18:11,68.74278417,37.82936086,35.68656516,32.80384669,32.94708991,2.149993436,38.06748197
2/7/2025 18:12,66.97606917,35.82244804,35.64975659,32.88637072,31.03943356,2.11166001,37.97183704
2/7/2025 18:13,65.23161286,33.83991814,35.61291554,32.96899615,29.15585411,2.073435905,37.87671223
2/7/2025 18:14,63.50945249,31.88183324,35.57604524,33.05171559,27.29639785,2.035325178,37.78211338
2/7/2025 18:15,61.80962183,29.94825157,35.53914889,33.13452163,25.46110731,1.997331852,37.68804623
2/7/2025 18:16,60.13215111,28.03922748,35.5022297,33.21740691,23.65002125,1.959459917,37.59451643
2/7/2025 18:17,58.47706705,26.15481139,35.46529087,33.30036406,21.86317464,1.92171333,37.50152953
2/7/2025 18:18,56.84439279,24.29504981,35.42833556,33.38338575,20.10059862,1.884096011,37.409091
2/7/2025 18:19,55.23414798,22.45998535,35.39136696,33.46646465,18.36232059,1.846611846,37.31720621
2/7/2025 18:20,53.64634869,20.64965667,35.35438822,33.54959347,16.64836409,1.809264682,37.22588045
2/7/2025 18:21,52.08100749,18.8640985,35.31740249,33.63276494,14.95874888,1.772058329,37.13511889
2/7/2025 18:22,50.53813337,17.10334162,35.28041289,33.71597183,13.29349089,1.734996558,37.04492661
2/7/2025 18:23,49.01773177,15.36741283,35.24342255,33.79920691,11.65260221,1.698083102,36.9553086
2/7/2025 18:24,47.51980463,13.65633502,35.20643456,33.88246301,10.03609116,1.661321651,36.86626975
2/7/2025 18:25,46.04435029,11.97012707,35.16945203,33.96573296,8.443962186,1.624715854,36.77781483
2/7/2025 18:26,44.59136358,10.30880391,35.13247801,34.04900966,6.87621593,1.588269319,36.68994853
2/7/2025 18:27,43.16083582,8.672376528,35.09551558,34.13228603,5.332849232,1.551985611,36.60267543
2/7/2025 18:28,41.75275472,7.060851871,35.05856775,34.21555501,3.813855058,1.515868248,36.516
2/7/2025 18:29,40.36710455,5.474232987,35.02163756,34.29880959,2.319222611,1.479920708,36.42992662
2/7/2025 18:30,39.00386598,3.912518901,34.984728,34.38204282,0.848937234,1.444146418,36.34445955
2/7/2025 18:31,37.66301619,2.375704675,34.94784206,34.46524776,-0.597019533,1.408548764,36.25960293
2/7/2025 18:32,36.34452887,0.86378142,34.91098271,34.54841754,-2.018669943,1.37313108,36.17536084
2/7/2025 18:33,35.04837418,-0.623263744,34.87415287,34.63154531,-3.416040073,1.337896657,36.0917372
2/7/2025 18:34,33.77451879,-2.085447654,34.83735547,34.71462428,-4.789159787,1.302848732,36.00873584
2/7/2025 18:35,32.52292588,-3.5227911,34.80059342,34.79764771,-6.138062738,1.267990497,35.92636049
2/7/2025 18:36,31.29355517,-4.93531884,34.76386959,34.8806089,-7.462786367,1.233325092,35.84461477
2/7/2025 18:37,30.0863629,-6.323059561,34.72718683,34.96350122,-8.763371875,1.198855606,35.76350215
2/7/2025 18:38,28.90130187,-7.686045913,34.69054797,35.04631807,-10.03986424,1.164585077,35.68302604
2/7/2025 18:39,27.73832143,-9.024314468,34.65395581,35.12905291,-11.29231219,1.130516492,35.60318971
2/7/2025 18:40,26.59736752,-10.33790571,34.61741315,35.21169926,-12.52076817,1.096652782,35.5239963
2/7/2025 18:41,25.47838264,-11.62686406,34.58092274,35.29425069,-13.72528838,1.062996829,35.44544887
2/7/2025 18:42,24.3813059,-12.89123783,34.5444873,35.37670085,-14.90593274,1.029551456,35.36755035
2/7/2025 18:43,23.30607307,-14.13107921,34.50810955,35.45904341,-16.06276482,0.996319436,35.29030354
2/7/2025 18:44,22.25261649,-15.34644429,34.47179215,35.54127214,-17.19585194,0.963303482,35.21371114
2/7/2025 18:45,21.2208652,-16.537393,34.43553776,35.62338084,-18.30526503,0.930506257,35.13777573
2/7/2025 18:46,20.2107449,-17.70398915,34.39934901,35.70536339,-19.39107872,0.897930361,35.06249978
2/7/2025 18:47,19.22217796,-18.84630035,34.36322847,35.78721375,-20.45337123,0.865578343,34.98788561
2/7/2025 18:48,18.25508348,-19.96439805,34.32717873,35.86892592,-21.49222442,0.83345269,34.91393547
2/7/2025 18:49,17.3093773,-21.05835749,34.29120232,35.95049397,-22.50772375,0.801555834,34.84065145
2/7/2025 18:50,16.38497197,-22.12825769,34.25530173,36.03191205,-23.49995824,0.769890148,34.76803554
2/7/2025 18:51,15.48177687,-23.17418143,34.21947945,36.11317438,-24.46902046,0.738457943,34.6960896
2/7/2025 18:52,14.59969811,-24.19621526,34.18373793,36.19427524,-25.41500653,0.707261476,34.62481539
2/7/2025 18:53,13.73863869,-25.19444942,34.14807956,36.27520898,-26.33801606,0.67630294,34.55421453
2/7/2025 18:54,12.8984984,-26.16897784,34.11250675,36.35597006,-27.23815216,0.64558447,34.48428852
2/7/2025 18:55,12.07917392,-27.11989817,34.07702183,36.43655296,-28.1155214,0.615108137,34.41503876
2/7/2025 18:56,11.28055883,-28.04731167,34.04162712,36.51695227,-28.97023377,0.584875956,34.34646649
2/7/2025 18:57,10.50254361,-28.95132326,34.00632491,36.59716264,-29.80240269,0.554889877,34.27857287
2/7/2025 18:58,9.74501572,-29.83204145,33.97111744,36.67717883,-30.61214495,0.525151789,34.21135892
2/7/2025 18:59,9.00785957,-30.68957831,33.93600694,36.75699563,-31.39958068,0.49566352,34.14482553
2/7/2025 19:00,7.396338135,-32.81663111,33.90033789,36.84912827,-33.32510989,0.444378276,34.04007476
2/7/2025 19:01,6.699566773,-33.62815577,33.86542783,36.92853108,-34.06830629,0.415394875,33.97490472
2/7/2025 19:02,6.022802554,-34.41685657,33.83062118,37.00771944,-34.78957646,0.386666398,33.9104172
2/7/2025 19:03,5.365918095,-35.18285962,33.79592002,37.08668848,-35.48905365,0.35819442,33.84661263
2/7/2025 19:04,4.728783143,-35.92629447,33.76132638,37.16543343,-36.16687435,0.329980455,33.7834913
2/7/2025 19:05,4.111264597,-36.64729408,33.72684229,37.2439496,-36.82317819,0.302025951,33.72105338
2/7/2025 19:06,3.513226561,-37.34599476,33.6924697,37.32223239,-37.45810795,0.274332292,33.65929891
2/7/2025 19:07,2.934530341,-38.02253618,33.65821055,37.40027726,-38.07180954,0.2469008,33.59822782
2/7/2025 19:08,2.37503452,-38.67706131,33.62406674,37.47807979,-38.6644319,0.219732731,33.53783992
2/7/2025 19:09,1.834594966,-39.30971638,33.59004012,37.55563563,-39.23612703,0.192829276,33.47813489
2/7/2025 19:10,1.313064881,-39.92065086,33.55613254,37.63294053,-39.78704992,0.166191564,33.4191123
2/7/2025 19:11,0.810294822,-40.51001742,33.52234575,37.70999031,-40.31735852,0.139820657,33.36077158
2/7/2025 19:12,0.326132761,-41.0779719,33.48868153,37.7867809,-40.8272137,0.113717553,33.30311206
2/7/2025 19:13,-0.139575905,-41.62467324,33.45514156,37.8633083,-41.31677923,0.087883185,33.24613295
2/7/2025 19:14,-0.586988295,-42.15028349,33.42172754,37.93956863,-41.78622172,0.062318422,33.18983333
2/7/2025 19:15,-1.016264014,-42.65496773,33.38844108,38.01555807,-42.23571058,0.037024068,33.13421215
2/7/2025 19:16,-1.427565121,-43.13889408,33.35528378,38.09127291,-42.66541799,0.01200086,33.07926828
2/7/2025 19:17,-1.821056074,-43.60223358,33.3222572,38.16670953,-43.07551887,-0.012750527,33.02500043
2/7/2025 19:18,-2.1969037,-44.04516023,33.28936286,38.24186441,-43.4661908,-0.037229485,32.97140721
2/7/2025 19:19,-2.555277161,-44.46785091,33.25660222,38.31673412,-43.83761403,-0.06143547,32.91848712
2/7/2025 19:20,-2.89634789,-44.87048533,33.22397673,38.39131531,-44.18997139,-0.085368003,32.86623853
2/7/2025 19:21,-3.220289581,-45.25324601,33.19148778,38.46560474,-44.52344828,-0.10902667,32.8146597
2/7/2025 19:22,-3.527278112,-45.61631823,33.15913674,38.53959926,-44.83823258,-0.132411121,32.76374877
2/7/2025 19:23,-3.817491538,-45.95988996,33.12692492,38.61329582,-45.1345147,-0.155521071,32.71350378
2/7/2025 19:24,-4.091110019,-46.28415187,33.0948536,38.68669146,-45.41248741,-0.1783563,32.66392263
2/7/2025 19:25,-4.348315787,-46.58929721,33.06292402,38.75978333,-45.67234588,-0.200916651,32.61500313
2/7/2025 19:26,-4.58929311,-46.87552183,33.03113737,38.83256865,-45.91428764,-0.223202033,32.56674296
2/7/2025 19:27,-4.814228236,-47.1430241,32.99949481,38.90504476,-46.13851245,-0.245212416,32.51913969
2/7/2025 19:28,-5.023309351,-47.39200488,32.96799747,38.9772091,-46.34522235,-0.266947837,32.4721908
2/7/2025 19:29,-5.216726534,-47.62266744,32.93664641,39.04905918,-46.53462154,-0.288408394,32.42589364
2/7/2025 19:30,-5.394671717,-47.83521745,32.90544268,39.12059263,-46.70691639,-0.309594251,32.38024544
2/7/2025 19:31,-5.557338627,-48.02986291,32.87438728,39.19180717,-46.86231533,-0.330505631,32.33524334
2/7/2025 19:32,-5.704922749,-48.20681409,32.84348115,39.26270063,-47.00102885,-0.351142825,32.29088437
2/7/2025 19:33,-5.837621278,-48.36628353,32.81272521,39.33327092,-47.12326944,-0.371506181,32.24716545
2/7/2025 19:34,-5.955633065,-48.50848591,32.78212035,39.40351605,-47.22925151,-0.391596114,32.20408338
2/7/2025 19:35,-6.059158575,-48.63363806,32.75166739,39.47343414,-47.31919137,-0.411413097,32.16163488
2/7/2025 19:36,-6.14839984,-48.7419589,32.72136712,39.5430234,-47.39330718,-0.430957668,32.11981655
2/7/2025 19:37,-6.223560406,-48.83366936,32.69122032,39.61228214,-47.45181889,-0.450230423,32.07862489
2/7/2025 19:38,-6.284845288,-48.90899236,32.66122768,39.68120877,-47.49494816,-0.469232022,32.03805629
2/7/2025 19:39,-6.332460914,-48.96815273,32.63138988,39.74980178,-47.52291836,-0.487963182,31.99810706
2/7/2025 19:40,-6.366615088,-49.01137716,32.60170757,39.81805978,-47.53595448,-0.506424683,31.95877338
2/7/2025 19:41,-6.387516927,-49.03889419,32.57218132,39.88598147,-47.53428311,-0.524617362,31.92005136
2/7/2025 19:42,-6.395376823,-49.05093407,32.54281169,39.95356564,-47.51813232,-0.542542119,31.88193699
2/7/2025 19:43,-6.390406382,-49.0477288,32.51359921,40.0208112,-47.4877317,-0.560199907,31.84442618
2/7/2025 19:44,-6.372818381,-49.029512,32.48454433,40.08771712,-47.44331223,-0.577591743,31.80751474
2/7/2025 19:45,-6.342826714,-48.99651889,32.45564751,40.1542825,-47.38510625,-0.594718699,31.77119838
2/7/2025 19:46,-6.300646341,-48.94898623,32.42690913,40.22050652,-47.31334743,-0.611581904,31.73547272
2/7/2025 19:47,-6.246493241,-48.88715227,32.39832955,40.28638845,-47.22827067,-0.628182544,31.70033328
2/7/2025 19:48,-6.180584354,-48.81125667,32.36990908,40.35192767,-47.13011208,-0.644521862,31.66577551
2/7/2025 19:49,-6.103137533,-48.72154047,32.34164801,40.41712366,-47.01910891,-0.660601156,31.63179476
2/7/2025 19:50,-6.014371495,-48.61824602,32.31354658,40.48197597,-46.89549949,-0.67642178,31.59838629
2/7/2025 19:51,-5.914505764,-48.5016169,32.28560498,40.54648426,-46.75952319,-0.691985141,31.56554528
2/7/2025 19:52,-5.803760624,-48.37189793,32.25782338,40.6106483,-46.61142035,-0.707292702,31.5332668
2/7/2025 19:53,-5.682357061,-48.22933503,32.2302019,40.67446791,-46.45143223,-0.722345978,31.50154588
2/7/2025 19:54,-5.550516718,-48.07417521,32.20274063,40.73794305,-46.27980095,-0.737146536,31.47037744
2/7/2025 19:55,-5.408461836,-47.90666651,32.17543961,40.80107374,-46.09676943,-0.751695997,31.43975632
2/7/2025 19:56,-5.256415205,-47.72705791,32.14829887,40.8638601,-45.90258135,-0.765996032,31.40967728
2/7/2025 19:57,-5.094600114,-47.53559933,32.12131837,40.92630236,-45.69748107,-0.780048364,31.38013502
2/7/2025 19:58,-4.923240291,-47.3325415,32.09449805,40.98840081,-45.48171358,-0.793854766,31.35112414
2/7/2025 19:59,-4.742559861,-47.11813595,32.06783781,41.05015586,-45.25552446,-0.80741706,31.32263919
2/7/2025 20:00,-5.447401725,-48.18521655,32.04067982,41.12408831,-46.17943632,-0.842785673,31.2557759
2/7/2025 20:01,-5.248753743,-47.94887299,32.0143393,41.18515808,-45.93314268,-0.85586541,31.22832611
2/7/2025 20:02,-5.041459339,-47.70194043,31.98815835,41.24588617,-45.67716702,-0.868706795,31.20138542
2/7/2025 20:03,-4.825743672,-47.44467292,31.96213672,41.30627331,-45.41175663,-0.881311841,31.17494808
2/7/2025 20:04,-4.60183203,-47.17732504,31.93627414,41.36632035,-45.13715913,-0.893682606,31.14900829
2/7/2025 20:05,-4.36994978,-46.90015178,31.91057029,41.42602819,-44.85362233,-0.905821195,31.12356015
2/7/2025 20:06,-4.130322309,-46.61340849,31.88502483,41.48539786,-44.56139424,-0.917729755,31.09859774
2/7/2025 20:07,-3.883174975,-46.31735085,31.85963737,41.54443044,-44.26072297,-0.929410479,31.07411504
2/7/2025 20:08,-3.628733057,-46.01223478,31.8344075,41.6031271,-43.95185672,-0.940865601,31.050106
2/7/2025 20:09,-3.367221698,-45.69831638,31.80933477,41.66148909,-43.63504365,-0.952097398,31.02656449
2/7/2025 20:10,-3.098865856,-45.37585188,31.7844187,41.71951776,-43.31053189,-0.963108188,31.00348434
2/7/2025 20:11,-2.823890255,-45.04509759,31.75965879,41.77721451,-42.97856946,-0.973900329,30.9808593
2/7/2025 20:12,-2.54251932,-44.70630983,31.73505447,41.83458085,-42.6394042,-0.984476219,30.95868309
2/7/2025 20:13,-2.25497715,-44.35974486,31.71060517,41.89161834,-42.29328374,-0.994838294,30.93694938
2/7/2025 20:14,-1.961487435,-44.00565883,31.68631029,41.94832864,-41.9404554,-1.004989029,30.91565177
2/7/2025 20:15,-1.662273435,-43.64430773,31.66216918,42.00471348,-41.58116617,-1.014930936,30.89478384
2/7/2025 20:16,-1.357557907,-43.27594732,31.63818117,42.06077466,-41.21566267,-1.024666561,30.87433909
2/7/2025 20:17,-1.047563063,-42.90083306,31.61434556,42.11651406,-40.84419102,-1.034198488,30.85431099
2/7/2025 20:18,-0.732510523,-42.51922008,31.59066163,42.17193363,-40.46699687,-1.043529334,30.83469299
2/7/2025 20:19,-0.412621253,-42.13136309,31.56712861,42.2270354,-40.08432529,-1.05266175,30.81547847
2/7/2025 20:20,-0.088115529,-41.73751636,31.54374571,42.28182145,-39.69642072,-1.061598419,30.79666077
2/7/2025 20:21,0.240787125,-41.3379336,31.52051211,42.33629395,-39.30352693,-1.070342056,30.77823322
2/7/2025 20:22,0.573867982,-40.93286796,31.49742698,42.39045515,-38.90588697,-1.078895407,30.76018909
2/7/2025 20:23,0.910909158,-40.52257197,31.47448944,42.44430733,-38.50374307,-1.087261248,30.74252162
2/7/2025 20:24,1.251693668,-40.10729742,31.45169858,42.49785286,-38.09733666,-1.095442384,30.72522402
2/7/2025 20:25,1.596005468,-39.68729537,31.42905349,42.55109419,-37.68690825,-1.103441647,30.70828949
2/7/2025 20:26,1.943629508,-39.26281608,31.40655322,42.6040338,-37.27269738,-1.111261898,30.69171117
2/7/2025 20:27,2.294351781,-38.83410891,31.38419677,42.65667425,-36.85494263,-1.118906023,30.67548219
2/7/2025 20:28,2.647959362,-38.40142232,31.36198317,42.70901818,-36.43388149,-1.126376933,30.65959566
2/7/2025 20:29,3.004240467,-37.96500377,31.33991137,42.76106825,-36.00975034,-1.133677563,30.64404466
2/7/2025 20:30,3.3629845,-37.52509969,31.31798033,42.81282721,-35.5827844,-1.140810873,30.62882224
2/7/2025 20:31,3.72398208,-37.08195542,31.29618897,42.86429786,-35.15321768,-1.147779844,30.61392146
2/7/2025 20:32,4.087025113,-36.63581515,31.2745362,42.91548305,-34.72128291,-1.154587479,30.59933533
2/7/2025 20:33,4.451906828,-36.18692184,31.2530209,42.96638569,-34.28721151,-1.1612368,30.58505687
2/7/2025 20:34,4.818421809,-35.73551724,31.23164192,43.01700875,-33.85123351,-1.167730852,30.57107908
2/7/2025 20:35,5.186366067,-35.28184173,31.21039811,43.06735525,-33.41357754,-1.174072694,30.55739493
2/7/2025 20:36,5.555537055,-34.82613438,31.18928828,43.11742824,-32.97447074,-1.180265405,30.54399742
2/7/2025 20:37,5.925733737,-34.36863279,31.16831124,43.16723085,-32.53413873,-1.186312081,30.53087951
2/7/2025 20:38,6.296756618,-33.90957311,31.14746575,43.21676625,-32.09280555,-1.192215834,30.51803416
2/7/2025 20:39,6.668407787,-33.44918996,31.12675057,43.26603764,-31.65069364,-1.197979787,30.50545434
2/7/2025 20:40,7.040490965,-32.9877164,31.10616445,43.31504828,-31.20802375,-1.20360708,30.493133
2/7/2025 20:41,7.412811545,-32.52538382,31.08570611,43.36380148,-30.76501492,-1.209100865,30.48106311
2/7/2025 20:42,7.785176632,-32.06242197,31.06537424,43.41230057,-30.32188441,-1.214464305,30.46923761
2/7/2025 20:43,8.157395088,-31.59905885,31.04516754,43.46054895,-29.87884769,-1.219700575,30.45764949
2/7/2025 20:44,8.529277564,-31.13552067,31.02508469,43.50855005,-29.43611836,-1.224812857,30.44629171
2/7/2025 20:45,8.900636551,-30.67203184,31.00512432,43.55630731,-28.99390812,-1.229804345,30.43515725
2/7/2025 20:46,9.271286415,-30.20881487,30.98528509,43.60382425,-28.55242669,-1.234678238,30.42423909
2/7/2025 20:47,9.641043427,-29.74609034,30.96556561,43.6511044,-28.11188184,-1.239437743,30.41353023
2/7/2025 20:48,10.00972582,-29.28407686,30.94596451,43.69815133,-27.67247928,-1.244086073,30.4030237
2/7/2025 20:49,10.3771538,-28.82299102,30.92648037,43.74496865,-27.23442262,-1.248626446,30.3927125
2/7/2025 20:50,10.74314962,-28.36304735,30.90711178,43.79155999,-26.79791339,-1.253062081,30.3825897
2/7/2025 20:51,11.10753757,-27.90445824,30.88785732,43.837929,-26.3631509,-1.257396204,30.37264834
2/7/2025 20:52,11.47014407,-27.44743396,30.86871555,43.88407939,-25.93033229,-1.261632039,30.36288152
2/7/2025 20:53,11.83079763,-26.99218254,30.84968501,43.93001487,-25.49965242,-1.265772814,30.35328234
2/7/2025 20:54,12.18932898,-26.53890978,30.83076424,43.97573918,-25.0713039,-1.269821755,30.34384392
2/7/2025 20:55,12.545571,-26.08781919,30.81195177,44.02125609,-24.64547697,-1.273782087,30.33455942
2/7/2025 20:56,12.89935883,-25.63911193,30.79324613,44.06656939,-24.22235951,-1.277657034,30.32542203
2/7/2025 20:57,13.25052989,-25.1929868,30.77464582,44.11168289,-23.80213702,-1.281449815,30.31642494
2/7/2025 20:58,13.59892387,-24.74964018,30.75614935,44.15660041,-23.38499253,-1.285163648,30.30756142
2/7/2025 20:59,13.94438281,-24.309266,30.7377552,44.2013258,-22.97110658,-1.288801744,30.29882473
2/7/2025 21:00,13.39213266,-25.16463728,30.71880418,44.25838325,-23.72093374,-1.314415864,30.25130946
2/7/2025 21:01,13.73125709,-24.73077971,30.70061015,44.30273598,-23.31409646,-1.317912095,30.24280639
2/7/2025 21:02,14.06698686,-24.3004612,30.6825139,44.34690821,-22.91104414,-1.321342183,30.2344102
2/7/2025 21:03,14.39917363,-23.87386546,30.66451389,44.39090383,-22.51194708,-1.324709312,30.2261143
2/7/2025 21:04,14.72767152,-23.45117355,30.64660859,44.43472677,-22.11697288,-1.328016653,30.21791216
2/7/2025 21:05,15.05233716,-23.03256384,30.62879646,44.47838093,-21.7262865,-1.331267369,30.20979728
2/7/2025 21:06,15.37302972,-22.61821198,30.61107595,44.52187024,-21.34005014,-1.334464611,30.20176322
2/7/2025 21:07,15.68961091,-22.20829087,30.59344553,44.56519863,-20.95842328,-1.337611516,30.19380358
2/7/2025 21:08,16.00194501,-21.80297063,30.57590363,44.60837005,-20.58156261,-1.34071121,30.18591199
2/7/2025 21:09,16.30989894,-21.40241855,30.55844872,44.65138842,-20.20962201,-1.343766803,30.17808217
2/7/2025 21:10,16.6133422,-21.00679905,30.54107924,44.69425769,-19.84275253,-1.346781392,30.17030784
2/7/2025 21:11,16.91214696,-20.61627372,30.52379364,44.7369818,-19.48110236,-1.349758056,30.16258281
2/7/2025 21:12,17.20618808,-20.23100118,30.50659036,44.77956467,-19.12481679,-1.352699858,30.15490093
2/7/2025 21:13,17.49534307,-19.85113713,30.48946785,44.82201025,-18.7740382,-1.355609843,30.14725611
2/7/2025 21:14,17.77949218,-19.47683432,30.47242457,44.86432247,-18.42890603,-1.358491038,30.13964232
2/7/2025 21:15,18.05851839,-19.10824246,30.45545895,44.90650524,-18.08955675,-1.36134645,30.13205357
2/7/2025 21:16,18.33230742,-18.74550827,30.43856946,44.94856247,-17.75612385,-1.364179068,30.12448394
2/7/2025 21:17,18.60074775,-18.3887754,30.42175454,44.99049808,-17.4287378,-1.366991856,30.11692759
2/7/2025 21:18,18.86373066,-18.03818441,30.40501266,45.03231596,-17.10752604,-1.369787759,30.10937872
2/7/2025 21:19,19.12115021,-17.69387279,30.38834227,45.07401999,-16.79261295,-1.372569698,30.1018316
2/7/2025 21:20,19.37290331,-17.35597488,30.37174184,45.11561404,-16.48411986,-1.375340571,30.09428057
2/7/2025 21:21,19.61888966,-17.02462189,30.35520983,45.15710196,-16.18216498,-1.378103253,30.08672002
2/7/2025 21:22,19.85901183,-16.69994185,30.33874474,45.19848759,-15.88686343,-1.380860591,30.07914444
2/7/2025 21:23,20.09317524,-16.38205961,30.32234502,45.23977475,-15.59832718,-1.383615409,30.07154836
2/7/2025 21:24,20.32128816,-16.07109679,30.30600918,45.28096724,-15.31666508,-1.386370502,30.06392638
2/7/2025 21:25,20.54326176,-15.76717181,30.2897357,45.32206884,-15.04198282,-1.38912864,30.05627321
2/7/2025 21:26,20.75901011,-15.47039983,30.27352308,45.36308331,-14.77438289,-1.391892562,30.04858359
2/7/2025 21:27,20.96845015,-15.18089274,30.25736984,45.40401439,-14.51396462,-1.394664982,30.04085235
2/7/2025 21:28,21.17150175,-14.89875917,30.24127448,45.44486579,-14.26082412,-1.39744858,30.0330744
2/7/2025 21:29,21.36808769,-14.62410444,30.22523555,45.48564118,-14.0150543,-1.40024601,30.02524472
2/7/2025 21:30,21.55813367,-14.35703057,30.20925155,45.52634424,-13.77674485,-1.403059891,30.01735838
2/7/2025 21:31,21.74156832,-14.09763625,30.19332106,45.56697859,-13.54598221,-1.405892815,30.00941051
2/7/2025 21:32,21.91832323,-13.84601684,30.17744261,45.60754783,-13.32284959,-1.408747337,30.00139633
2/7/2025 21:33,22.08833288,-13.60226438,30.16161477,45.64805553,-13.10742696,-1.411625982,29.99331116
2/7/2025 21:34,22.25153475,-13.3664675,30.14583611,45.68850522,-12.899791,-1.41453124,29.98515035
2/7/2025 21:35,22.40786922,-13.13871151,30.13010524,45.72890042,-12.70001515,-1.417465568,29.9769094
2/7/2025 21:36,22.55727965,-12.91907834,30.11442073,45.7692446,-12.50816958,-1.420431388,29.96858384
2/7/2025 21:37,22.69971234,-12.70764653,30.09878121,45.80954118,-12.32432118,-1.423431084,29.96016931
2/7/2025 21:38,22.83511652,-12.50449122,30.0831853,45.84979356,-12.14853356,-1.426467008,29.95166154
2/7/2025 21:39,22.96344442,-12.30968419,30.06763164,45.89000511,-11.98086706,-1.429541472,29.94305632
2/7/2025 21:40,23.08465116,-12.12329378,30.05211888,45.93017914,-11.82137871,-1.432656752,29.93434956
2/7/2025 21:41,23.19869486,-11.94538497,30.03664568,45.97031893,-11.6701223,-1.435815087,29.92553725
2/7/2025 21:42,23.30553655,-11.77601931,30.02121072,46.01042772,-11.52714829,-1.439018677,29.91661545
2/7/2025 21:43,23.40514021,-11.61525495,30.0058127,46.05050871,-11.3925039,-1.442269683,29.90758033
2/7/2025 21:44,23.49747276,-11.46314663,29.99045033,46.09056505,-11.26623304,-1.445570227,29.89842814
2/7/2025 21:45,23.58250404,-11.31974568,29.97512233,46.13059985,-11.14837635,-1.44892239,29.88915524
2/7/2025 21:46,23.66020684,-11.18510004,29.95982745,46.17061617,-11.0389712,-1.452328216,29.87975806
2/7/2025 21:47,23.73055684,-11.05925423,29.94456444,46.21061702,-10.9380517,-1.455789704,29.87023313
2/7/2025 21:48,23.79353264,-10.94224937,29.92933208,46.25060537,-10.84564867,-1.459308814,29.86057707
2/7/2025 21:49,23.84911575,-10.83412319,29.91412916,46.29058415,-10.76178969,-1.462887465,29.85078661
2/7/2025 21:50,23.89729055,-10.73491001,29.89895449,46.33055622,-10.68649908,-1.466527532,29.84085857
2/7/2025 21:51,23.93804433,-10.64464079,29.88380689,46.37052439,-10.61979794,-1.470230849,29.83078984
2/7/2025 21:52,23.97136723,-10.56334309,29.86868522,46.41049145,-10.56170412,-1.473999207,29.82057744
2/7/2025 21:53,23.99725226,-10.4910411,29.85358833,46.45046011,-10.51223223,-1.477834353,29.81021846
2/7/2025 21:54,24.01569527,-10.42775564,29.8385151,46.49043302,-10.47139371,-1.481737991,29.79971011
2/7/2025 21:55,24.02669495,-10.3735042,29.82346444,46.5304128,-10.43919677,-1.48571178,29.78904968
2/7/2025 21:56,24.0302528,-10.3283009,29.80843527,46.570402,-10.41564643,-1.489757337,29.77823456
2/7/2025 21:57,24.02637313,-10.29215655,29.79342653,46.61040312,-10.40074455,-1.493876232,29.76726225
2/7/2025 21:58,24.01506305,-10.2650786,29.77843718,46.6504186,-10.39448983,-1.49806999,29.75613032
2/7/2025 21:59,23.99633242,-10.24707123,29.76346619,46.69045082,-10.39687781,-1.502340094,29.74483648
2/7/2025 22:00,23.07557542,-11.53071693,29.74785487,46.74302245,-11.56817744,-1.528736535,29.69447978
2/7/2025 22:01,23.0420443,-11.53085008,29.73291764,46.7830951,-11.58782499,-1.533163589,29.68285554
2/7/2025 22:02,23.0011387,-11.54004661,29.71799584,46.82319129,-11.61608321,-1.537671156,29.67106304
2/7/2025 22:03,22.9528794,-11.55829762,29.70308854,46.86331319,-11.65293522,-1.542260535,29.65910036
2/7/2025 22:04,22.89728986,-11.58559097,29.68819481,46.90346288,-11.69836113,-1.546932976,29.64696568
2/7/2025 22:05,22.83439619,-11.6219113,29.67331377,46.94364239,-11.75233798,-1.551689683,29.63465727
2/7/2025 22:06,22.76422715,-11.66724008,29.65844453,46.98385369,-11.81483981,-1.556531816,29.62217353
2/7/2025 22:07,22.68681411,-11.72155561,29.64358626,47.02409869,-11.88583768,-1.561460484,29.60951293
2/7/2025 22:08,22.60219101,-11.78483301,29.62873812,47.06437921,-11.96529965,-1.566476753,29.59667406
2/7/2025 22:09,22.51039438,-11.85704432,29.6138993,47.10469705,-12.05319087,-1.571581637,29.5836556
2/7/2025 22:10,22.4114633,-11.93815844,29.59906903,47.14505392,-12.14947355,-1.576776108,29.57045632
2/7/2025 22:11,22.30543934,-12.0281412,29.58424654,47.18545147,-12.254107,-1.582061087,29.55707511
2/7/2025 22:12,22.19236659,-12.12695539,29.56943108,47.22589128,-12.36704767,-1.587437449,29.54351094
2/7/2025 22:13,22.07229158,-12.23456075,29.55462195,47.26637488,-12.48824918,-1.592906022,29.5297629
2/7/2025 22:14,21.94526329,-12.35091403,29.53981846,47.30690373,-12.61766229,-1.598467585,29.51583015
2/7/2025 22:15,21.81133312,-12.47596899,29.52501993,47.34747921,-12.75523503,-1.60412287,29.50171199
2/7/2025 22:16,21.67055484,-12.60967645,29.51022571,47.38810264,-12.90091263,-1.609872562,29.48740778
2/7/2025 22:17,21.52298457,-12.75198432,29.49543519,47.4287753,-13.05463761,-1.615717298,29.472917
2/7/2025 22:18,21.36868076,-12.90283759,29.48064776,47.46949836,-13.21634978,-1.621657668,29.45823922
2/7/2025 22:19,21.20770416,-13.06217842,29.46586284,47.51027296,-13.3859863,-1.627694213,29.4433741
2/7/2025 22:20,21.04011777,-13.22994611,29.45107989,47.55110015,-13.56348168,-1.633827429,29.42832142
2/7/2025 22:21,20.86598682,-13.40607721,29.43629837,47.59198092,-13.74876785,-1.640057762,29.41308103
2/7/2025 22:22,20.68537876,-13.59050544,29.42151778,47.6329162,-13.94177413,-1.646385613,29.39765291
2/7/2025 22:23,20.49836318,-13.78316183,29.40673764,47.67390683,-14.14242734,-1.652811333,29.3820371
2/7/2025 22:24,20.30501181,-13.98397471,29.39195749,47.71495362,-14.3506518,-1.659335229,29.36623375
2/7/2025 22:25,20.10539849,-14.19286974,29.37717688,47.75605727,-14.56636934,-1.665957559,29.35024312
2/7/2025 22:26,19.89959912,-14.40976994,29.36239542,47.79721845,-14.78949938,-1.672678536,29.33406555
2/7/2025 22:27,19.68769163,-14.63459574,29.34761271,47.83843773,-15.01995894,-1.679498323,29.31770146
2/7/2025 22:28,19.46975594,-14.86726504,29.3328284,47.87971564,-15.25766269,-1.686417041,29.3011514
2/7/2025 22:29,19.24587394,-15.10769318,29.31804213,47.92105261,-15.50252298,-1.69343476,29.28441598
2/7/2025 22:30,19.01612943,-15.35579305,29.3032536,47.96244904,-15.75444988,-1.700551508,29.26749591
2/7/2025 22:31,18.78060809,-15.61147508,29.2884625,48.00390523,-16.01335121,-1.707767266,29.25039201
2/7/2025 22:32,18.53939748,-15.87464732,29.27366858,48.04542143,-16.27913261,-1.715081967,29.23310517
2/7/2025 22:33,18.29258695,-16.14521542,29.25887159,48.08699782,-16.55169754,-1.722495502,29.21563637
2/7/2025 22:34,18.04026762,-16.42308275,29.2440713,48.12863452,-16.83094736,-1.730007715,29.19798669
2/7/2025 22:35,17.78253235,-16.70815036,29.22926751,48.17033155,-17.11678132,-1.737618405,29.18015729
2/7/2025 22:36,17.5194757,-17.00031709,29.21446005,48.2120889,-17.40909666,-1.745327328,29.16214943
2/7/2025 22:37,17.25119386,-17.29947956,29.19964877,48.25390649,-17.70778863,-1.753134194,29.14396445
2/7/2025 22:38,16.97778469,-17.60553225,29.18483354,48.29578414,-18.01275049,-1.761038671,29.12560376
2/7/2025 22:39,16.69934756,-17.91836752,29.17001424,48.33772164,-18.32387363,-1.769040382,29.10706888
2/7/2025 22:40,16.41598343,-18.23787567,29.15519081,48.37971871,-18.64104756,-1.777138907,29.08836141
2/7/2025 22:41,16.12779472,-18.56394496,29.14036316,48.42177497,-18.96415996,-1.785333784,29.06948301
2/7/2025 22:42,15.83488531,-18.8964617,29.12553128,48.46389003,-19.29309675,-1.793624507,29.05043545
2/7/2025 22:43,15.5373605,-19.23531024,29.11069513,48.50606338,-19.62774211,-1.80201053,29.03122057
2/7/2025 22:44,15.23532696,-19.58037304,29.09585473,48.54829448,-19.96797853,-1.810491263,29.01184029
2/7/2025 22:45,14.92889266,-19.93153076,29.08101011,48.59058271,-20.31368687,-1.819066078,28.9922966
2/7/2025 22:46,14.6181669,-20.28866222,29.06616131,48.63292741,-20.66474638,-1.827734303,28.97259158
2/7/2025 22:47,14.30326018,-20.65164451,29.05130841,48.67532782,-21.02103478,-1.836495227,28.9527274
2/7/2025 22:48,13.98428422,-21.02035303,29.03645149,48.71778315,-21.38242829,-1.845348099,28.93270627
2/7/2025 22:49,13.66135187,-21.39466151,29.02159069,48.76029252,-21.74880164,-1.854292129,28.91253051
2/7/2025 22:50,13.33457714,-21.7744421,29.00672612,48.80285502,-22.12002822,-1.863326488,28.89220249
2/7/2025 22:51,13.00407505,-22.15956536,28.99185795,48.84546965,-22.49597999,-1.872450307,28.87172466
2/7/2025 22:52,12.66996167,-22.54990038,28.97698636,48.88813537,-22.87652766,-1.881662682,28.85109954
2/7/2025 22:53,12.33235405,-22.94531479,28.96211153,48.93085106,-23.26154064,-1.890962669,28.83032973
2/7/2025 22:54,11.99137018,-23.34567479,28.9472337,48.97361556,-23.65088716,-1.900349289,28.80941789
2/7/2025 22:55,11.64712891,-23.75084524,28.9323531,49.01642764,-24.04443425,-1.909821524,28.78836673
2/7/2025 22:56,11.29974997,-24.16068971,28.91746998,49.05928602,-24.44204786,-1.919378324,28.76717907
2/7/2025 22:57,10.94935386,-24.57507047,28.90258462,49.10218936,-24.84359286,-1.929018601,28.74585775
2/7/2025 22:58,10.59606185,-24.99384865,28.88769733,49.14513625,-25.24893311,-1.938741233,28.72440569
2/7/2025 22:59,10.23999592,-25.41688417,28.8728084,49.18812525,-25.6579315,-1.948545064,28.70282589
2/7/2025 23:00,8.986660258,-27.13661748,28.85726049,49.24367517,-27.23072653,-1.980477461,28.64222267
2/7/2025 23:01,8.625415004,-27.56774316,28.84236933,49.2867438,-27.64662628,-1.99044009,28.62039656
2/7/2025 23:02,8.261765543,-28.00269962,28.82747761,49.32984984,-28.06576757,-2.000480251,28.59845202
2/7/2025 23:03,7.895836231,-28.4413427,28.8125857,49.37299163,-28.48800994,-2.01059666,28.57639225
2/7/2025 23:04,7.5277519,-28.88352736,28.79769401,49.41616745,-28.91321222,-2.020787999,28.55422054
2/7/2025 23:05,7.157637821,-29.3291077,28.78280297,49.45937552,-29.34123258,-2.031052922,28.53194021
2/7/2025 23:06,6.785619648,-29.77793707,28.76791301,49.50261403,-29.77192857,-2.04139005,28.50955464
2/7/2025 23:07,6.411823387,-30.22986804,28.75302459,49.54588111,-30.2051572,-2.051797979,28.48706727
2/7/2025 23:08,6.036375334,-30.68475253,28.73813818,49.58917482,-30.64077494,-2.062275273,28.46448156
2/7/2025 23:09,5.659402035,-31.14244181,28.72325426,49.63249322,-31.07863785,-2.072820471,28.44180105
2/7/2025 23:10,5.281030254,-31.60278658,28.70837334,49.67583429,-31.51860154,-2.083432084,28.41902931
2/7/2025 23:11,4.901386903,-32.06563701,28.69349594,49.71919597,-31.96052129,-2.094108597,28.39616996
2/7/2025 23:12,4.520599008,-32.53084282,28.67862259,49.76257616,-32.40425206,-2.10484847,28.37322666
2/7/2025 23:13,4.138793678,-32.99825328,28.66375383,49.80597271,-32.84964858,-2.115650136,28.35020311
2/7/2025 23:14,3.756098026,-33.46771733,28.64889023,49.84938344,-33.29656537,-2.126512006,28.32710306
2/7/2025 23:15,3.372639163,-33.93908355,28.63403235,49.89280612,-33.74485678,-2.137432466,28.30393029
2/7/2025 23:16,2.988544114,-34.41220032,28.61918079,49.93623849,-34.19437709,-2.148409882,28.2806886
2/7/2025 23:17,2.603939801,-34.88691577,28.60433615,49.97967823,-34.64498052,-2.159442595,28.25738187
2/7/2025 23:18,2.218952992,-35.36307789,28.58949903,50.02312299,-35.09652128,-2.170528927,28.23401397
2/7/2025 23:19,1.833710241,-35.84053458,28.57467006,50.06657041,-35.54885366,-2.181667178,28.21058883
2/7/2025 23:20,1.44833787,-36.31913367,28.55984988,50.11001806,-36.00183204,-2.192855629,28.18711038
2/7/2025 23:21,1.062961897,-36.79872303,28.54503913,50.15346348,-36.45531094,-2.204092541,28.16358262
2/7/2025 23:22,0.677708005,-37.27915055,28.53023847,50.1969042,-36.90914512,-2.21537616,28.14000954
2/7/2025 23:23,0.292701504,-37.76026426,28.51544857,50.24033769,-37.36318957,-2.226704711,28.11639518
2/7/2025 23:24,-0.091932725,-38.24191234,28.5006701,50.28376141,-37.81729959,-2.238076404,28.09274358
2/7/2025 23:25,-0.47607027,-38.72394319,28.48590376,50.32717277,-38.27133082,-2.249489433,28.06905884
2/7/2025 23:26,-0.859587227,-39.20620547,28.47115023,50.37056917,-38.72513935,-2.260941978,28.04534503
2/7/2025 23:27,-1.242360247,-39.68854816,28.45641023,50.41394797,-39.17858166,-2.272432201,28.02160629
2/7/2025 23:28,-1.624266578,-40.17082062,28.44168447,50.45730651,-39.6315148,-2.283958256,27.99784673
2/7/2025 23:29,-2.005184109,-40.65287262,28.42697366,50.50064211,-40.08379631,-2.29551828,27.97407052
2/7/2025 23:30,-2.384991413,-41.13455443,28.41227855,50.54395205,-40.53528438,-2.307110399,27.95028181
2/7/2025 23:31,-2.763567781,-41.61571679,28.39759985,50.5872336,-40.98583781,-2.318732729,27.92648477
2/7/2025 23:32,-3.140793275,-42.09621107,28.38293831,50.630484,-41.43531613,-2.330383376,27.9026836
2/7/2025 23:33,-3.516548767,-42.57588925,28.36829469,50.67370049,-41.88357959,-2.342060434,27.87888248
2/7/2025 23:34,-3.890715967,-43.05460396,28.35366973,50.71688026,-42.33048923,-2.353761991,27.85508562
2/7/2025 23:35,-4.263177484,-43.53220858,28.3390642,50.7600205,-42.77590696,-2.365486125,27.83129721
2/7/2025 23:36,-4.633816849,-44.00855726,28.32447885,50.80311839,-43.21969554,-2.377230909,27.80752148
2/7/2025 23:37,-5.002518567,-44.48350496,28.30991445,50.84617109,-43.66171867,-2.388994408,27.78376263
2/7/2025 23:38,-5.36916815,-44.95690754,28.29537178,50.88917573,-44.10184105,-2.400774682,27.76002487
2/7/2025 23:39,-5.733652152,-45.42862174,28.28085161,50.93212946,-44.53992836,-2.412569786,27.73631242
2/7/2025 23:40,-6.095858223,-45.89850531,28.26635471,50.97502938,-44.97584739,-2.424377772,27.71262948
2/7/2025 23:41,-6.455675129,-46.36641699,28.25188187,51.01787261,-45.40946601,-2.436196688,27.68898025
2/7/2025 23:42,-6.812992801,-46.83221658,28.23743387,51.06065625,-45.84065327,-2.448024581,27.66536894
2/7/2025 23:43,-7.167702369,-47.295765,28.22301149,51.1033774,-46.26927942,-2.459859496,27.64179972
2/7/2025 23:44,-7.5196962,-47.75692433,28.20861552,51.14603315,-46.69521592,-2.471699476,27.61827679
2/7/2025 23:45,-7.868867932,-48.21555783,28.19424673,51.18862057,-47.11833556,-2.483542565,27.5948043
2/7/2025 23:46,-8.215112513,-48.67153004,28.17990592,51.23113675,-47.53851244,-2.49538681,27.57138641
2/7/2025 23:47,-8.558326232,-49.12470677,28.16559388,51.27357877,-47.95562201,-2.507230256,27.54802727
2/7/2025 23:48,-8.898406759,-49.57495515,28.15131138,51.31594371,-48.36954116,-2.519070953,27.52473099
2/7/2025 23:49,-9.235253178,-50.02214372,28.1370592,51.35822865,-48.78014823,-2.530906954,27.50150168
2/7/2025 23:50,-9.568766015,-50.46614242,28.12283814,51.40043067,-49.18732303,-2.542736316,27.47834342
2/7/2025 23:51,-9.898847281,-50.90682268,28.10864897,51.44254685,-49.59094694,-2.554557101,27.45526029
2/7/2025 23:52,-10.22540049,-51.3440574,28.09449246,51.48457429,-49.99090286,-2.566367376,27.43225633
2/7/2025 23:53,-10.54833072,-51.77772108,28.08036939,51.52651007,-50.38707534,-2.578165215,27.40933555
2/7/2025 23:54,-10.86754461,-52.20768976,28.06628053,51.56835131,-50.77935056,-2.5899487,27.38650194
2/7/2025 23:55,-11.1829504,-52.63384113,28.05222664,51.61009512,-51.16761639,-2.60171592,27.36375948
2/7/2025 23:56,-11.49445798,-53.05605457,28.0382085,51.65173861,-51.55176243,-2.613464973,27.34111209
2/7/2025 23:57,-11.80197892,-53.47421114,28.02422685,51.69327893,-51.93168001,-2.625193967,27.31856369
2/7/2025 23:58,-12.10542645,-53.88819366,28.01028244,51.73471321,-52.30726228,-2.63690102,27.29611814
2/7/2025 23:59,-12.40471555,-54.29788673,27.99637603,51.77603862,-52.67840421,-2.64858426,27.27377929
3/7/2025 0:00,7.876461245,-24.97379985,27.99763539,51.52928481,-26.35864275,-2.153125023,28.14622148
3/7/2025 0:01,7.585737024,-25.37457519,27.98380717,51.57038403,-26.72059636,-2.164755074,28.1241074
3/7/2025 0:02,7.299415671,-25.77072598,27.97001916,51.61136595,-27.07780583,-2.176355775,28.10211132
3/7/2025 0:03,7.01757504,-26.16214435,27.95627205,51.6522278,-27.43017376,-2.187925305,28.08023693
3/7/2025 0:04,6.74029112,-26.54872438,27.94256658,51.69296684,-27.77760477,-2.199461861,28.05848788
3/7/2025 0:05,6.467638022,-26.93036214,27.92890343,51.73358035,-28.12000546,-2.210963653,28.03686777
3/7/2025 0:06,6.199687946,-27.30695576,27.9152833,51.7740656,-28.45728452,-2.222428909,28.01538018
3/7/2025 0:07,5.936511164,-27.67840541,27.90170688,51.81441993,-28.78935271,-2.233855873,27.99402862
3/7/2025 0:08,5.678175995,-28.04461337,27.88817485,51.85464067,-29.11612288,-2.245242807,27.97281656
3/7/2025 0:09,5.424748784,-28.40548404,27.87468787,51.8947252,-29.43751004,-2.25658799,27.95174743
3/7/2025 0:10,5.176293872,-28.76092399,27.8612466,51.93467092,-29.75343137,-2.267889721,27.93082459
3/7/2025 0:11,4.932873596,-29.11084196,27.84785168,51.97447525,-30.0638062,-2.27914632,27.91005138
3/7/2025 0:12,4.694548244,-29.45514893,27.83450375,52.01413567,-30.36855612,-2.290356125,27.88943106
3/7/2025 0:13,4.461376059,-29.7937581,27.82120342,52.05364964,-30.66760494,-2.301517496,27.86896686
3/7/2025 0:14,4.233413203,-30.12658495,27.80795133,52.09301471,-30.96087874,-2.312628814,27.84866194
3/7/2025 0:15,4.010713746,-30.45354727,27.79474805,52.13222843,-31.24830588,-2.323688483,27.82851941
3/7/2025 0:16,3.793329656,-30.77456517,27.78159418,52.17128838,-31.52981704,-2.33469493,27.80854231
3/7/2025 0:17,3.581310768,-31.08956108,27.76849029,52.21019221,-31.80534523,-2.345646604,27.78873365
3/7/2025 0:18,3.374704782,-31.39845984,27.75543695,52.24893757,-32.07482581,-2.356541979,27.76909635
3/7/2025 0:19,3.173557242,-31.70118866,27.74243469,52.28752218,-32.3381965,-2.367379555,27.74963329
3/7/2025 0:20,2.977911521,-31.99767718,27.72948405,52.32594377,-32.59539743,-2.378157855,27.73034729
3/7/2025 0:21,2.787808815,-32.28785748,27.71658556,52.36420013,-32.84637114,-2.388875429,27.71124109
3/7/2025 0:22,2.603288119,-32.57166408,27.7037397,52.4022891,-33.09106258,-2.399530853,27.69231737
3/7/2025 0:23,2.424386228,-32.849034,27.69094699,52.44020854,-33.32941916,-2.410122731,27.67357876
3/7/2025 0:24,2.251137716,-33.11990676,27.67820787,52.47795636,-33.56139074,-2.420649694,27.65502782
3/7/2025 0:25,2.083574933,-33.38422438,27.66552282,52.51553053,-33.78692966,-2.4311104,27.63666702
3/7/2025 0:26,1.921727988,-33.64193142,27.65289228,52.55292905,-34.00599074,-2.441503537,27.61849879
3/7/2025 0:27,1.765624753,-33.89297498,27.64031667,52.59014997,-34.21853131,-2.451827821,27.60052548
3/7/2025 0:28,1.615290839,-34.13730475,27.6277964,52.62719141,-34.42451121,-2.462081999,27.58274937
3/7/2025 0:29,1.470749603,-34.37487298,27.61533186,52.66405149,-34.62389282,-2.472264846,27.56517267
3/7/2025 0:30,1.332022135,-34.60563451,27.60292343,52.70072844,-34.81664103,-2.48237517,27.54779752
3/7/2025 0:31,1.199127252,-34.82954681,27.59057147,52.73722049,-35.0027233,-2.492411808,27.53062598
3/7/2025 0:32,1.072081497,-35.04656992,27.57827632,52.77352595,-35.18210962,-2.50237363,27.51366005
3/7/2025 0:33,0.950899133,-35.25666657,27.5660383,52.80964317,-35.35477258,-2.512259537,27.49690163
3/7/2025 0:34,0.83559214,-35.45980208,27.55385771,52.84557057,-35.5206873,-2.522068462,27.48035259
3/7/2025 0:35,0.726170215,-35.65594444,27.54173484,52.88130661,-35.6798315,-2.531799372,27.46401468
3/7/2025 0:36,0.622640765,-35.84506429,27.52966995,52.91684981,-35.83218547,-2.541451266,27.44788959
3/7/2025 0:37,0.525008914,-36.02713494,27.51766331,52.95219874,-35.97773211,-2.551023178,27.43197894
3/7/2025 0:38,0.433277497,-36.20213235,27.50571512,52.98735203,-36.11645688,-2.560514174,27.41628426
3/7/2025 0:39,0.347447063,-36.3700352,27.49382562,53.02230838,-36.24834785,-2.569923356,27.40080701
3/7/2025 0:40,0.267515878,-36.53082479,27.48199497,53.05706653,-36.37339567,-2.57924986,27.38554857
3/7/2025 0:41,0.193479924,-36.68448515,27.47022337,53.09162529,-36.49159361,-2.588492856,27.37051023
3/7/2025 0:42,0.125332908,-36.83100298,27.45851095,53.12598352,-36.60293752,-2.597651551,27.35569321
3/7/2025 0:43,0.06306626,-36.97036767,27.44685785,53.16014016,-36.70742584,-2.606725188,27.34109865
3/7/2025 0:44,0.006669142,-37.10257129,27.43526417,53.1940942,-36.80505961,-2.615713043,27.32672761
3/7/2025 0:45,-0.043871548,-37.22760862,27.42373002,53.22784467,-36.89584247,-2.62461443,27.31258105
3/7/2025 0:46,-0.088571169,-37.34547711,27.41225546,53.26139071,-36.97978063,-2.633428701,27.29865987
3/7/2025 0:47,-0.127447332,-37.45617691,27.40084053,53.29473147,-37.05688289,-2.642155242,27.28496488
3/7/2025 0:48,-0.160519888,-37.55971085,27.38948527,53.32786621,-37.12716063,-2.650793478,27.2714968
3/7/2025 0:49,-0.187810921,-37.65608443,27.37818968,53.36079423,-37.19062781,-2.65934287,27.25825628
3/7/2025 0:50,-0.20934474,-37.74530584,27.36695375,53.3935149,-37.24730094,-2.667802916,27.24524387
3/7/2025 0:51,-0.225147867,-37.82738594,27.35577744,53.42602764,-37.29719909,-2.676173153,27.23246005
3/7/2025 0:52,-0.235249026,-37.90233825,27.34466071,53.45833196,-37.34034388,-2.684453155,27.2199052
3/7/2025 0:53,-0.23967913,-37.97017893,27.33360346,53.49042743,-37.37675947,-2.692642535,27.20757964
3/7/2025 0:54,-0.238471273,-38.03092683,27.3226056,53.52231368,-37.40647255,-2.700740941,27.19548358
3/7/2025 0:55,-0.23166071,-38.08460341,27.31166702,53.55399041,-37.42951233,-2.708748063,27.18361715
3/7/2025 0:56,-0.219284848,-38.13123276,27.30078756,53.58545738,-37.44591051,-2.716663627,27.17198042
3/7/2025 0:57,-0.20138323,-38.1708416,27.28996707,53.61671443,-37.4557013,-2.724487398,27.16057335
3/7/2025 0:58,-0.177997517,-38.20345925,27.27920535,53.64776146,-37.45892137,-2.73221918,27.14939581
3/7/2025 0:59,-0.149171472,-38.22911763,27.26850221,53.67859844,-37.45560987,-2.739858816,27.13844761
3/7/2025 1:00,-1.009569392,-39.54043285,27.25719971,53.72174573,-38.6060849,-2.769454743,27.08882972
3/7/2025 1:01,-0.970002308,-39.55227875,27.246613,53.7521628,-38.58983745,-2.776909767,27.07833922
3/7/2025 1:02,-0.925138633,-39.55727657,27.2360841,53.78237014,-38.56719048,-2.784272404,27.06807693
3/7/2025 1:03,-0.875030366,-39.55546845,27.22561274,53.81236801,-38.53819282,-2.791542651,27.0580423
3/7/2025 1:04,-0.819731518,-39.54689906,27.21519858,53.84215671,-38.50289567,-2.798720545,27.0482347
3/7/2025 1:05,-0.759298088,-39.53161559,27.20484129,53.87173663,-38.4613526,-2.805806159,27.03865342
3/7/2025 1:06,-0.693788044,-39.50966768,27.19454051,53.90110822,-38.41361951,-2.812799609,27.02929765
3/7/2025 1:07,-0.623261301,-39.48110745,27.18429586,53.93027201,-38.35975462,-2.819701046,27.02016651
3/7/2025 1:08,-0.547779697,-39.44598946,27.17410694,53.9592286,-38.29981844,-2.826510661,27.01125903
3/7/2025 1:09,-0.467406971,-39.40437068,27.16397333,53.98797865,-38.23387376,-2.833228685,27.00257416
3/7/2025 1:10,-0.382208734,-39.3563105,27.15389457,54.01652288,-38.16198559,-2.839855385,26.99411077
3/7/2025 1:11,-0.292252453,-39.30187067,27.1438702,54.0448621,-38.0842212,-2.846391067,26.98586763
3/7/2025 1:12,-0.197607419,-39.24111529,27.13389973,54.07299719,-38.00065003,-2.852836078,26.97784345
3/7/2025 1:13,-0.098344721,-39.1741108,27.12398266,54.10092909,-37.9113437,-2.859190801,26.97003683
3/7/2025 1:14,0.005462777,-39.10092593,27.11411844,54.12865881,-37.81637597,-2.865455655,26.96244631
3/7/2025 1:15,0.113740467,-39.02163169,27.10430654,54.15618742,-37.71582272,-2.8716311,26.95507034
3/7/2025 1:16,0.226412023,-38.93630134,27.09454638,54.18351609,-37.60976192,-2.877717634,26.9479073
3/7/2025 1:17,0.34339943,-38.84501036,27.08483736,54.21064602,-37.4982736,-2.883715789,26.94095547
3/7/2025 1:18,0.464623012,-38.74783643,27.07517887,54.23757851,-37.38143982,-2.889626138,26.93421306
3/7/2025 1:19,0.590001469,-38.64485939,27.06557027,54.26431491,-37.25934462,-2.895449289,26.9276782
3/7/2025 1:20,0.719451893,-38.5361612,27.05601092,54.29085665,-37.13207404,-2.901185888,26.92134895
3/7/2025 1:21,0.852889816,-38.42182594,27.04650014,54.31720522,-36.99971604,-2.906836617,26.91522327
3/7/2025 1:22,0.990229225,-38.30193976,27.03703724,54.34336217,-36.86236049,-2.912402193,26.90929906
3/7/2025 1:23,1.131382609,-38.17659085,27.02762149,54.36932915,-36.72009911,-2.917883372,26.90357415
3/7/2025 1:24,1.276260984,-38.04586938,27.01825218,54.39510783,-36.57302548,-2.923280944,26.89804626
3/7/2025 1:25,1.424773922,-37.90986753,27.00892854,54.42069998,-36.42123498,-2.928595734,26.89271308
3/7/2025 1:26,1.576829595,-37.7686794,26.9996498,54.44610743,-36.26482475,-2.933828603,26.88757219
3/7/2025 1:27,1.732334804,-37.622401,26.99041518,54.47133206,-36.10389366,-2.938980448,26.88262112
3/7/2025 1:28,1.89119501,-37.47113019,26.98122386,54.49637584,-35.93854228,-2.944052198,26.8778573
3/7/2025 1:29,2.053314379,-37.3149667,26.97207502,54.52124078,-35.76887284,-2.949044818,26.87327811
3/7/2025 1:30,2.218595805,-37.15401201,26.96296781,54.54592898,-35.59498919,-2.953959305,26.86888086
3/7/2025 1:31,2.38694096,-36.98836939,26.95390138,54.57044257,-35.41699676,-2.958796692,26.86466277
3/7/2025 1:32,2.558250319,-36.8181438,26.94487483,54.59478377,-35.23500252,-2.963558042,26.86062102
3/7/2025 1:33,2.732423203,-36.64344191,26.93588728,54.61895486,-35.04911494,-2.968244453,26.85675269
3/7/2025 1:34,2.90935782,-36.46437202,26.92693781,54.64295816,-34.85944397,-2.972857055,26.85305482
3/7/2025 1:35,3.088951291,-36.28104402,26.91802549,54.66679608,-34.66610098,-2.977397007,26.84952436
3/7/2025 1:36,3.271099701,-36.09356936,26.90914937,54.69047106,-34.46919871,-2.981865502,26.84615821
3/7/2025 1:37,3.455698135,-35.90206102,26.90030848,54.71398563,-34.26885126,-2.986263764,26.84295321
3/7/2025 1:38,3.642640708,-35.70663346,26.89150186,54.73734235,-34.06517401,-2.990593045,26.83990612
3/7/2025 1:39,3.831820619,-35.50740256,26.8827285,54.76054386,-33.8582836,-2.994854628,26.83701366
3/7/2025 1:40,4.023130181,-35.3044856,26.8739874,54.78359285,-33.64829791,-2.999049827,26.83427246
3/7/2025 1:41,4.216460862,-35.09800121,26.86527754,54.80649205,-33.43533596,-3.003179983,26.83167913
3/7/2025 1:42,4.411703334,-34.88806931,26.85659787,54.82924427,-33.21951791,-3.007246465,26.82923018
3/7/2025 1:43,4.608747497,-34.67481111,26.84794734,54.85185237,-33.00096501,-3.01125067,26.82692209
3/7/2025 1:44,4.807482545,-34.458349,26.8393249,54.87431924,-32.77979952,-3.015194025,26.82475127
3/7/2025 1:45,5.007796985,-34.23880656,26.83072946,54.89664786,-32.55614471,-3.019077979,26.8227141
3/7/2025 1:46,5.209578691,-34.0163085,26.82215993,54.91884122,-32.33012482,-3.022904011,26.82080688
3/7/2025 1:47,5.412714941,-33.7909806,26.81361521,54.9409024,-32.10186496,-3.026673623,26.81902586
3/7/2025 1:48,5.617092466,-33.56294966,26.80509419,54.9628345,-31.87149109,-3.030388345,26.81736726
3/7/2025 1:49,5.822597483,-33.33234348,26.79659573,54.98464068,-31.63913001,-3.034049727,26.81582724
3/7/2025 1:50,6.029115748,-33.0992908,26.7881187,55.00632415,-31.40490925,-3.037659347,26.8144019
3/7/2025 1:51,6.236532595,-32.86392124,26.77966196,55.02788817,-31.16895708,-3.041218804,26.81308731
3/7/2025 1:52,6.444732973,-32.62636527,26.77122435,55.04933603,-30.93140242,-3.04472972,26.81187949
3/7/2025 1:53,6.653601507,-32.38675413,26.76280469,55.07067108,-30.69237481,-3.048193738,26.81077442
3/7/2025 1:54,6.863022521,-32.14521984,26.75440181,55.09189671,-30.45200436,-3.051612524,26.80976802
3/7/2025 1:55,7.072880095,-31.9018951,26.74601453,55.11301633,-30.21042171,-3.054987763,26.80885621
3/7/2025 1:56,7.283058111,-31.65691323,26.73764165,55.13403343,-29.96775796,-3.05832116,26.80803483
3/7/2025 1:57,7.493440283,-31.41040819,26.72928197,55.1549515,-29.72414465,-3.061614441,26.8072997
3/7/2025 1:58,7.703910224,-31.16251445,26.72093428,55.1757741,-29.47971368,-3.064869348,26.80664661
3/7/2025 1:59,7.914351461,-30.913367,26.71259737,55.19650481,-29.23459728,-3.068087643,26.8060713
3/7/2025 2:00,7.230029069,-31.95568287,26.70361231,55.22966758,-30.14920448,-3.093319662,26.76667077
3/7/2025 2:01,7.440063467,-31.70443466,26.69529326,55.2502254,-29.90311498,-3.096470085,26.76623815
3/7/2025 2:02,7.649719804,-31.45234016,26.68698131,55.2707023,-29.6567382,-3.099589279,26.76587037
3/7/2025 2:03,7.858881791,-31.1995358,26.67867521,55.29110198,-29.41020718,-3.102679071,26.76556306
3/7/2025 2:04,8.06743329,-30.94615829,26.67037371,55.31142821,-29.16365503,-3.1057413,26.76531183
3/7/2025 2:05,8.275258365,-30.69234452,26.66207557,55.33168475,-28.91721488,-3.10877782,26.76511226
3/7/2025 2:06,8.482241322,-30.43823151,26.65377954,55.35187542,-28.67101985,-3.111790498,26.76495989
3/7/2025 2:07,8.688266761,-30.18395637,26.64548436,55.37200405,-28.42520297,-3.114781211,26.76485027
3/7/2025 2:08,8.893219619,-29.92965626,26.63718879,55.3920745,-28.17989716,-3.11775185,26.76477891
3/7/2025 2:09,9.096985208,-29.67546829,26.62889155,55.41209064,-27.93523514,-3.120704316,26.76474131
3/7/2025 2:10,9.299449271,-29.42152952,26.62059139,55.43205639,-27.69134942,-3.123640518,26.76473295
3/7/2025 2:11,9.500498019,-29.1679769,26.61228705,55.45197566,-27.44837223,-3.126562376,26.76474931
3/7/2025 2:12,9.700018182,-28.91494719,26.60397728,55.4718524,-27.20643546,-3.129471817,26.76478583
3/7/2025 2:13,9.897897046,-28.66257692,26.5956608,55.49169058,-26.96567064,-3.132370777,26.76483797
3/7/2025 2:14,10.09402251,-28.41100236,26.58733637,55.51149417,-26.72620884,-3.135261198,26.76490115
3/7/2025 2:15,10.28828311,-28.16035943,26.57900272,55.53126716,-26.48818069,-3.138145026,26.76497082
3/7/2025 2:16,10.48056809,-27.91078368,26.5706586,55.55101356,-26.25171625,-3.141024217,26.7650424
3/7/2025 2:17,10.67076744,-27.66241022,26.56230276,55.57073738,-26.01694501,-3.143900726,26.7651113
3/7/2025 2:18,10.8587719,-27.41537367,26.55393394,55.59044266,-25.78399584,-3.146776514,26.76517295
3/7/2025 2:19,11.04447308,-27.16980812,26.54555089,55.61013344,-25.5529969,-3.149653545,26.76522277
3/7/2025 2:20,11.22776344,-26.92584706,26.53715239,55.62981374,-25.32407565,-3.152533786,26.76525619
3/7/2025 2:21,11.40853634,-26.68362334,26.52873719,55.64948763,-25.09735874,-3.155419201,26.76526862
3/7/2025 2:22,11.58668614,-26.44326912,26.52030405,55.66915915,-24.87297199,-3.15831176,26.76525551
3/7/2025 2:23,11.76210817,-26.20491581,26.51185175,55.68883236,-24.65104036,-3.161213427,26.76521229
3/7/2025 2:24,11.93469882,-25.96869401,26.50337908,55.70851132,-24.43168784,-3.164126169,26.7651344
3/7/2025 2:25,12.10435557,-25.73473348,26.49488481,55.72820008,-24.21503746,-3.167051949,26.76501733
3/7/2025 2:26,12.27097701,-25.50316309,26.48636775,55.74790269,-24.00121122,-3.169992726,26.76485652
3/7/2025 2:27,12.43446294,-25.27411074,26.4778267,55.7676232,-23.79033004,-3.172950459,26.76464749
3/7/2025 2:28,12.59471435,-25.04770334,26.46926046,55.78736565,-23.58251368,-3.175927097,26.76438572
3/7/2025 2:29,12.75163349,-24.82406673,26.46066787,55.80713408,-23.37788077,-3.17892459,26.76406675
3/7/2025 2:30,12.90512393,-24.60332567,26.45204775,55.82693251,-23.17654867,-3.181944876,26.76368612
3/7/2025 2:31,13.05509056,-24.38560374,26.44339894,55.84676496,-22.97863349,-3.18498989,26.7632394
3/7/2025 2:32,13.20143966,-24.17102334,26.4347203,55.86663542,-22.78425002,-3.188061557,26.76272218
3/7/2025 2:33,13.34407893,-23.95970559,26.42601069,55.88654789,-22.59351166,-3.191161794,26.76213008
3/7/2025 2:34,13.48291754,-23.75177034,26.41726899,55.90650634,-22.40653041,-3.194292509,26.76145874
3/7/2025 2:35,13.61786616,-23.54733606,26.40849409,55.92651472,-22.2234168,-3.197455599,26.76070384
3/7/2025 2:36,13.74883699,-23.34651983,26.39968489,55.94657697,-22.04427986,-3.200652951,26.75986109
3/7/2025 2:37,13.87574383,-23.14943727,26.3908403,55.966697,-21.86922705,-3.203886439,26.75892622
3/7/2025 2:38,13.9985021,-22.95620254,26.38195927,55.98687871,-21.69836422,-3.207157925,26.75789502
3/7/2025 2:39,14.11702886,-22.7669282,26.37304074,56.00712596,-21.53179561,-3.210469257,26.7567633
3/7/2025 2:40,14.23124288,-22.58172526,26.36408366,56.02744259,-21.36962373,-3.21382227,26.7555269
3/7/2025 2:41,14.34106467,-22.40070307,26.35508702,56.04783243,-21.21194938,-3.217218782,26.75418172
3/7/2025 2:42,14.44641649,-22.22396931,26.34604981,56.06829925,-21.05887156,-3.220660596,26.7527237
3/7/2025 2:43,14.54722243,-22.05162992,26.33697105,56.0888468,-20.91048746,-3.224149499,26.75114882
3/7/2025 2:44,14.64340841,-21.88378907,26.32784977,56.10947882,-20.7668924,-3.22768726,26.7494531
3/7/2025 2:45,14.73490224,-21.72054909,26.31868501,56.13019899,-20.62817979,-3.231275629,26.74763262
3/7/2025 2:46,14.82163363,-21.56201046,26.30947584,56.15101096,-20.49444109,-3.234916338,26.7456835
3/7/2025 2:47,14.90353424,-21.40827174,26.30022136,56.17191834,-20.36576576,-3.2386111,26.74360192
3/7/2025 2:48,14.98053773,-21.25942956,26.29092066,56.19292471,-20.24224124,-3.242361604,26.7413841
3/7/2025 2:49,15.05257976,-21.11557852,26.28157289,56.2140336,-20.12395288,-3.246169523,26.73902633
3/7/2025 2:50,15.11959805,-20.97681119,26.27217718,56.23524851,-20.01098394,-3.250036502,26.73652495
3/7/2025 2:51,15.18153239,-20.84321807,26.26273271,56.25657288,-19.90341549,-3.253964168,26.73387636
3/7/2025 2:52,15.23832469,-20.71488752,26.25323867,56.27801011,-19.80132643,-3.257954122,26.73107702
3/7/2025 2:53,15.289919,-20.59190576,26.24369429,56.29956356,-19.70479344,-3.262007941,26.72812345
3/7/2025 2:54,15.33626157,-20.47435677,26.23409879,56.32123653,-19.61389091,-3.266127178,26.72501224
3/7/2025 2:55,15.37730082,-20.36232231,26.22445145,56.34303227,-19.52869093,-3.270313358,26.72174002
3/7/2025 2:56,15.41298742,-20.25588185,26.21475155,56.36495398,-19.44926326,-3.274567981,26.71830354
3/7/2025 2:57,15.44327432,-20.15511254,26.20499841,56.38700482,-19.37567526,-3.278892521,26.71469956
3/7/2025 2:58,15.46811673,-20.06008917,26.19519136,56.40918788,-19.30799189,-3.283288421,26.71092494
3/7/2025 2:59,15.48747222,-19.97088412,26.18532977,56.43150618,-19.24627567,-3.287757098,26.70697662
3/7/2025 3:00,14.60668222,-21.18014896,26.17475533,56.46648304,-20.35086314,-3.314348496,26.66395287
3/7/2025 3:01,14.61494589,-21.10278796,26.16478286,56.48908071,-20.30125879,-3.318966856,26.65964821
3/7/2025 3:02,14.61760947,-21.0314477,26.1547541,56.51182237,-20.2577941,-3.323662063,26.65516108
3/7/2025 3:03,14.61464003,-20.96619063,26.14466852,56.53471082,-20.22052146,-3.328435411,26.6504887
3/7/2025 3:04,14.60600713,-20.9070766,26.13452564,56.55774878,-20.18949065,-3.333288163,26.64562839
3/7/2025 3:05,14.59168278,-20.85416289,26.12432496,56.5809389,-20.16474881,-3.338221549,26.64057753
3/7/2025 3:06,14.57164149,-20.80750409,26.11406607,56.60428379,-20.14634041,-3.343236765,26.63533361
3/7/2025 3:07,14.54586027,-20.76715217,26.10374854,56.62778596,-20.13430721,-3.348334975,26.62989418
3/7/2025 3:08,14.5143187,-20.73315637,26.09337199,56.65144785,-20.12868828,-3.353517308,26.62425689
3/7/2025 3:09,14.47699891,-20.70556319,26.08293608,56.67527186,-20.12951988,-3.358784856,26.61841947
3/7/2025 3:10,14.4338856,-20.68441639,26.07244048,56.69926028,-20.13683553,-3.364138677,26.61237973
3/7/2025 3:11,14.38496608,-20.66975693,26.06188491,56.72341534,-20.15066592,-3.369579792,26.6061356
3/7/2025 3:12,14.33023027,-20.66162293,26.05126911,56.74773919,-20.17103894,-3.375109187,26.59968506
3/7/2025 3:13,14.26967073,-20.6600497,26.04059285,56.77223391,-20.19797958,-3.380727807,26.59302621
3/7/2025 3:14,14.20328269,-20.66506966,26.02985595,56.7969015,-20.23150997,-3.386436563,26.58615724
3/7/2025 3:15,14.13106402,-20.67671233,26.01905825,56.82174386,-20.27164935,-3.392236324,26.57907644
3/7/2025 3:16,14.05301529,-20.6950043,26.00819962,56.84676283,-20.31841402,-3.398127922,26.57178218
3/7/2025 3:17,13.96913979,-20.71996923,25.99727997,56.87196016,-20.37181734,-3.404112149,26.56427293
3/7/2025 3:18,13.87944349,-20.7516278,25.98629924,56.89733751,-20.43186968,-3.410189756,26.55654727
3/7/2025 3:19,13.78393512,-20.7899977,25.97525742,56.92289645,-20.49857847,-3.416361456,26.54860388
3/7/2025 3:20,13.68262613,-20.83509362,25.96415451,56.94863849,-20.5719481,-3.422627918,26.54044154
3/7/2025 3:21,13.57553074,-20.88692718,25.95299056,56.97456501,-20.65197995,-3.428989771,26.53205911
3/7/2025 3:22,13.46266592,-20.94550699,25.94176566,57.00067733,-20.73867236,-3.435447602,26.52345559
3/7/2025 3:23,13.34405141,-21.01083855,25.93047992,57.02697667,-20.83202061,-3.442001955,26.51463005
3/7/2025 3:24,13.21970977,-21.08292429,25.9191335,57.05346417,-20.93201691,-3.448653332,26.5055817
3/7/2025 3:25,13.0896663,-21.16176353,25.9077266,57.08014085,-21.03865041,-3.45540219,26.49630983
3/7/2025 3:26,12.95394914,-21.24735246,25.89625942,57.10700765,-21.15190713,-3.462248945,26.48681383
3/7/2025 3:27,12.81258924,-21.33968414,25.88473226,57.13406543,-21.27176998,-3.469193968,26.47709324
3/7/2025 3:28,12.66562032,-21.43874847,25.8731454,57.16131492,-21.39821878,-3.476237584,26.46714767
3/7/2025 3:29,12.51307898,-21.54453218,25.86149919,57.18875679,-21.53123019,-3.483380074,26.45697686
3/7/2025 3:30,12.35500459,-21.65701883,25.849794,57.21639158,-21.67077772,-3.490621676,26.44658065
3/7/2025 3:31,12.19143939,-21.77618878,25.83803025,57.24421975,-21.81683175,-3.49796258,26.435959
3/7/2025 3:32,12.02242842,-21.90201918,25.8262084,57.27224164,-21.9693595,-3.505402931,26.42511197
3/7/2025 3:33,11.84801958,-22.034484,25.81432893,57.30045751,-22.12832501,-3.512942829,26.41403976
3/7/2025 3:34,11.66826358,-22.17355394,25.80239238,57.32886751,-22.29368914,-3.520582325,26.40274266
3/7/2025 3:35,11.48321398,-22.31919652,25.79039933,57.35747168,-22.46540959,-3.528321427,26.39122108
3/7/2025 3:36,11.29292718,-22.471376,25.77835037,57.38626995,-22.64344087,-3.536160093,26.37947555
3/7/2025 3:37,11.09746239,-22.63005339,25.76624615,57.41526217,-22.8277343,-3.544098236,26.36750672
3/7/2025 3:38,10.89688169,-22.79518646,25.75408738,57.44444806,-23.01823801,-3.552135721,26.35531535
3/7/2025 3:39,10.69124996,-22.96672975,25.74187476,57.47382725,-23.21489695,-3.560272364,26.34290232
3/7/2025 3:40,10.4806349,-23.1446345,25.72960908,57.50339924,-23.41765285,-3.568507935,26.33026864
3/7/2025 3:41,10.26510707,-23.32884874,25.71729113,57.53316344,-23.62644429,-3.576842156,26.3174154
3/7/2025 3:42,10.0447398,-23.51931722,25.70492176,57.56311916,-23.84120662,-3.585274701,26.30434386
3/7/2025 3:43,9.819609265,-23.71598141,25.69250187,57.59326557,-24.06187202,-3.593805194,26.29105537
3/7/2025 3:44,9.589794427,-23.91877956,25.68003238,57.62360176,-24.28836949,-3.602433212,26.2775514
3/7/2025 3:45,9.355377049,-24.12764663,25.66751425,57.65412669,-24.52062483,-3.611158285,26.26383355
3/7/2025 3:46,9.116441679,-24.34251436,25.6549485,57.68483921,-24.75856068,-3.61997989,26.24990355
3/7/2025 3:47,8.873075642,-24.56331119,25.64233616,57.71573806,-25.00209649,-3.628897461,26.23576322
3/7/2025 3:48,8.625369037,-24.78996237,25.62967834,57.74682189,-25.25114857,-3.637910378,26.22141452
3/7/2025 3:49,8.373414711,-25.02238985,25.61697616,57.77808919,-25.50563004,-3.647017977,26.20685955
3/7/2025 3:50,8.117308265,-25.26051239,25.60423079,57.80953838,-25.7654509,-3.65621954,26.1921005
3/7/2025 3:51,7.857148025,-25.5042455,25.59144345,57.84116774,-26.030518,-3.665514305,26.1771397
3/7/2025 3:52,7.59303504,-25.75350146,25.57861537,57.87297545,-26.30073506,-3.674901458,26.1619796
3/7/2025 3:53,7.325073064,-26.00818937,25.56574785,57.90495956,-26.57600267,-3.684380137,26.14662277
3/7/2025 3:54,7.053368539,-26.26821509,25.55284223,57.93711803,-26.85621833,-3.693949431,26.13107189
3/7/2025 3:55,6.778030584,-26.53348131,25.53989987,57.96944867,-27.14127645,-3.703608382,26.1153298
3/7/2025 3:56,6.499170972,-26.80388755,25.52692219,58.00194922,-27.43106834,-3.713355981,26.09939942
3/7/2025 3:57,6.216904119,-27.07933015,25.51391065,58.03461725,-27.72548227,-3.72319117,26.08328381
3/7/2025 3:58,5.931347062,-27.35970228,25.50086673,58.06745025,-28.02440345,-3.733112845,26.06698617
3/7/2025 3:59,5.642619441,-27.64489401,25.48779196,58.1004456,-28.32771404,-3.743119852,26.05050979
3/7/2025 4:00,4.456225033,-29.22737387,25.47403023,58.14612085,-29.79556974,-3.775259546,25.99495938
3/7/2025 4:01,4.161525513,-29.52186247,25.46089855,58.1794325,-30.10729368,-3.785433561,25.97813592
3/7/2025 4:02,3.864029764,-29.82082215,25.44774086,58.21289788,-30.42303556,-3.795689157,25.96114438
3/7/2025 4:03,3.56386763,-30.12413058,25.43455886,58.2465139,-30.74266562,-3.806024988,25.94398855
3/7/2025 4:04,3.261171458,-30.43166236,25.42135428,58.28027733,-31.06605116,-3.816439659,25.92667233
3/7/2025 4:05,2.956076059,-30.74328909,25.4081289,58.31418484,-31.39305657,-3.82693173,25.90919976
3/7/2025 4:06,2.648718699,-31.05887933,25.39488452,58.34823298,-31.72354333,-3.837499711,25.891575
3/7/2025 4:07,2.339239068,-31.37829867,25.381623,58.38241819,-32.05737009,-3.848142067,25.87380232
3/7/2025 4:08,2.027779245,-31.70140973,25.36834623,58.41673678,-32.39439263,-3.858857216,25.85588612
3/7/2025 4:09,1.714483694,-32.02807219,25.35505613,58.45118494,-32.73446391,-3.869643529,25.83783091
3/7/2025 4:10,1.399499208,-32.35814281,25.34175466,58.48575877,-33.07743412,-3.880499331,25.81964132
3/7/2025 4:11,1.082974906,-32.69147548,25.32844384,58.52045424,-33.42315067,-3.891422901,25.80132211
3/7/2025 4:12,0.765062191,-33.02792118,25.3151257,58.55526719,-33.77145825,-3.902412474,25.78287815
3/7/2025 4:13,0.445914723,-33.36732811,25.30180233,58.59019337,-34.12219882,-3.913466236,25.76431441
3/7/2025 4:14,0.125688391,-33.70954162,25.28847584,58.6252284,-34.47521169,-3.924582333,25.74563601
3/7/2025 4:15,-0.19545872,-34.05440429,25.27514839,58.66036779,-34.83033351,-3.935758863,25.72684816
3/7/2025 4:16,-0.517366359,-34.40175596,25.26182216,58.69560693,-35.18739831,-3.946993881,25.70795619
3/7/2025 4:17,-0.839872143,-34.75143375,25.24849939,58.73094112,-35.54623754,-3.958285398,25.68896556
3/7/2025 4:18,-1.162811586,-35.10327206,25.23518234,58.7663655,-35.9066801,-3.969631383,25.66988181
3/7/2025 4:19,-1.486018139,-35.45710268,25.22187331,58.80187515,-36.26855238,-3.981029761,25.65071063
3/7/2025 4:20,-1.809323215,-35.81275476,25.20857463,58.83746501,-36.63167828,-3.992478413,25.6314578
3/7/2025 4:21,-2.132556235,-36.17005485,25.19528867,58.8731299,-36.99587925,-4.003975181,25.61212921
3/7/2025 4:22,-2.455544649,-36.52882695,25.18201784,58.90886457,-37.36097434,-4.015517865,25.59273088
3/7/2025 4:23,-2.778113987,-36.88889255,25.16876459,58.9446636,-37.72678019,-4.027104222,25.57326891
3/7/2025 4:24,-3.100087891,-37.25007067,25.15553137,58.98052152,-38.09311116,-4.038731971,25.55374953
3/7/2025 4:25,-3.421288137,-37.61217785,25.14232071,59.0164327,-38.45977927,-4.050398788,25.53417907
3/7/2025 4:26,-3.7415347,-37.97502826,25.12913513,59.05239145,-38.82659427,-4.062102313,25.51456397
3/7/2025 4:27,-4.060645773,-38.33843367,25.11597722,59.08839194,-39.19336372,-4.073840145,25.49491076
3/7/2025 4:28,-4.378437807,-38.70220353,25.10284958,59.12442824,-39.55989299,-4.085609845,25.47522609
3/7/2025 4:29,-4.69472556,-39.06614503,25.08975484,59.16049432,-39.92598529,-4.097408936,25.45551671
3/7/2025 4:30,-5.009322128,-39.43006306,25.07669568,59.19658404,-40.29144175,-4.109234906,25.43578946
3/7/2025 4:31,-5.322038991,-39.79376034,25.06367479,59.23269117,-40.65606144,-4.121085202,25.41605129
3/7/2025 4:32,-5.632686054,-40.15703742,25.05069491,59.26880936,-41.01964142,-4.13295724,25.39630925
3/7/2025 4:33,-5.941071682,-40.51969272,25.0377588,59.30493216,-41.38197675,-4.144848398,25.37657049
3/7/2025 4:34,-6.247002751,-40.88152258,25.02486924,59.34105303,-41.74286061,-4.156756019,25.35684225
3/7/2025 4:35,-6.550284684,-41.24232132,25.01202905,59.37716533,-42.10208427,-4.168677414,25.33713185
3/7/2025 4:36,-6.8507215,-41.60188125,24.99924109,59.41326232,-42.45943717,-4.180609858,25.31744674
3/7/2025 4:37,-7.148115853,-41.95999275,24.98650822,59.44933714,-42.81470695,-4.192550597,25.29779443
3/7/2025 4:38,-7.442269074,-42.3164443,24.97383335,59.48538287,-43.16767953,-4.204496841,25.27818253
3/7/2025 4:39,-7.732981222,-42.67102252,24.96121941,59.52139247,-43.5181391,-4.216445771,25.25861874
3/7/2025 4:40,-8.020051132,-43.02351225,24.94866935,59.55735882,-43.86586823,-4.228394539,25.23911087
3/7/2025 4:41,-8.303276438,-43.37369653,24.93618616,59.5932747,-44.21064788,-4.240340263,25.21966677
3/7/2025 4:42,-8.582453653,-43.72135675,24.92377284,59.62913281,-44.55225745,-4.252280035,25.20029441
3/7/2025 4:43,-8.857378184,-44.06627259,24.91143242,59.66492573,-44.89047485,-4.26421092,25.18100183
3/7/2025 4:44,-9.127844399,-44.40822215,24.89916795,59.70064598,-45.22507652,-4.276129951,25.16179715
3/7/2025 4:45,-9.393645665,-44.74698196,24.88698252,59.73628599,-45.55583752,-4.288034138,25.14268859
3/7/2025 4:46,-9.654574393,-45.08232704,24.87487922,59.7718381,-45.88253154,-4.299920464,25.12368441
3/7/2025 4:47,-9.910422096,-45.41403096,24.86286118,59.80729456,-46.20493097,-4.311785887,25.10479299
3/7/2025 4:48,-10.16097943,-45.7418659,24.85093154,59.84264755,-46.52280696,-4.323627341,25.08602274
3/7/2025 4:49,-10.40603623,-46.06560264,24.83909346,59.87788914,-46.83592946,-4.335441734,25.06738219
3/7/2025 4:50,-10.6453816,-46.38501071,24.82735013,59.91301136,-47.14406727,-4.347225955,25.04887989
3/7/2025 4:51,-10.87880389,-46.69985836,24.81570475,59.94800614,-47.44698809,-4.35897687,25.03052451
3/7/2025 4:52,-11.10609084,-47.00991266,24.80416055,59.98286533,-47.74445862,-4.370691321,25.01232475
3/7/2025 4:53,-11.32702954,-47.31493953,24.79272076,60.0175807,-48.03624452,-4.382366136,24.99428938
3/7/2025 4:54,-11.54140653,-47.61470383,24.78138864,60.05214397,-48.32211057,-4.393998117,24.97642727
3/7/2025 4:55,-11.74900785,-47.90896934,24.77016747,60.08654677,-48.60182064,-4.405584052,24.9587473
3/7/2025 4:56,-11.94961905,-48.19749892,24.75906054,60.12078067,-48.87513779,-4.417120712,24.94125844
3/7/2025 4:57,-12.1430253,-48.48005446,24.74807114,60.15483716,-49.14182431,-4.428604847,24.92396972
3/7/2025 4:58,-12.32901138,-48.75639703,24.73720261,60.18870766,-49.4016418,-4.440033196,24.90689021
3/7/2025 4:59,-12.50736179,-49.02628686,24.72645827,60.22238355,-49.65435118,-4.45140248,24.89002904
3/7/2025 5:00,-13.57247919,-50.58206504,24.71518378,60.26837645,-51.05998928,-4.484757966,24.83449669
3/7/2025 5:01,-13.73491072,-50.83832716,24.70469788,60.30163694,-51.29776287,-4.495999235,24.81809981
3/7/2025 5:02,-13.88905868,-51.08741297,24.69434625,60.33467653,-51.52770777,-4.507171528,24.80194899
3/7/2025 5:03,-14.03470684,-51.32908004,24.68413227,60.36748634,-51.74958283,-4.518271517,24.78605353
3/7/2025 5:04,-14.17163889,-51.56308545,24.67405934,60.40005745,-51.96314657,-4.529295864,24.77042282
3/7/2025 5:05,-14.29963854,-51.78918575,24.66413084,60.43238085,-52.16815715,-4.540241224,24.75506626
3/7/2025 5:06,-14.41848954,-52.00713714,24.65435019,60.4644475,-52.36437251,-4.551104241,24.73999332
3/7/2025 5:07,-14.52797575,-52.21669545,24.64472081,60.49624833,-52.55155037,-4.561881553,24.72521347
3/7/2025 5:08,-14.62788119,-52.41761621,24.63524611,60.52777418,-52.72944831,-4.572569793,24.71073625
3/7/2025 5:09,-14.71799007,-52.60965474,24.62592953,60.55901588,-52.89782381,-4.583165586,24.69657121
3/7/2025 5:10,-14.79808686,-52.79256617,24.61677449,60.5899642,-53.05643436,-4.593665555,24.68272794
3/7/2025 5:11,-14.86795636,-52.96610552,24.60778445,60.62060985,-53.20503745,-4.604066318,24.66921606
3/7/2025 5:12,-14.92738371,-53.13002776,24.59896283,60.65094354,-53.34339066,-4.614364493,24.65604522
3/7/2025 5:13,-14.97615447,-53.28408787,24.59031309,60.6809559,-53.47125174,-4.624556695,24.64322508
3/7/2025 5:14,-15.01405469,-53.42804088,24.58183867,60.71063757,-53.58837863,-4.634639538,24.63076532
3/7/2025 5:15,-15.0408709,-53.56164196,24.57354301,60.73997911,-53.69452953,-4.644609638,24.61867567
3/7/2025 5:16,-15.05639024,-53.68464645,24.56542958,60.76897107,-53.78946298,-4.654463612,24.60696585
3/7/2025 5:17,-15.06040044,-53.79680994,24.5575018,60.79760398,-53.87293787,-4.664198081,24.5956456
3/7/2025 5:18,-15.05268993,-53.89788831,24.54976314,60.82586833,-53.94471357,-4.673809669,24.58472467
3/7/2025 5:19,-15.03304786,-53.98763783,24.54221703,60.85375457,-54.00454992,-4.683295003,24.57421283
3/7/2025 5:20,-15.00126413,-54.06581517,24.53486692,60.88125316,-54.05220732,-4.692650717,24.56411986
3/7/2025 5:21,-14.95712953,-54.13217749,24.52771623,60.90835452,-54.0874468,-4.701873453,24.55445553
3/7/2025 5:22,-14.90043567,-54.18648248,24.52076842,60.93504905,-54.11003005,-4.710959859,24.54522963
3/7/2025 5:23,-14.83097513,-54.22848844,24.51402689,60.96132713,-54.11971949,-4.719906593,24.53645194
3/7/2025 5:24,-14.74854146,-54.25795435,24.50749508,60.98717914,-54.11627833,-4.728710321,24.52813225
3/7/2025 5:25,-14.65292926,-54.27463987,24.5011764,61.01259545,-54.09947064,-4.737367722,24.52028033
3/7/2025 5:26,-14.54393419,-54.27830546,24.49507424,61.03756639,-54.06906138,-4.745875485,24.51290596
3/7/2025 5:27,-14.42135308,-54.26871243,24.48919202,61.06208231,-54.02481649,-4.754230312,24.5060189
3/7/2025 5:28,-14.28498391,-54.24562298,24.4835331,61.08613356,-53.96650292,-4.762428921,24.49962892
3/7/2025 5:29,-14.13462593,-54.20880025,24.47810088,61.10971045,-53.89388869,-4.770468042,24.49374574
3/7/2025 5:30,-13.97007966,-54.15800843,24.47289872,61.13280334,-53.80674298,-4.778344422,24.48837911
3/7/2025 5:31,-13.79114695,-54.09301274,24.46792996,61.15540255,-53.70483615,-4.786054826,24.48353872
3/7/2025 5:32,-13.59763107,-54.01357958,24.46319795,61.17749843,-53.5879398,-4.793596035,24.47923427
3/7/2025 5:33,-13.38933668,-53.9194765,24.458706,61.19908131,-53.45582685,-4.800964849,24.47547542
3/7/2025 5:34,-13.16606996,-53.81047234,24.45445744,61.22014155,-53.30827158,-4.808158091,24.47227182
3/7/2025 5:35,-12.92763862,-53.68633721,24.45045556,61.24066953,-53.14504969,-4.8151726,24.46963308
3/7/2025 5:36,-12.67385192,-53.54684261,24.44670363,61.2606556,-52.96593835,-4.822005241,24.46756878
3/7/2025 5:37,-12.40452079,-53.39176146,24.44320491,61.28009018,-52.77071628,-4.828652899,24.46608848
3/7/2025 5:38,-12.11945781,-53.22086815,24.43996265,61.29896366,-52.55916376,-4.835112486,24.4652017
3/7/2025 5:39,-11.81847731,-53.03393861,24.43698007,61.31726649,-52.33106272,-4.841380935,24.46491791
3/7/2025 5:40,-11.50139535,-52.83075036,24.43426037,61.33498911,-52.08619679,-4.847455208,24.46524656
3/7/2025 5:41,-11.16802986,-52.61108258,24.43180673,61.35212201,-51.82435136,-4.853332293,24.46619706
3/7/2025 5:42,-10.81820059,-52.37471615,24.42962231,61.36865569,-51.54531361,-4.859009206,24.46777876
3/7/2025 5:43,-10.45172922,-52.12143371,24.42771026,61.38458068,-51.24887257,-4.864482989,24.47000097
3/7/2025 5:44,-10.0684394,-51.85101971,24.42607368,61.39988756,-50.9348192,-4.869750719,24.47287295
3/7/2025 5:45,-9.668156739,-51.56326048,24.42471567,61.41456692,-50.60294641,-4.874809498,24.47640391
3/7/2025 5:46,-9.250708928,-51.25794427,24.42363928,61.42860941,-50.25304915,-4.879656465,24.48060302
3/7/2025 5:47,-8.815925735,-50.93486132,24.42284757,61.44200569,-49.88492441,-4.884288787,24.48547938
3/7/2025 5:48,-8.363639055,-50.59380388,24.42234354,61.4547465,-49.49837131,-4.888703667,24.49104202
3/7/2025 5:49,-7.893682964,-50.2345663,24.42213018,61.46682259,-49.09319115,-4.892898342,24.49729995
3/7/2025 5:50,-7.405893754,-49.85694508,24.42221044,61.47822478,-48.66918744,-4.896870085,24.50426207
3/7/2025 5:51,-6.900109977,-49.46073887,24.42258726,61.48894391,-48.22616596,-4.900616203,24.51193724
3/7/2025 5:52,-6.37617249,-49.04574862,24.42326353,61.49897089,-47.76393482,-4.904134044,24.52033427
3/7/2025 5:53,-5.833924492,-48.61177753,24.42424211,61.50829669,-47.28230451,-4.90742099,24.52946185
3/7/2025 5:54,-5.273211553,-48.15863114,24.42552585,61.51691232,-46.78108791,-4.910474465,24.53932866
3/7/2025 5:55,-4.693881693,-47.68611743,24.42711754,61.52480886,-46.2601004,-4.913291932,24.54994325
3/7/2025 5:56,-4.095785371,-47.19404678,24.42901996,61.53197743,-45.71915985,-4.915870893,24.56131413
3/7/2025 5:57,-3.478775553,-46.68223207,24.43123584,61.53840924,-45.15808671,-4.918208894,24.57344973
3/7/2025 5:58,-2.842707756,-46.15048875,24.43376788,61.54409554,-44.57670402,-4.920303523,24.58635837
3/7/2025 5:59,-2.187440066,-45.59863481,24.43661876,61.54902766,-43.97483748,-4.922152411,24.60004832
3/7/2025 6:00,-2.407451629,-46.31907254,24.4391334,61.56571732,-44.51259203,-4.945801789,24.57562903
3/7/2025 6:01,-1.713368915,-45.72646205,24.44262978,61.56911534,-43.86924577,-4.947152263,24.59090603
3/7/2025 6:02,-0.999676407,-45.11321102,24.44645278,61.57173358,-43.20490914,-4.948250157,24.60698859
3/7/2025 6:03,-0.266242878,-44.4791483,24.4506049,61.57356366,-42.51941894,-4.949093282,24.62388461
3/7/2025 6:04,0.487060154,-43.82410554,24.45508863,61.57459727,-41.81261477,-4.949679499,24.6416019
3/7/2025 6:05,1.260358366,-43.14791727,24.45990639,61.57482618,-41.08433922,-4.950006714,24.66014819
3/7/2025 6:06,2.053774616,-42.45042095,24.4650606,61.57424227,-40.33443779,-4.950072886,24.67953108
3/7/2025 6:07,2.867428907,-41.73145694,24.47055359,61.57283745,-39.562759,-4.949876019,24.6997581
3/7/2025 6:08,3.701438341,-40.99086864,24.4763877,61.57060377,-38.76915439,-4.949414172,24.72083667
3/7/2025 6:09,4.555917101,-40.22850246,24.48256518,61.56753334,-37.9534786,-4.948685452,24.74277408
3/7/2025 6:10,5.430976433,-39.44420789,24.48908828,61.56361836,-37.11558936,-4.947688018,24.76557756
3/7/2025 6:11,6.326724569,-38.63783754,24.49595916,61.55885114,-36.25534759,-4.946420084,24.78925419
3/7/2025 6:12,7.243266758,-37.80924717,24.50317997,61.55322408,-35.37261736,-4.944879914,24.81381097
3/7/2025 6:13,8.180705184,-36.95829575,24.5107528,61.54672966,-34.46726602,-4.943065829,24.83925478
3/7/2025 6:14,9.139138976,-36.08484547,24.51867971,61.53936048,-33.53916413,-4.940976203,24.86559237
3/7/2025 6:15,10.11866417,-35.18876177,24.52696269,61.53110924,-32.58818557,-4.938609464,24.8928304
3/7/2025 6:16,11.11937366,-34.26991343,24.53560369,61.52196873,-31.61420758,-4.935964099,24.9209754
3/7/2025 6:17,12.1413572,-33.32817256,24.54460462,61.51193185,-30.61711073,-4.933038649,24.95003377
3/7/2025 6:18,13.18470138,-32.36341462,24.55396734,61.50099161,-29.596779,-4.929831713,24.98001181
3/7/2025 6:19,14.24948958,-31.37551853,24.56369366,61.48914114,-28.5530998,-4.926341947,25.01091569
3/7/2025 6:20,15.33580195,-30.36436662,24.57378533,61.47637366,-27.48596402,-4.922568068,25.04275145
3/7/2025 6:21,16.44371541,-29.32984469,24.58424406,61.46268252,-26.39526602,-4.918508847,25.07552501
3/7/2025 6:22,17.5733036,-28.27184208,24.59507151,61.44806118,-25.2809037,-4.914163119,25.10924215
3/7/2025 6:23,18.72463689,-27.19025164,24.60626929,61.43250321,-24.14277849,-4.909529777,25.14390853
3/7/2025 6:24,19.8977823,-26.0849698,24.61783894,61.4160023,-22.98079543,-4.904607774,25.1795297
3/7/2025 6:25,21.09280357,-24.95589659,24.62978197,61.39855228,-21.79486313,-4.899396124,25.21611103
3/7/2025 6:26,22.30976105,-23.80293566,24.64209983,61.38014708,-20.58489387,-4.893893904,25.25365779
3/7/2025 6:27,23.54871175,-22.62599433,24.65479391,61.36078076,-19.35080355,-4.888100252,25.29217511
3/7/2025 6:28,24.80970929,-21.42498357,24.66786555,61.34044752,-18.09251178,-4.882014367,25.33166797
3/7/2025 6:29,26.09280387,-20.19981809,24.68131603,61.31914165,-16.80994187,-4.875635513,25.37214123
3/7/2025 6:30,27.39804228,-18.95041633,24.6951466,61.29685762,-15.50302085,-4.868963016,25.41359959
3/7/2025 6:31,28.72546791,-17.67670043,24.70935842,61.27358999,-14.1716795,-4.861996265,25.45604761
3/7/2025 6:32,30.07512065,-16.37859639,24.72395261,61.24933348,-12.8158524,-4.854734716,25.49948973
3/7/2025 6:33,31.44703697,-15.05603396,24.73893024,61.22408292,-11.43547788,-4.847177884,25.54393021
3/7/2025 6:34,32.84124984,-13.70894672,24.75429231,61.19783329,-10.0304981,-4.839325355,25.58937319
3/7/2025 6:35,34.25778877,-12.33727211,24.77003977,61.17057972,-8.600859071,-4.831176775,25.63582266
3/7/2025 6:36,35.69667976,-10.9409514,24.78617352,61.14231744,-7.146510614,-4.822731858,25.68328245
3/7/2025 6:37,37.15794528,-9.519929787,24.80269438,61.11304187,-5.667406446,-4.813990383,25.73175625
3/7/2025 6:38,38.64160433,-8.074156323,24.81960313,61.08274853,-4.163504144,-4.804952195,25.7812476
3/7/2025 6:39,40.14767235,-6.603583996,24.83690049,61.0514331,-2.634765181,-4.795617206,25.83175987
3/7/2025 6:40,41.67616126,-5.108169733,24.85458712,61.01909141,-1.081154958,-4.785985392,25.88329629
3/7/2025 6:41,43.22707944,-3.587874395,24.87266361,60.98571943,0.497357223,-4.776056798,25.93585995
3/7/2025 6:42,44.80043172,-2.042662799,24.8911305,60.95131327,2.100798126,-4.765831535,25.98945377
3/7/2025 6:43,46.39621938,-0.472503757,24.90998827,60.9158692,3.729190549,-4.755309783,26.04408049
3/7/2025 6:44,48.01444015,1.122629951,24.92923734,60.87938364,5.382553356,-4.744491785,26.09974274
3/7/2025 6:45,49.65508818,2.742761536,24.94887807,60.84185315,7.060901431,-4.733377856,26.15644296
3/7/2025 6:46,51.31815407,4.387910201,24.96891075,60.80327446,8.764245685,-4.721968375,26.21418344
3/7/2025 6:47,53.00362488,6.05809116,24.98933561,60.76364442,10.49259308,-4.710263792,26.2729663
3/7/2025 6:48,54.71148404,7.753315545,25.01015284,60.72296007,12.24594652,-4.698264622,26.33279351
3/7/2025 6:49,56.44171149,9.473590521,25.03136255,60.6812186,14.02430501,-4.685971448,26.39366687
3/7/2025 6:50,58.19428353,11.21891915,25.05296477,60.63841733,15.82766345,-4.673384923,26.45558803
3/7/2025 6:51,59.96917293,12.98930047,25.07495951,60.59455378,17.65601281,-4.660505766,26.51855847
3/7/2025 6:52,61.76634893,14.78472952,25.0973467,60.54962558,19.50934006,-4.647334765,26.58257949
3/7/2025 6:53,63.58577713,16.60519719,25.12012619,60.50363056,21.3876281,-4.633872776,26.64765225
3/7/2025 6:54,65.42741964,18.45069039,25.14329778,60.45656669,23.29085588,-4.620120722,26.71377773
3/7/2025 6:55,67.29123499,20.32119194,25.16686123,60.4084321,25.21899832,-4.606079594,26.78095675
3/7/2025 6:56,69.17717815,22.21668059,25.19081619,60.3592251,27.17202632,-4.591750453,26.84918996
3/7/2025 6:57,71.08520059,24.13713106,25.2151623,60.30894415,29.14990679,-4.577134424,26.91847784
3/7/2025 6:58,73.01525019,26.08251397,25.23989909,60.25758786,31.15260262,-4.562232704,26.98882072
3/7/2025 6:59,74.96727134,28.05279593,25.26502607,60.20515504,33.1800727,-4.547046555,27.06021872
3/7/2025 7:00,76.04658646,28.75535785,25.28988495,60.16416496,34.07199544,-4.553625863,27.09377313
3/7/2025 7:01,78.04236978,30.77532143,25.31579049,60.10957609,36.14887475,-4.537874913,27.16728118
3/7/2025 7:02,80.05993671,32.82005949,25.34208429,60.05390803,38.25038105,-4.521843725,27.2418438
3/7/2025 7:03,82.09921763,34.88952243,25.3687656,59.99716026,40.37645729,-4.50553383,27.31746046
3/7/2025 7:04,84.1601394,36.9836566,25.39583358,59.93933237,42.52704242,-4.488946829,27.39413046
3/7/2025 7:05,86.24262545,39.10240435,25.42328735,59.88042417,44.70207147,-4.472084384,27.47185294
3/7/2025 7:06,88.34659573,41.24570396,25.45112595,59.82043561,46.90147548,-4.454948228,27.55062686
3/7/2025 7:07,90.47196679,43.41348976,25.47934836,59.75936682,49.12518156,-4.437540157,27.63045101
3/7/2025 7:08,92.61865174,45.60569206,25.50795351,59.69721808,51.37311294,-4.419862035,27.71132402
3/7/2025 7:09,94.78656025,47.82223715,25.53694025,59.63398987,53.64518882,-4.40191579,27.79324433
3/7/2025 7:10,96.97559864,50.06304739,25.56630738,59.56968282,55.94132461,-4.383703415,27.87621022
3/7/2025 7:11,99.18566985,52.32804116,25.59605364,59.50429774,58.26143177,-4.365226969,27.96021982
3/7/2025 7:12,101.4166734,54.61713288,25.6261777,59.43783558,60.60541788,-4.346488575,28.04527106
3/7/2025 7:13,103.6685056,56.93023305,25.65667815,59.37029751,62.9731867,-4.32749042,28.13136171
3/7/2025 7:14,105.9410594,59.26724825,25.68755355,59.30168483,65.36463809,-4.308234754,28.21848937
3/7/2025 7:15,108.2342243,61.62808113,25.71880239,59.23199904,67.77966814,-4.288723893,28.30665148
3/7/2025 7:16,110.5478866,64.01263051,25.75042308,59.16124177,70.2181691,-4.268960211,28.3958453
3/7/2025 7:17,112.8819295,66.42079129,25.78241399,59.08941487,72.68002944,-4.24894615,28.48606791
3/7/2025 7:18,115.2362329,68.85245455,25.81477341,59.01652033,75.16513385,-4.22868421,28.57731626
3/7/2025 7:19,117.6106732,71.30750754,25.84749959,58.94256032,77.67336331,-4.208176954,28.66958709
3/7/2025 7:20,120.005124,73.78583368,25.88059069,58.86753716,80.20459502,-4.187427005,28.76287698
3/7/2025 7:21,122.4194556,76.28731264,25.91404484,58.79145338,82.75870254,-4.166437049,28.85718237
3/7/2025 7:22,124.853535,78.81182031,25.9478601,58.71431165,85.33555567,-4.145209829,28.9524995
3/7/2025 7:23,127.3072263,81.35922882,25.98203445,58.63611481,87.93502063,-4.123748149,29.04882446
3/7/2025 7:24,129.7803905,83.92940665,26.01656584,58.55686589,90.55695999,-4.102054872,29.14615316
3/7/2025 7:25,132.2728853,86.52221848,26.05145213,58.47656806,93.20123266,-4.080132917,29.24448137
3/7/2025 7:26,134.7845656,89.13752544,26.08669116,58.39522469,95.86769406,-4.057985264,29.34380468
3/7/2025 7:27,137.3152832,91.77518497,26.12228067,58.3128393,98.556196,-4.035614947,29.4441185
3/7/2025 7:28,139.8648871,94.43505087,26.15821837,58.22941557,101.2665868,-4.013025059,29.5454181
3/7/2025 7:29,142.433223,97.11697343,26.19450191,58.14495736,103.9987112,-3.990218747,29.64769858
3/7/2025 7:30,145.020134,99.82079928,26.23112885,58.05946871,106.7524106,-3.967199213,29.75095487
3/7/2025 7:31,147.6254601,102.5463717,26.26809674,57.9729538,109.5275229,-3.943969715,29.85518176
3/7/2025 7:32,150.2490386,105.2935302,26.30540304,57.88541699,112.3238825,-3.920533563,29.96037385
3/7/2025 7:33,152.8907038,108.0621111,26.34304517,57.79686279,115.1413207,-3.89689412,30.06652559
3/7/2025 7:34,155.5502875,110.8519473,26.38102048,57.70729591,117.9796652,-3.873054802,30.1736313
3/7/2025 7:35,158.2276184,113.6628679,26.41932628,57.61672118,120.8387405,-3.849019077,30.2816851
3/7/2025 7:36,160.9225227,116.4946992,26.45795982,57.52514362,123.7183677,-3.824790462,30.39068098
3/7/2025 7:37,163.6348238,119.3472637,26.49691828,57.43256841,126.618365,-3.800372527,30.50061276
3/7/2025 7:38,166.3643425,122.2203809,26.53619882,57.33900088,129.5385469,-3.775768886,30.61147411
3/7/2025 7:39,169.1108969,125.1138669,26.57579851,57.24444653,132.4787252,-3.750983207,30.72325856
3/7/2025 7:40,171.8743026,128.0275346,26.61571438,57.14891101,135.4387083,-3.726019202,30.83595947
3/7/2025 7:41,174.6543727,130.9611938,26.65594343,57.05240015,138.4183015,-3.700880631,30.94957006
3/7/2025 7:42,177.4509175,133.9146509,26.69648257,56.9549199,141.4173073,-3.6755713,31.06408338
3/7/2025 7:43,180.2637452,136.8877096,26.73732868,56.8564764,144.4355247,-3.650095058,31.17949236
3/7/2025 7:44,183.0926612,139.8801701,26.7784786,56.75707594,147.4727503,-3.624455801,31.29578976
3/7/2025 7:45,185.9374689,142.8918298,26.81992909,56.65672495,150.5287773,-3.598657466,31.41296821
3/7/2025 7:46,188.797969,145.9224831,26.86167689,56.55543002,153.6033963,-3.572704034,31.53102018
3/7/2025 7:47,191.6739599,148.9719214,26.90371867,56.45319789,156.6963948,-3.546599526,31.64993801
3/7/2025 7:48,194.565238,152.0399333,26.94605106,56.35003547,159.8075576,-3.520348005,31.76971389
3/7/2025 7:49,197.4715971,155.1263042,26.98867065,56.24594979,162.9366668,-3.493953571,31.89033987
3/7/2025 7:50,200.392829,158.2308171,27.03157396,56.14094804,166.0835017,-3.467420365,32.01180786
3/7/2025 7:51,203.3287232,161.3532519,27.0747575,56.03503756,169.2478387,-3.440752565,32.13410963
3/7/2025 7:52,206.2790673,164.493386,27.11821771,55.92822584,172.429452,-3.413954385,32.25723683
3/7/2025 7:53,209.2436466,167.6509939,27.16195097,55.8205205,175.6281127,-3.387030075,32.38118096
3/7/2025 7:54,212.2222445,170.8258475,27.20595366,55.71192932,178.8435897,-3.35998392,32.50593339
3/7/2025 7:55,215.2146422,174.0177161,27.25022207,55.6024602,182.0756493,-3.332820239,32.63148535
3/7/2025 7:56,218.2206193,177.2263666,27.29475248,55.49212119,185.3240552,-3.305543381,32.75782796
3/7/2025 7:57,221.239953,180.451563,27.33954111,55.38092049,188.5885687,-3.278157731,32.88495219
3/7/2025 7:58,224.2724191,183.6930674,27.38458415,55.26886642,191.868949,-3.250667701,33.01284891
3/7/2025 7:59,227.3177913,186.9506388,27.42987775,55.15596745,195.1649525,-3.223077733,33.14150884
3/7/2025 8:00,229.4812231,188.9314528,27.47476031,55.05475248,197.3160572,-3.217440857,33.23202387
3/7/2025 8:01,232.5517217,192.2204272,27.52054329,54.94018959,200.6425683,-3.189664455,33.36218192
3/7/2025 8:02,235.6344371,195.5247327,27.56656502,54.82480798,203.983959,-3.161801612,33.49307464
3/7/2025 8:03,238.7291362,198.8441194,27.6128215,54.70861661,207.3399773,-3.133856875,33.62469229
3/7/2025 8:04,241.8355844,202.1783354,27.65930867,54.5916246,210.7103688,-3.10583482,33.75702499
3/7/2025 8:05,244.9535454,205.5271264,27.70602246,54.47384118,214.0948771,-3.077740044,33.89006276
3/7/2025 8:06,248.0827813,208.8902361,27.75295875,54.35527571,217.4932439,-3.049577165,34.02379551
3/7/2025 8:07,251.2230529,212.2674063,27.80011339,54.23593768,220.905209,-3.021350825,34.15821305
3/7/2025 8:08,254.3741195,215.6583766,27.84748219,54.11583667,224.33051,-2.993065683,34.29330505
3/7/2025 8:09,257.5357391,219.0628849,27.89506093,53.9949824,227.768883,-2.964726416,34.42906111
3/7/2025 8:10,260.7076681,222.4806669,27.94284538,53.87338471,231.220062,-2.93633772,34.5654707
3/7/2025 8:11,263.889662,225.9114569,27.99083124,53.75105352,234.6837796,-2.907904309,34.70252321
3/7/2025 8:12,267.0814748,229.354987,28.03901422,53.62799891,238.1597664,-2.879430907,34.8402079
3/7/2025 8:13,270.2828592,232.8109879,28.08738997,53.50423103,241.6477514,-2.850922258,34.97851397
3/7/2025 8:14,273.4935672,236.2791884,28.13595413,53.37976016,245.1474621,-2.822383114,35.11743049
3/7/2025 8:15,276.7133491,239.7593157,28.1847023,53.25459666,248.6586245,-2.793818242,35.25694646
3/7/2025 8:16,279.9419547,243.2510955,28.23363007,53.12875103,252.180963,-2.765232417,35.39705078
3/7/2025 8:17,283.1791324,246.7542521,28.282733,53.00223383,255.7142005,-2.736630425,35.53773225
3/7/2025 8:18,286.4246298,250.2685081,28.3320066,52.87505576,259.2580586,-2.70801706,35.6789796
3/7/2025 8:19,289.6781935,253.7935847,28.3814464,52.74722758,262.8122577,-2.679397122,35.82078147
3/7/2025 8:20,292.9395694,257.3292019,28.43104787,52.61876016,266.3765166,-2.650775418,35.96312641
3/7/2025 8:21,296.2085024,260.8750783,28.48080648,52.48966447,269.9505531,-2.622156759,36.1060029
3/7/2025 8:22,299.4847367,264.4309314,28.53071767,52.35995156,273.5340837,-2.593545959,36.24939934
3/7/2025 8:23,302.7680157,267.9964771,28.58077686,52.22963258,277.1268239,-2.564947835,36.39330403
3/7/2025 8:24,306.0580822,271.5714306,28.63097947,52.09871873,280.7284881,-2.536367206,36.53770523
3/7/2025 8:25,309.3546784,275.1555057,28.68132086,51.96722134,284.3387895,-2.507808888,36.68259112
3/7/2025 8:26,312.6575457,278.7484154,28.73179642,51.8351518,287.9574405,-2.479277699,36.82794979
3/7/2025 8:27,315.9664253,282.3498714,28.7824015,51.70252157,291.5841525,-2.450778452,36.97376929
3/7/2025 8:28,319.2810575,285.9595849,28.83313143,51.5693422,295.2186362,-2.422315958,37.12003759
3/7/2025 8:29,322.6011824,289.5772658,28.88398153,51.43562531,298.8606012,-2.393895022,37.26674259
3/7/2025 8:30,325.9265398,293.2026234,28.93494712,51.30138259,302.5097565,-2.365520443,37.41387216
3/7/2025 8:31,329.2568688,296.8353662,28.98602351,51.16662579,306.1658105,-2.337197014,37.56141407
3/7/2025 8:32,332.5919084,300.475202,29.03720596,51.03136674,309.8284707,-2.308929517,37.70935607
3/7/2025 8:33,335.9313975,304.1218378,29.08848977,50.89561734,313.4974443,-2.280722728,37.85768585
3/7/2025 8:34,339.2750744,307.7749802,29.13987019,50.75938953,317.1724376,-2.252581409,38.00639102
3/7/2025 8:35,342.6226775,311.434335,29.1913425,50.62269533,320.8531566,-2.224510312,38.15545919
3/7/2025 8:36,345.973945,315.0996077,29.24290194,50.48554681,324.5393069,-2.196514174,38.30487789
3/7/2025 8:37,349.3286149,318.7705033,29.29454375,50.34795608,328.2305936,-2.168597719,38.45463461
3/7/2025 8:38,352.6864255,322.4467264,29.34626319,50.20993533,331.9267215,-2.140765654,38.6047168
3/7/2025 8:39,356.0471148,326.1279812,29.39805548,50.07149677,335.6273951,-2.113022673,38.75511189
3/7/2025 8:40,359.4104208,329.8139716,29.44991586,49.93265268,339.3323186,-2.085373447,38.90580724
3/7/2025 8:41,362.776082,333.5044014,29.50183956,49.79341538,343.0411962,-2.057822631,39.05679022
3/7/2025 8:42,366.1438365,337.1989741,29.55382181,49.65379722,346.7537318,-2.03037486,39.20804811
3/7/2025 8:43,369.5134231,340.8973931,29.60585784,49.5138106,350.4696292,-2.003034745,39.35956822
3/7/2025 8:44,372.8845805,344.5993617,29.65794288,49.37346795,354.1885922,-1.975806879,39.5113378
3/7/2025 8:45,376.2570478,348.3045831,29.71007216,49.23278174,357.9103247,-1.948695826,39.66334408
3/7/2025 8:46,379.6305643,352.0127608,29.76224092,49.09176447,361.6345307,-1.921706129,39.81557426
3/7/2025 8:47,383.00487,355.7235981,29.81444439,48.95042867,365.3609141,-1.894842304,39.96801555
3/7/2025 8:48,386.3797048,359.4367984,29.86667782,48.8087869,369.0891791,-1.86810884,40.12065511
3/7/2025 8:49,389.7548095,363.1520656,29.91893645,48.66685173,372.8190301,-1.841510196,40.2734801
3/7/2025 8:50,393.129925,366.8691035,29.97121554,48.52463577,376.5501719,-1.815050805,40.42647767
3/7/2025 8:51,396.5047932,370.5876163,30.02351035,48.38215163,380.2823093,-1.788735068,40.57963496
3/7/2025 8:52,399.8791561,374.3073086,30.07581615,48.23941195,384.0151479,-1.762567353,40.73293909
3/7/2025 8:53,403.2527566,378.0278853,30.12812823,48.09642938,387.7483933,-1.736551998,40.88637719
3/7/2025 8:54,406.6253383,381.7490518,30.18044186,47.95321658,391.4817519,-1.710693304,41.03993638
3/7/2025 8:55,409.9966451,385.4705138,30.23275236,47.80978622,395.2149302,-1.684995543,41.19360377
3/7/2025 8:56,413.3664221,389.1919777,30.28505503,47.66615098,398.9476358,-1.659462944,41.3473665
3/7/2025 8:57,416.734415,392.9131506,30.33734522,47.52232353,402.6795765,-1.634099704,41.50121168
3/7/2025 8:58,420.1003702,396.6337398,30.38961824,47.37831655,406.4104608,-1.608909982,41.65512645
3/7/2025 8:59,423.4640351,400.3534537,30.44186948,47.23414273,410.1399981,-1.583897894,41.80909796
3/7/2025 9:00,425.9305396,402.7794197,30.49343659,47.10233505,412.7076218,-1.581116078,41.92421464
3/7/2025 9:01,429.2888696,406.4965106,30.54563037,46.95786554,416.4335958,-1.556471457,42.07826109
3/7/2025 9:02,432.644157,410.2118555,30.59778852,46.81326717,420.1573553,-1.532016583,42.23232578
3/7/2025 9:03,435.9961528,413.9251656,30.64990647,46.66855259,423.8786126,-1.50775541,42.38639591
3/7/2025 9:04,439.3446094,417.6361535,30.70197968,46.52373443,427.5970814,-1.483691845,42.54045871
3/7/2025 9:05,442.6892799,421.3445322,30.7540036,46.37882531,431.312476,-1.459829754,42.69450142
3/7/2025 9:06,446.0299187,425.0500161,30.80597374,46.23383781,435.0245119,-1.436172953,42.84851131
3/7/2025 9:07,449.3662815,428.7523206,30.85788559,46.08878451,438.7329055,-1.412725214,43.00247569
3/7/2025 9:08,452.698125,432.4511619,30.9097347,45.94367795,442.4373745,-1.389490259,43.15638187
3/7/2025 9:09,456.0252071,436.1462577,30.96151663,45.79853065,446.1376376,-1.366471764,43.31021723
3/7/2025 9:10,459.347287,439.8373267,31.01322696,45.65335509,449.8334148,-1.343673352,43.46396916
3/7/2025 9:11,462.6641254,443.5240887,31.0648613,45.50816374,453.5244271,-1.321098599,43.61762509
3/7/2025 9:12,465.9754839,447.206265,31.1164153,45.36296902,457.210397,-1.298751026,43.77117249
3/7/2025 9:13,469.2811258,450.8835781,31.16788462,45.21778331,460.8910482,-1.276634105,43.92459887
3/7/2025 9:14,472.5808156,454.5557517,31.21926495,45.07261896,464.5661057,-1.254751253,44.0778918
3/7/2025 9:15,475.8743195,458.2225112,31.27055203,44.92748826,468.2352962,-1.233105833,44.23103887
3/7/2025 9:16,479.1614046,461.883583,31.3217416,44.78240348,471.8983473,-1.211701153,44.38402773
3/7/2025 9:17,482.4418401,465.5386954,31.37282946,44.63737682,475.5549884,-1.190540468,44.53684608
3/7/2025 9:18,485.7153963,469.1875779,31.42381143,44.49242045,479.2049504,-1.169626972,44.68948167
3/7/2025 9:19,488.9818453,472.8299616,31.47468335,44.34754647,482.8479656,-1.148963806,44.8419223
3/7/2025 9:20,492.2409604,476.4655793,31.52544112,44.20276695,486.483768,-1.12855405,44.99415583
3/7/2025 9:21,495.492517,480.0941652,31.57608065,44.05809387,490.1120931,-1.108400728,45.14617019
3/7/2025 9:22,498.7362916,483.7154554,31.6265979,43.91353919,493.7326781,-1.088506802,45.29795334
3/7/2025 9:23,501.9720628,487.3291874,31.67698887,43.76911477,497.3452619,-1.068875175,45.44949333
3/7/2025 9:24,505.1996105,490.9351007,31.72724958,43.62483243,500.949585,-1.04950869,45.60077827
3/7/2025 9:25,508.4187167,494.5329364,31.7773761,43.48070392,504.5453898,-1.030410127,45.75179632
3/7/2025 9:26,511.6291647,498.1224374,31.82736453,43.33674093,508.1324203,-1.011582204,45.90253573
3/7/2025 9:27,514.8307399,501.7033484,31.87721102,43.19295506,511.7104224,-0.993027576,46.05298479
3/7/2025 9:28,518.0232293,505.2754161,31.92691176,43.04935785,515.279144,-0.974748836,46.2031319
3/7/2025 9:29,521.2064217,508.8383889,31.97646297,42.90596076,518.8383346,-0.95674851,46.35296549
3/7/2025 9:30,524.3801078,512.3920171,32.02586091,42.76277518,522.3877456,-0.939029063,46.50247411
3/7/2025 9:31,527.5440801,515.9360532,32.0751019,42.61981242,525.9271307,-0.92159289,46.65164637
3/7/2025 9:32,530.698133,519.4702514,32.12418228,42.4770837,529.4562451,-0.904442325,46.80047093
3/7/2025 9:33,533.8420627,522.9943681,32.17309846,42.33460017,532.9748463,-0.887579632,46.94893658
3/7/2025 9:34,536.9756674,526.5081617,32.22184686,42.19237288,536.4826936,-0.871007009,47.09703216
3/7/2025 9:35,540.0987471,530.0113925,32.27042397,42.0504128,539.9795486,-0.854726587,47.24474661
3/7/2025 9:36,543.211104,533.5038231,32.31882633,41.90873082,543.4651746,-0.83874043,47.39206894
3/7/2025 9:37,546.312542,536.9852181,32.3670505,41.76733772,546.9393374,-0.823050531,47.53898826
3/7/2025 9:38,549.4028671,540.4553443,32.41509311,41.6262442,550.4018045,-0.807658815,47.68549378
3/7/2025 9:39,552.4818874,543.9139706,32.46295082,41.48546085,553.852346,-0.792567139,47.83157478
3/7/2025 9:40,555.5494127,547.3608682,32.51062035,41.34499819,557.2907339,-0.777777289,47.97722063
3/7/2025 9:41,558.6052552,550.7958103,32.55809846,41.2048666,560.7167422,-0.763290981,48.12242083
3/7/2025 9:42,561.6492289,554.2185727,32.60538198,41.0650764,564.1301475,-0.74910986,48.26716493
3/7/2025 9:43,564.6811501,557.6289331,32.65246775,40.92563779,567.5307284,-0.735235502,48.4114426
3/7/2025 9:44,567.7008368,561.0266717,32.6993527,40.78656085,570.9182659,-0.721669409,48.55524362
3/7/2025 9:45,570.7081094,564.4115709,32.74603378,40.64785558,574.292543,-0.708413014,48.69855785
3/7/2025 9:46,573.7027904,567.7834154,32.79250802,40.50953185,577.6533453,-0.695467676,48.84137526
3/7/2025 9:47,576.6847043,571.1419924,32.83877247,40.37159944,581.0004605,-0.682834683,48.98368592
3/7/2025 9:48,579.6536777,574.4870913,32.88482425,40.23406799,584.3336788,-0.670515251,49.12548001
3/7/2025 9:49,582.6095395,577.8185039,32.93066053,40.09694707,587.6527925,-0.658510522,49.26674782
3/7/2025 9:50,585.5521205,581.1360246,32.97627853,39.96024608,590.9575965,-0.646821566,49.40747972
3/7/2025 9:51,588.4812539,584.4394498,33.02167554,39.82397436,594.247888,-0.63544938,49.54766622
3/7/2025 9:52,591.3967749,587.7285788,33.06684888,39.68814108,597.5234665,-0.624394887,49.68729793
3/7/2025 9:53,594.298521,591.003213,33.11179592,39.55275532,600.7841341,-0.613658938,49.82636557
3/7/2025 9:54,597.1863319,594.2631563,33.15651413,39.41782605,604.029695,-0.603242308,49.96485995
3/7/2025 9:55,600.0600493,597.5082153,33.20100097,39.28336208,607.2599561,-0.593145701,50.10277204
3/7/2025 9:56,602.9195172,600.7381988,33.24525401,39.14937212,610.4747268,-0.583369746,50.24009287
3/7/2025 9:57,605.7645818,603.9529183,33.28927084,39.01586476,613.6738187,-0.573914998,50.37681364
3/7/2025 9:58,608.5950916,607.1521877,33.33304913,38.88284845,616.8570459,-0.564781938,50.51292562
3/7/2025 9:59,611.4108972,610.3358234,33.3765866,38.75033151,620.0242252,-0.555970973,50.64842022
3/7/2025 10:00,613.3172329,612.2110628,33.41922331,38.63084246,622.0148993,-0.569530994,50.74439024
3/7/2025 10:01,616.1031907,615.3628905,33.46227249,38.49934873,625.1494426,-0.561365145,50.87862478
3/7/2025 10:02,618.8740095,618.4985491,33.50507433,38.36837855,628.267403,-0.55352217,51.01221686
3/7/2025 10:03,621.6295488,621.6178652,33.54762678,38.23793975,631.3686069,-0.54600218,51.14515838
3/7/2025 10:04,624.3696702,624.7206678,33.58992783,38.10803998,634.4528837,-0.538805211,51.27744134
3/7/2025 10:05,627.0942377,627.8067886,33.63197555,37.97868677,637.5200649,-0.531931229,51.40905788
3/7/2025 10:06,629.8031175,630.876062,33.67376806,37.84988751,640.5699848,-0.525380123,51.54000023
3/7/2025 10:07,632.4961779,633.9283248,33.71530352,37.72164947,643.60248,-0.519151709,51.67026079
3/7/2025 10:08,635.1732897,636.9634165,33.75658017,37.59397976,646.6173899,-0.51324573,51.79983204
3/7/2025 10:09,637.8343255,639.981179,33.79759631,37.46688536,649.6145563,-0.507661857,51.92870662
3/7/2025 10:10,640.4791605,642.981457,33.83835029,37.3403731,652.5938234,-0.502399687,52.05687729
3/7/2025 10:11,643.107672,645.9640975,33.87884051,37.21444968,655.5550382,-0.497458743,52.18433691
3/7/2025 10:12,645.7197394,648.9289504,33.91906545,37.08912165,658.4980501,-0.492838476,52.31107849
3/7/2025 10:13,648.3152444,651.875868,33.95902364,36.96439543,661.422711,-0.488538266,52.43709518
3/7/2025 10:14,650.8940708,654.8047053,33.99871365,36.84027729,664.3288755,-0.484557419,52.56238023
3/7/2025 10:15,653.4561049,657.7153197,34.03813415,36.71677334,667.2164005,-0.480895171,52.68692703
3/7/2025 10:16,656.0012348,660.6075713,34.07728383,36.59388957,670.0851456,-0.477550685,52.81072911
3/7/2025 10:17,658.5293511,663.4813228,34.11616147,36.4716318,672.9349729,-0.474523053,52.93378011
3/7/2025 10:18,661.0403463,666.3364395,34.15476588,36.35000572,675.7657471,-0.471811296,53.05607382
3/7/2025 10:19,663.5341154,669.1727891,34.19309595,36.22901687,678.5773354,-0.469414366,53.17760414
3/7/2025 10:20,666.0105552,671.9902421,34.23115062,36.10867065,681.3696073,-0.467331144,53.29836512
3/7/2025 10:21,668.4695649,674.7886714,34.26892891,35.98897228,684.1424351,-0.46556044,53.41835093
3/7/2025 10:22,670.9110459,677.5679525,34.30642986,35.86992688,686.8956936,-0.464100996,53.53755587
3/7/2025 10:23,673.3349014,680.3279634,34.3436526,35.75153938,689.6292599,-0.462951485,53.65597438
3/7/2025 10:24,675.7410371,683.0685848,34.38059632,35.63381457,692.3430137,-0.462110513,53.77360102
3/7/2025 10:25,678.1293607,685.7896998,34.41726025,35.51675712,695.0368373,-0.461576615,53.89043049
3/7/2025 10:26,680.4997818,688.4911939,34.45364369,35.40037151,697.7106153,-0.461348261,54.00645762
3/7/2025 10:27,682.8522124,691.1729555,34.489746,35.28466209,700.364235,-0.461423853,54.12167736
3/7/2025 10:28,685.1865663,693.8348751,34.5255666,35.16963305,702.9975858,-0.461801727,54.23608481
3/7/2025 10:29,687.5027596,696.476846,34.56110496,35.05528844,705.61056,-0.462480154,54.3496752
3/7/2025 10:30,689.8007104,699.0987637,34.59636062,34.94163217,708.2030521,-0.463457339,54.46244387
3/7/2025 10:31,692.0803387,701.7005265,34.63133316,34.82866796,710.7749589,-0.464731422,54.57438631
3/7/2025 10:32,694.3415667,704.2820349,34.66602224,34.71639942,713.32618,-0.466300479,54.68549815
3/7/2025 10:33,696.5843185,706.843192,34.70042757,34.60482998,715.856617,-0.468162524,54.79577512
3/7/2025 10:34,698.8085203,709.3839032,34.73454892,34.49396295,718.3661741,-0.470315506,54.90521312
3/7/2025 10:35,701.0141002,711.9040764,34.7683861,34.38380145,720.854758,-0.472757314,55.01380814
3/7/2025 10:36,703.2009882,714.403622,34.80193899,34.27434848,723.3222776,-0.475485775,55.12155634
3/7/2025 10:37,705.3691165,716.8824526,34.83520754,34.16560688,725.7686441,-0.478498654,55.22845398
3/7/2025 10:38,707.5184189,719.3404834,34.86819174,34.05757935,728.1937712,-0.481793657,55.33449746
3/7/2025 10:39,709.6488314,721.7776316,34.90089164,33.95026841,730.5975749,-0.485368432,55.43968332
3/7/2025 10:40,711.7602917,724.1938172,34.93330735,33.84367645,732.9799734,-0.489220566,55.54400822
3/7/2025 10:41,713.8527396,726.5889622,34.96543902,33.73780573,735.3408872,-0.493347589,55.64746893
3/7/2025 10:42,715.9261166,728.9629911,34.99728688,33.63265833,737.6802392,-0.497746976,55.75006239
3/7/2025 10:43,717.980366,731.3158304,35.0288512,33.52823618,739.9979545,-0.502416142,55.85178563
3/7/2025 10:44,720.015433,733.6474093,35.06013231,33.42454109,742.2939604,-0.507352451,55.95263582
3/7/2025 10:45,722.0312647,735.9576589,35.09113058,33.3215747,744.5681865,-0.512553208,56.05261027
3/7/2025 10:46,724.0278099,738.2465126,35.12184646,33.21933851,746.8205645,-0.518015669,56.15170641
3/7/2025 10:47,726.005019,740.5139062,35.15228043,33.11783386,749.0510283,-0.523737032,56.24992177
3/7/2025 10:48,727.9628446,742.7597775,35.18243303,33.01706197,751.2595141,-0.529714447,56.34725404
3/7/2025 10:49,729.9012404,744.9840665,35.21230487,32.91702389,753.4459601,-0.535945011,56.44370101
3/7/2025 10:50,731.8201624,747.1867154,35.24189658,32.81772053,755.6103066,-0.542425771,56.53926062
3/7/2025 10:51,733.7195679,749.3676685,35.27120887,32.71915267,757.7524961,-0.549153726,56.6339309
3/7/2025 10:52,735.5994161,751.5268723,35.30024249,32.62132093,759.8724731,-0.556125824,56.72771003
3/7/2025 10:53,737.4596675,753.6642752,35.32899823,32.52422579,761.9701843,-0.563338967,56.82059629
3/7/2025 10:54,739.3002847,755.7798277,35.35747695,32.42786759,764.0455784,-0.570790012,56.91258809
3/7/2025 10:55,741.1212315,757.8734825,35.38567955,32.33224654,766.0986059,-0.578475767,57.00368397
3/7/2025 10:56,742.9224735,759.9451941,35.41360698,32.23736269,768.1292195,-0.586392998,57.09388257
3/7/2025 10:57,744.7039777,761.9949192,35.44126023,32.14321595,770.1373738,-0.594538427,57.18318267
3/7/2025 10:58,746.4657127,764.0226162,35.46864036,32.04980611,772.1230255,-0.602908733,57.27158313
3/7/2025 10:59,748.2076486,766.0282457,35.49574846,31.95713282,774.0861329,-0.611500553,57.35908298
3/7/2025 11:00,749.0351385,766.7191885,35.52192798,31.8777159,774.86638,-0.642359042,57.40678259
3/7/2025 11:01,750.7373924,768.680572,35.54849549,31.78651406,776.7842821,-0.651383642,57.49247864
3/7/2025 11:02,752.4197663,770.6197808,35.57479453,31.69604688,778.6795267,-0.66061943,57.57727175
3/7/2025 11:03,754.0822361,772.5367828,35.60082638,31.60631346,780.5520798,-0.670062888,57.66116138
3/7/2025 11:04,755.724779,774.4315479,35.62659237,31.51731275,782.4019091,-0.679710459,57.74414709
3/7/2025 11:05,757.3473736,776.3040476,35.65209386,31.42904361,784.2289841,-0.689558555,57.82622855
3/7/2025 11:06,758.95,778.1542553,35.67733227,31.34150473,786.0332761,-0.699603551,57.90740556
3/7/2025 11:07,760.5326394,779.9821459,35.70230904,31.2546947,787.814758,-0.709841789,57.987678
3/7/2025 11:08,762.0952743,781.7876963,35.72702567,31.16861197,789.5734046,-0.720269579,58.06704588
3/7/2025 11:09,763.6378887,783.5708848,35.75148371,31.08325487,791.3091921,-0.730883202,58.14550929
3/7/2025 11:10,765.1604674,785.3316916,35.77568472,30.99862159,793.0220986,-0.741678907,58.22306845
3/7/2025 11:11,766.6629969,787.0700983,35.79963033,30.91471021,794.7121036,-0.752652916,58.29972366
3/7/2025 11:12,768.1454646,788.7860881,35.82332219,30.83151869,796.3791884,-0.763801421,58.37547534
3/7/2025 11:13,769.607859,790.4796459,35.846762,30.74904486,798.0233357,-0.77512059,58.450324
3/7/2025 11:14,771.05017,792.1507581,35.8699515,30.66728644,799.6445298,-0.786606565,58.52427025
3/7/2025 11:15,772.4723884,793.7994125,35.89289244,30.58624102,801.2427565,-0.798255463,58.59731481
3/7/2025 11:16,773.8745062,795.4255985,35.91558664,30.50590608,802.8180031,-0.810063381,58.66945848
3/7/2025 11:17,775.2565164,797.0293068,35.93803595,30.42627899,804.3702584,-0.822026391,58.74070216
3/7/2025 11:18,776.6184131,798.6105295,35.96024223,30.347357,805.8995124,-0.834140545,58.81104685
3/7/2025 11:19,777.9601912,800.1692604,35.98220741,30.26913725,807.4057568,-0.846401877,58.88049364
3/7/2025 11:20,779.2818469,801.7054943,36.00393342,30.19161678,808.8889845,-0.858806402,58.9490437
3/7/2025 11:21,780.5833772,803.2192275,36.02542225,30.1147925,810.3491898,-0.871350117,59.0166983
3/7/2025 11:22,781.86478,804.7104575,36.0466759,30.03866122,811.7863683,-0.884029005,59.08345881
3/7/2025 11:23,783.1260541,806.1791831,36.06769642,29.96321967,813.2005168,-0.896839034,59.14932666
3/7/2025 11:24,784.3671993,807.6254044,36.08848587,29.88846444,814.5916335,-0.909776157,59.21430338
3/7/2025 11:25,785.5882161,809.0491227,36.10904636,29.81439204,815.9597178,-0.922836316,59.27839059
3/7/2025 11:26,786.789106,810.4503404,36.12938001,29.74099888,817.3047702,-0.936015442,59.34158998
3/7/2025 11:27,787.9698712,811.8290611,36.14948898,29.66828126,818.6267925,-0.949309456,59.40390332
3/7/2025 11:28,789.1305148,813.1852895,36.16937546,29.59623539,819.9257876,-0.962714269,59.46533248
3/7/2025 11:29,790.2710404,814.5190314,36.18904165,29.52485739,821.2017595,-0.976225788,59.52587938
3/7/2025 11:30,791.3914526,815.8302937,36.20848979,29.45414329,822.4547133,-0.98983991,59.58554604
3/7/2025 11:31,792.4917566,817.1190842,36.22772215,29.38408901,823.6846552,-1.003552529,59.64433454
3/7/2025 11:32,793.5719583,818.3854119,36.24674099,29.31469039,824.8915924,-1.017359536,59.70224703
3/7/2025 11:33,794.6320642,819.6292865,36.26554864,29.2459432,826.0755331,-1.031256817,59.75928574
3/7/2025 11:34,795.6720815,820.850719,36.28414741,29.17784311,827.2364865,-1.045240259,59.81545298
3/7/2025 11:35,796.692018,822.0497209,36.30253966,29.11038569,828.3744627,-1.059305748,59.87075111
3/7/2025 11:36,797.6918821,823.2263049,36.32072776,29.04356647,829.4894729,-1.07344917,59.92518257
3/7/2025 11:37,798.6716828,824.3804844,36.33871409,28.97738087,830.5815289,-1.087666415,59.97874984
3/7/2025 11:38,799.6314294,825.5122738,36.35650106,28.91182423,831.6506438,-1.101953376,60.03145551
3/7/2025 11:39,800.571132,826.621688,36.3740911,28.84689183,832.696831,-1.116305951,60.08330219
3/7/2025 11:40,801.4908011,827.7087429,36.39148665,28.78257887,833.7201051,-1.130720043,60.13429256
3/7/2025 11:41,802.3904477,828.773455,36.40869017,28.71888048,834.7204814,-1.145191563,60.18442937
3/7/2025 11:42,803.270083,829.8158417,36.42570413,28.65579173,835.697976,-1.159716429,60.23371543
3/7/2025 11:43,804.1297191,830.8359208,36.44253101,28.5933076,836.6526056,-1.174290572,60.28215359
3/7/2025 11:44,804.969368,831.8337111,36.45917333,28.53142303,837.5843878,-1.18890993,60.32974675
3/7/2025 11:45,805.7890424,832.8092316,36.47563358,28.47013287,838.4933406,-1.203570454,60.37649789
3/7/2025 11:46,806.5887553,833.7625024,36.49191429,28.40943194,839.3794831,-1.218268109,60.42241002
3/7/2025 11:47,807.3685199,834.6935437,36.508018,28.34931498,840.2428345,-1.232998874,60.46748619
3/7/2025 11:48,808.1283499,835.6023765,36.52394725,28.28977667,841.083415,-1.247758743,60.51172952
3/7/2025 11:49,808.8682591,836.4890222,36.5397046,28.23081165,841.9012453,-1.262543727,60.55514316
3/7/2025 11:50,809.5882618,837.3535029,36.5552926,28.1724145,842.6963465,-1.277349856,60.59773031
3/7/2025 11:51,810.2883723,838.1958409,36.57071383,28.11457975,843.4687404,-1.292173177,60.63949421
3/7/2025 11:52,810.9686053,839.016059,36.58597085,28.05730189,844.2184493,-1.307009758,60.68043815
3/7/2025 11:53,811.6289756,839.8141806,36.60106626,28.00057535,844.9454958,-1.321855689,60.72056544
3/7/2025 11:54,812.2694984,840.5902292,36.61600262,27.94439452,845.6499031,-1.336707082,60.75987944
3/7/2025 11:55,812.8901888,841.3442289,36.63078253,27.88875376,846.331695,-1.351560071,60.79838355
3/7/2025 11:56,813.4910623,842.0762039,36.64540858,27.83364737,846.9908953,-1.366410819,60.83608119
3/7/2025 11:57,814.0721343,842.786179,36.65988337,27.77906963,847.6275286,-1.381255511,60.87297583
3/7/2025 11:58,814.6334204,843.474179,36.67420947,27.72501477,848.2416196,-1.396090359,60.90907094
3/7/2025 11:59,815.1749364,844.1402292,36.68838949,27.67147701,848.8331934,-1.410911605,60.94437006
3/7/2025 12:00,814.8020797,843.4917733,36.70176832,27.63097084,848.241999,-1.447764078,60.93997801
3/7/2025 12:01,815.3041031,844.1140002,36.71566394,27.57844975,848.7886152,-1.462546963,60.9736958
3/7/2025 12:02,815.7864039,844.7143541,36.72942125,27.52642819,849.3127913,-1.477305149,61.00662831
3/7/2025 12:03,816.2489981,845.292861,36.74304283,27.47490026,849.8145539,-1.492035001,61.03877915
3/7/2025 12:04,816.6919017,845.8495471,36.75653125,27.42386002,850.2939292,-1.506732918,61.07015198
3/7/2025 12:05,817.1151307,846.3844385,36.76988909,27.37330153,850.7509441,-1.521395332,61.10075044
3/7/2025 12:06,817.518701,846.8975618,36.78311892,27.32321883,851.1856255,-1.53601871,61.13057822
3/7/2025 12:07,817.9026284,847.3889432,36.7962233,27.27360592,851.5980005,-1.550599558,61.159639
3/7/2025 12:08,818.266929,847.8586093,36.80920478,27.22445683,851.9880964,-1.565134418,61.1879365
3/7/2025 12:09,818.6116183,848.3065867,36.82206591,27.17576553,852.3559404,-1.579619871,61.21547444
3/7/2025 12:10,818.9367123,848.732902,36.83480922,27.12752601,852.7015603,-1.594052538,61.24225654
3/7/2025 12:11,819.2422265,849.1375816,36.84743724,27.07973226,853.0249834,-1.60842908,61.26828656
3/7/2025 12:12,819.5281765,849.5206521,36.85995247,27.03237825,853.3262376,-1.6227462,61.29356823
3/7/2025 12:13,819.7945776,849.8821401,36.87235742,26.98545794,853.6053507,-1.637000643,61.31810533
3/7/2025 12:14,820.0414452,850.222072,36.88465459,26.9389653,853.8623503,-1.651189198,61.3419016
3/7/2025 12:15,820.2687944,850.5404741,36.89684643,26.89289431,854.0972644,-1.665308699,61.36496082
3/7/2025 12:16,820.4766403,850.8373728,36.90893542,26.84723894,854.3101207,-1.679356023,61.38728675
3/7/2025 12:17,820.6649977,851.1127943,36.920924,26.80199317,854.5009473,-1.693328096,61.40888316
3/7/2025 12:18,820.8338812,851.3667645,36.93281459,26.75715099,854.6697719,-1.707221889,61.42975382
3/7/2025 12:19,820.9833055,851.5993095,36.94460961,26.71270639,854.8166223,-1.721034423,61.4499025
3/7/2025 12:20,821.1132848,851.810455,36.95631146,26.66865339,854.9415263,-1.734762766,61.46933296
3/7/2025 12:21,821.2238332,852.0002266,36.96792251,26.62498602,855.0445117,-1.748404037,61.48804895
3/7/2025 12:22,821.3149647,852.1686497,36.97944511,26.58169831,855.125606,-1.761955405,61.50605422
3/7/2025 12:23,821.3866929,852.3157495,36.9908816,26.53878432,855.1848369,-1.77541409,61.52335253
3/7/2025 12:24,821.4390314,852.4415511,37.0022343,26.49623813,855.2222319,-1.788777364,61.5399476
3/7/2025 12:25,821.4719934,852.5460793,37.01350551,26.45405384,855.2378183,-1.802042554,61.55584315
3/7/2025 12:26,821.4855919,852.6293585,37.02469749,26.41222559,855.2316233,-1.815207037,61.5710429
3/7/2025 12:27,821.4798398,852.6914132,37.0358125,26.37074752,855.2036741,-1.828268248,61.58555053
3/7/2025 12:28,821.4547495,852.7322673,37.04685276,26.32961381,855.1539978,-1.841223677,61.59936975
3/7/2025 12:29,821.4103333,852.7519446,37.05782047,26.28881868,855.0826211,-1.854070866,61.61250421
3/7/2025 12:30,821.3466033,852.7504688,37.0687178,26.24835637,854.9895707,-1.866807417,61.62495756
3/7/2025 12:31,821.2635713,852.7278629,37.07954692,26.20822116,854.8748732,-1.879430991,61.63673343
3/7/2025 12:32,821.1612487,852.6841499,37.09030994,26.16840736,854.738555,-1.891939301,61.64783544
3/7/2025 12:33,821.0396468,852.6193524,37.10100896,26.12890932,854.5806421,-1.904330125,61.65826718
3/7/2025 12:34,820.8987767,852.5334927,37.11164605,26.08972144,854.4011606,-1.916601297,61.66803221
3/7/2025 12:35,820.738649,852.4265929,37.12222326,26.05083815,854.2001364,-1.92875071,61.67713408
3/7/2025 12:36,820.5592741,852.2986745,37.13274258,26.01225393,853.9775949,-1.940776321,61.68557631
3/7/2025 12:37,820.3606622,852.149759,37.143206,25.9739633,853.7335616,-1.952676143,61.69336239
3/7/2025 12:38,820.1428233,851.9798672,37.15361549,25.93596083,853.4680617,-1.964448256,61.7004958
3/7/2025 12:39,819.9057669,851.7890199,37.16397294,25.89824114,853.1811201,-1.976090799,61.70697998
3/7/2025 12:40,819.6495024,851.5772373,37.17428027,25.86079891,852.8727616,-1.987601974,61.71281833
3/7/2025 12:41,819.3740388,851.3445393,37.18453931,25.82362884,852.5430107,-1.998980047,61.71801424
3/7/2025 12:42,819.079385,851.0909456,37.1947519,25.78672574,852.1918917,-2.010223348,61.72257106
3/7/2025 12:43,818.7655495,850.8164755,37.20491983,25.75008442,851.8194287,-2.021330268,61.72649211
3/7/2025 12:44,818.4325406,850.5211476,37.21504485,25.71369977,851.4256455,-2.032299267,61.72978067
3/7/2025 12:45,818.0803662,850.2049807,37.22512869,25.67756675,851.0105657,-2.043128868,61.73244
3/7/2025 12:46,817.7090342,849.8679927,37.23517303,25.64168037,850.5742128,-2.053817659,61.73447331
3/7/2025 12:47,817.318552,849.5102016,37.24517953,25.60603571,850.1166098,-2.064364295,61.73588379
3/7/2025 12:48,816.9089269,849.1316246,37.2551498,25.57062789,849.6377798,-2.074767495,61.73667458
3/7/2025 12:49,816.4801657,848.7322789,37.26508542,25.53545213,849.1377453,-2.085026048,61.73684878
3/7/2025 12:50,816.0322754,848.3121812,37.27498794,25.50050369,848.6165288,-2.095138808,61.73640947
3/7/2025 12:51,815.5652624,847.8713477,37.28485885,25.46577791,848.0741526,-2.105104694,61.73535968
3/7/2025 12:52,815.0791329,847.4097944,37.29469964,25.43127021,847.5106387,-2.114922698,61.7337024
3/7/2025 12:53,814.5738931,846.927537,37.30451171,25.39697607,846.9260089,-2.124591874,61.73144056
3/7/2025 12:54,814.0495487,846.4245907,37.31429648,25.36289104,846.3202847,-2.134111348,61.72857709
3/7/2025 12:55,813.5061054,845.9009704,37.32405528,25.32901074,845.6934874,-2.143480312,61.72511485
3/7/2025 12:56,812.9435686,845.3566907,37.33378943,25.29533089,845.0456382,-2.152698028,61.72105666
3/7/2025 12:57,812.3619437,844.7917658,37.3435002,25.26184726,844.3767581,-2.161763826,61.7164053
3/7/2025 12:58,811.7612355,844.2062096,37.35318881,25.22855572,843.6868677,-2.170677104,61.71116351
3/7/2025 12:59,811.141449,843.6000356,37.36285647,25.1954522,842.9759877,-2.179437332,61.70533397
3/7/2025 13:00,809.6079704,841.6806755,37.37184662,25.17505306,841.0838617,-2.210092601,61.66002061
3/7/2025 13:01,808.9500413,841.0333054,37.38147576,25.14231373,840.3310631,-2.218545406,61.65302347
3/7/2025 13:02,808.2730475,840.3653564,37.39108727,25.10975074,839.5573353,-2.226843978,61.64544638
3/7/2025 13:03,807.5769934,839.6768408,37.40068216,25.07736036,838.7626982,-2.234988063,61.63729185
3/7/2025 13:04,806.8618831,838.9677705,37.41026141,25.04513894,837.9471713,-2.242977475,61.62856233
3/7/2025 13:05,806.1277206,838.2381574,37.41982597,25.01308292,837.1107742,-2.250812098,61.61926023
3/7/2025 13:06,805.37451,837.4880129,37.42937674,24.98118884,836.2535263,-2.258491885,61.60938793
3/7/2025 13:07,804.6022551,836.7173483,37.43891455,24.94945331,835.3754469,-2.266016859,61.59894773
3/7/2025 13:08,803.8109597,835.9261745,37.44844022,24.91787305,834.476555,-2.273387113,61.58794189
3/7/2025 13:09,803.0006275,835.1145022,37.45795452,24.88644485,833.5568697,-2.280602809,61.57637263
3/7/2025 13:10,802.1712623,834.282342,37.46745816,24.85516561,832.61641,-2.287664177,61.56424211
3/7/2025 13:11,801.3228677,833.4297042,37.47695182,24.8240323,831.6551945,-2.294571518,61.55155246
3/7/2025 13:12,800.4554474,832.5565988,37.48643614,24.79304201,830.6732422,-2.301325201,61.53830573
3/7/2025 13:13,799.5690051,831.6630357,37.4959117,24.76219192,829.6705717,-2.307925665,61.52450394
3/7/2025 13:14,798.6635444,830.7490248,37.50537905,24.73147928,828.6472016,-2.314373416,61.51014906
3/7/2025 13:15,797.7390691,829.8145755,37.51483868,24.70090145,827.6031507,-2.320669031,61.49524299
3/7/2025 13:16,796.7955829,828.8596973,37.52429105,24.67045591,826.5384374,-2.326813155,61.4797876
3/7/2025 13:17,795.8330896,827.8843994,37.53373656,24.6401402,825.4530804,-2.332806499,61.46378471
3/7/2025 13:18,794.8515932,826.8886912,37.54317558,24.60995198,824.3470983,-2.338649844,61.44723606
3/7/2025 13:19,793.8510978,825.8725815,37.55260842,24.579889,823.2205096,-2.344344038,61.43014336
3/7/2025 13:20,792.8316073,824.8360796,37.56203536,24.54994911,822.0733331,-2.349889997,61.41250829
3/7/2025 13:21,791.7931262,823.7791942,37.57145663,24.52013027,820.9055875,-2.355288705,61.39433243
3/7/2025 13:22,790.7356588,822.7019343,37.5808724,24.49043053,819.7172916,-2.36054121,61.37561735
3/7/2025 13:23,789.6592097,821.6043088,37.59028281,24.46084804,818.5084642,-2.365648629,61.35636454
3/7/2025 13:24,788.5637838,820.4863265,37.59968795,24.43138105,817.2791243,-2.370612145,61.33657547
3/7/2025 13:25,787.4493861,819.3479962,37.60908787,24.40202792,816.029291,-2.375433005,61.31625153
3/7/2025 13:26,786.3160217,818.1893269,37.61848256,24.3727871,814.7589836,-2.380112524,61.29539406
3/7/2025 13:27,785.1636962,817.0103275,37.62787199,24.34365717,813.4682214,-2.384652079,61.27400438
3/7/2025 13:28,783.9924154,815.811007,37.63725605,24.31463677,812.1570241,-2.389053115,61.25208373
3/7/2025 13:29,782.8021853,814.5913745,37.64663461,24.28572467,810.8254114,-2.393317137,61.2296333
3/7/2025 13:30,781.5930123,813.3514391,37.65600749,24.25691974,809.4734033,-2.397445717,61.20665424
3/7/2025 13:31,780.3649031,812.0912103,37.66537446,24.22822096,808.10102,-2.40144049,61.18314766
3/7/2025 13:32,779.1178647,810.8106975,37.67473524,24.1996274,806.708282,-2.40530315,61.15911459
3/7/2025 13:33,777.8519046,809.5099103,37.68408953,24.17113823,805.2952101,-2.409035458,61.13455604
3/7/2025 13:34,776.5670306,808.1888586,37.69343695,24.14275274,803.8618252,-2.412639232,61.10947296
3/7/2025 13:35,775.2632511,806.8475524,37.70277711,24.11447032,802.4081489,-2.416116355,61.08386625
3/7/2025 13:36,773.9405745,805.486002,37.71210954,24.08629045,800.9342026,-2.419468769,61.05773676
3/7/2025 13:37,772.5990103,804.104218,37.72143375,24.05821273,799.4400086,-2.422698473,61.03108529
3/7/2025 13:38,771.2385679,802.7022113,37.73074919,24.03023686,797.9255892,-2.425807529,61.00391261
3/7/2025 13:39,769.8592575,801.2799929,37.7400553,24.00236264,796.3909672,-2.428798056,60.97621942
3/7/2025 13:40,768.4610899,799.8375744,37.74935143,23.97458998,794.836166,-2.431672232,60.94800639
3/7/2025 13:41,767.0440762,798.3749675,37.75863691,23.94691887,793.2612091,-2.434432289,60.91927413
3/7/2025 13:42,765.6082283,796.8921846,37.76791103,23.91934944,791.6661209,-2.437080519,60.89002322
3/7/2025 13:43,764.1535586,795.3892382,37.77717303,23.89188191,790.0509259,-2.439619269,60.86025418
3/7/2025 13:44,762.6800802,793.8661414,37.7864221,23.86451658,788.4156493,-2.44205094,60.8299675
3/7/2025 13:45,761.1878067,792.3229077,37.79565741,23.83725388,786.7603168,-2.444377988,60.79916362
3/7/2025 13:46,759.6767526,790.759551,37.80487806,23.81009433,785.0849547,-2.446602923,60.76784293
3/7/2025 13:47,758.1469328,789.176086,37.81408313,23.78303856,783.3895898,-2.448728308,60.73600579
3/7/2025 13:48,756.5983632,787.5725275,37.82327164,23.75608729,781.6742496,-2.450756758,60.70365251
3/7/2025 13:49,755.0310603,785.9488912,37.83244259,23.72924135,779.9389621,-2.452690938,60.67078336
3/7/2025 13:50,753.4450413,784.3051933,37.84159492,23.70250168,778.1837561,-2.454533564,60.63739857
3/7/2025 13:51,751.8403244,782.6414504,37.85072753,23.67586929,776.4086609,-2.456287404,60.60349833
3/7/2025 13:52,750.2169284,780.9576801,37.8598393,23.64934531,774.6137068,-2.457955271,60.56908279
3/7/2025 13:53,748.5748731,779.2539004,37.86892905,23.62293098,772.7989245,-2.459540029,60.53415207
3/7/2025 13:54,746.914179,777.5301301,37.87799556,23.59662761,770.9643456,-2.461044588,60.49870625
3/7/2025 13:55,745.2348677,775.7863886,37.88703759,23.57043664,769.1100025,-2.462471903,60.46274536
3/7/2025 13:56,743.5369615,774.0226961,37.89605384,23.54435958,767.2359283,-2.463824977,60.42626941
3/7/2025 13:57,741.8204838,772.2390737,37.90504298,23.51839806,765.342157,-2.465106854,60.38927837
3/7/2025 13:58,740.0854589,770.4355431,37.91400365,23.49255377,763.4287235,-2.466320624,60.35177218
3/7/2025 13:59,738.331912,768.612127,37.92293444,23.46682854,761.4956634,-2.46746942,60.31375073
3/7/2025 14:00,735.6652509,765.4762671,37.93117621,23.45374459,758.3827368,-2.49060497,60.23631519
3/7/2025 14:01,733.8747399,763.6131511,37.94004288,23.42826327,756.4105343,-2.491633375,60.19726282
3/7/2025 14:02,732.0657888,761.7302225,37.94887523,23.40290699,754.4188178,-2.492606446,60.15769472
3/7/2025 14:03,730.2384272,759.8275075,37.95767172,23.37767793,752.4076268,-2.493527475,60.11761068
3/7/2025 14:04,728.3926855,757.9050334,37.96643077,23.35257837,750.3770016,-2.494399791,60.07701044
3/7/2025 14:05,726.5285955,755.9628281,37.97515075,23.32761066,748.3269837,-2.495226761,60.03589372
3/7/2025 14:06,724.6461899,754.0009208,37.98383001,23.30277726,746.2576157,-2.496011787,59.99426023
3/7/2025 14:07,722.7455028,752.0193417,37.99246687,23.27808071,744.168941,-2.496758306,59.95210964
3/7/2025 14:08,720.8265693,750.018122,38.0010596,23.25352363,742.0610044,-2.497469788,59.9094416
3/7/2025 14:09,718.8894259,747.9972941,38.00960646,23.22910874,739.9338515,-2.498149736,59.86625574
3/7/2025 14:10,716.9341103,745.9568914,38.01810566,23.20483883,737.7875294,-2.498801683,59.82255167
3/7/2025 14:11,714.9606613,743.8969485,38.02655539,23.18071679,735.6220862,-2.499429194,59.77832895
3/7/2025 14:12,712.9691191,741.8175012,38.0349538,23.15674558,733.4375709,-2.500035863,59.73358717
3/7/2025 14:13,710.9595254,739.7185866,38.04329902,23.13292824,731.2340343,-2.500625312,59.68832587
3/7/2025 14:14,708.931923,737.6002427,38.05158915,23.10926791,729.0115279,-2.50120119,59.64254457
3/7/2025 14:15,706.886356,735.4625092,38.05982226,23.08576778,726.7701049,-2.501767172,59.59624278
3/7/2025 14:16,704.8228702,733.3054267,38.06799637,23.06243114,724.5098194,-2.502326957,59.54942002
3/7/2025 14:17,702.7415124,731.1290374,38.07610952,23.03926135,722.230727,-2.50288427,59.50207574
3/7/2025 14:18,700.6423312,728.9333845,38.08415967,23.01626185,719.9328847,-2.503442857,59.45420944
3/7/2025 14:19,698.5253764,726.718513,38.0921448,22.99343615,717.6163507,-2.504006485,59.40582056
3/7/2025 14:20,696.3906994,724.4844689,38.10006283,22.97078782,715.2811848,-2.504578943,59.35690855
3/7/2025 14:21,694.2383529,722.2312999,38.10791168,22.94832052,712.9274479,-2.505164039,59.30747286
3/7/2025 14:22,692.0683914,719.9590549,38.11568923,22.92603798,710.5552025,-2.505765597,59.25751291
3/7/2025 14:23,689.8808707,717.6677844,38.12339334,22.90394399,708.1645127,-2.50638746,59.20702812
3/7/2025 14:24,687.6758481,715.3575403,38.13102185,22.88204241,705.7554436,-2.507033486,59.15601793
3/7/2025 14:25,685.4533827,713.0283762,38.13857257,22.86033716,703.3280624,-2.507707549,59.10448174
3/7/2025 14:26,683.2135352,710.680347,38.14604332,22.83883224,700.8824373,-2.508413533,59.05241896
3/7/2025 14:27,680.9563675,708.3135094,38.15343185,22.81753169,698.4186382,-2.509155338,58.99982901
3/7/2025 14:28,678.6819436,705.9279216,38.16073592,22.79643964,695.9367368,-2.509936873,58.94671129
3/7/2025 14:29,676.3903289,703.5236432,38.16795327,22.77556025,693.436806,-2.510762058,58.89306521
3/7/2025 14:30,674.0815906,701.1007357,38.17508162,22.75489777,690.9189206,-2.51163482,58.8388902
3/7/2025 14:31,671.7557974,698.6592622,38.18211867,22.73445647,688.3831567,-2.512559095,58.78418565
3/7/2025 14:32,669.4130198,696.1992874,38.1890621,22.71424071,685.8295924,-2.513538824,58.728951
3/7/2025 14:33,667.0533301,693.7208778,38.19590958,22.69425488,683.2583072,-2.514577956,58.67318568
3/7/2025 14:34,664.6768022,691.2241016,38.20265876,22.67450342,680.6693823,-2.51568044,58.6168891
3/7/2025 14:35,662.2835118,688.7090288,38.20930727,22.65499085,678.0629008,-2.516850231,58.56006073
3/7/2025 14:36,659.8735365,686.1757309,38.21585274,22.63572172,675.4389472,-2.518091284,58.50270001
3/7/2025 14:37,657.4469554,683.6242816,38.22229277,22.6167006,672.7976079,-2.519407554,58.44480641
3/7/2025 14:38,655.0038497,681.0547561,38.22862498,22.59793216,670.1389711,-2.520802996,58.3863794
3/7/2025 14:39,652.5443021,678.4672315,38.23484693,22.57942107,667.4631267,-2.522281562,58.32741847
3/7/2025 14:40,650.0683975,675.861787,38.24095621,22.56117205,664.7701665,-2.523847203,58.26792313
3/7/2025 14:41,647.5762223,673.2385032,38.24695038,22.54318988,662.0601837,-2.525503863,58.20789291
3/7/2025 14:42,645.0678649,670.5974631,38.25282699,22.52547937,659.3332739,-2.527255481,58.14732733
3/7/2025 14:43,642.5434157,667.9387511,38.2585836,22.50804535,656.5895341,-2.529105991,58.08622597
3/7/2025 14:44,640.0029668,665.2624541,38.26421774,22.49089269,653.8290634,-2.531059316,58.0245884
3/7/2025 14:45,637.4466122,662.5686604,38.26972694,22.47402632,651.0519625,-2.533119373,57.96241421
3/7/2025 14:46,634.8744479,659.8574606,38.27510873,22.45745117,648.2583341,-2.535290066,57.89970305
3/7/2025 14:47,632.2865718,657.1289472,38.28036063,22.44117221,645.4482831,-2.537575288,57.83645455
3/7/2025 14:48,629.6830836,654.3832147,38.28548016,22.42519445,642.6219157,-2.53997892,57.77266839
3/7/2025 14:49,627.0640852,651.6203595,38.29046483,22.4095229,639.7793406,-2.542504829,57.70834426
3/7/2025 14:50,624.4296803,648.8404803,38.29531215,22.39416262,636.920668,-2.545156866,57.64348191
3/7/2025 14:51,621.7799744,646.0436776,38.30001963,22.37911867,634.0460104,-2.547938868,57.57808109
3/7/2025 14:52,619.1150753,643.230054,38.30458477,22.36439615,631.1554818,-2.550854651,57.51214158
3/7/2025 14:53,616.4350926,640.3997142,38.30900507,22.35000017,628.2491987,-2.553908016,57.44566322
3/7/2025 14:54,613.7401378,637.552765,38.31327806,22.33593586,625.3272793,-2.557102741,57.37864584
3/7/2025 14:55,611.0303245,634.6893154,38.31740122,22.32220835,622.3898436,-2.560442586,57.31108936
3/7/2025 14:56,608.3057683,631.8094763,38.32137208,22.30882281,619.437014,-2.563931287,57.24299368
3/7/2025 14:57,605.5665869,628.9133609,38.32518814,22.2957844,616.4689146,-2.567572559,57.17435877
3/7/2025 14:58,602.8128998,626.0010845,38.32884692,22.28309829,613.4856717,-2.571370089,57.10518464
3/7/2025 14:59,600.0448286,623.0727644,38.33234593,22.27076967,610.4874134,-2.575327542,57.03547131
3/7/2025 15:00,596.3678786,618.8359386,38.33502501,22.27132406,606.3139936,-2.601497113,56.92632017
3/7/2025 15:01,593.5714124,615.8758922,38.33819708,22.25972599,603.2860976,-2.605785296,56.85552875
3/7/2025 15:02,590.7609392,612.9001673,38.34120198,22.24850098,600.2435833,-2.61024423,56.78419852
3/7/2025 15:03,587.9365887,609.9088902,38.34403726,22.23765423,597.186587,-2.614877466,56.71232968
3/7/2025 15:04,585.0984927,606.9021891,38.34670046,22.22719094,594.1152471,-2.619688525,56.63992249
3/7/2025 15:05,582.2467851,603.8801945,38.34918916,22.21711628,591.0297043,-2.624680893,56.56697725
3/7/2025 15:06,579.3816017,600.8430392,38.35150092,22.20743544,587.9301011,-2.629858027,56.49349431
3/7/2025 15:07,576.5030805,597.7908579,38.35363332,22.1981536,584.816582,-2.635223348,56.41947407
3/7/2025 15:08,573.6113613,594.7237879,38.35558396,22.18927593,581.689294,-2.640780241,56.34491698
3/7/2025 15:09,570.7065861,591.6419686,38.35735045,22.18080757,578.5483856,-2.646532056,56.26982354
3/7/2025 15:10,567.788899,588.5455415,38.3589304,22.17275367,575.3940078,-2.652482106,56.1941943
3/7/2025 15:11,564.8584461,585.4346504,38.36032145,22.16511936,572.2263135,-2.658633664,56.11802987
3/7/2025 15:12,561.9153754,582.3094414,38.36152125,22.15790975,569.0454577,-2.664989966,56.0413309
3/7/2025 15:13,558.9598371,579.1700627,38.36252746,22.15112992,565.8515975,-2.671554207,55.96409812
3/7/2025 15:14,555.9919833,576.016665,38.36333776,22.14478495,562.644892,-2.678329539,55.8863323
3/7/2025 15:15,553.0119682,572.8494009,38.36394984,22.13887988,559.4255025,-2.685319076,55.80803426
3/7/2025 15:16,550.019948,569.6684255,38.36436142,22.13341975,556.1935922,-2.692525884,55.7292049
3/7/2025 15:17,547.0160811,566.473896,38.36457023,22.12840954,552.9493266,-2.699952988,55.64984516
3/7/2025 15:18,544.0005275,563.2659718,38.36457402,22.12385422,549.6928729,-2.707603367,55.56995605
3/7/2025 15:19,540.9734495,560.0448148,38.36437057,22.11975874,546.4244008,-2.715479954,55.48953864
3/7/2025 15:20,537.9350115,556.8105887,38.36395766,22.11612801,543.1440817,-2.723585636,55.40859407
3/7/2025 15:21,534.8853795,553.56346,38.3633331,22.11296689,539.8520892,-2.731923251,55.32712352
3/7/2025 15:22,531.8247219,550.3035968,38.36249474,22.11028023,536.5485991,-2.740495589,55.24512827
3/7/2025 15:23,528.7532088,547.0311699,38.36144043,22.10807283,533.2337888,-2.749305392,55.16260963
3/7/2025 15:24,525.6710123,543.7463521,38.36016804,22.10634946,529.9078381,-2.758355348,55.079569
3/7/2025 15:25,522.5783066,540.4493184,38.35867549,22.10511484,526.5709288,-2.767648097,54.99600783
3/7/2025 15:26,519.4752677,537.1402462,38.35696071,22.10437365,523.2232445,-2.777186226,54.91192764
3/7/2025 15:27,516.3620735,533.8193148,38.35502164,22.10413053,519.864971,-2.78697227,54.82733005
3/7/2025 15:28,513.238904,530.4867059,38.35285627,22.10439008,516.4962961,-2.797008709,54.74221669
3/7/2025 15:29,510.1059409,527.1426034,38.35046262,22.10515682,513.1174094,-2.807297968,54.65658932
3/7/2025 15:30,506.9633679,523.7871932,38.3478387,22.10643527,509.7285026,-2.81784242,54.57044973
3/7/2025 15:31,503.8113707,520.4206634,38.3449826,22.10822987,506.3297693,-2.82864438,54.4837998
3/7/2025 15:32,500.6501365,517.0432045,38.3418924,22.11054501,502.9214052,-2.839706105,54.39664147
3/7/2025 15:33,497.4798548,513.6550089,38.33856622,22.11338503,499.5036078,-2.851029798,54.30897677
3/7/2025 15:34,494.3007165,510.256271,38.33500222,22.11675421,496.0765765,-2.862617602,54.22080778
3/7/2025 15:35,491.1129147,506.8471877,38.33119858,22.12065679,492.6405127,-2.8744716,54.13213669
3/7/2025 15:36,487.916644,503.4279576,38.32715351,22.12509692,489.1956195,-2.886593819,54.04296572
3/7/2025 15:37,484.712101,499.9987818,38.32286525,22.13007871,485.7421022,-2.898986224,53.95329719
3/7/2025 15:38,481.499484,496.5598631,38.3183321,22.13560621,482.2801677,-2.911650718,53.86313351
3/7/2025 15:39,478.2789929,493.1114064,38.31355236,22.14168341,478.8100248,-2.924589146,53.77247714
3/7/2025 15:40,475.0508295,489.653619,38.30852437,22.14831421,475.3318842,-2.937803288,53.68133062
3/7/2025 15:41,471.8151972,486.1867098,38.30324652,22.15550248,471.8459583,-2.951294864,53.58969657
3/7/2025 15:42,468.5723012,482.7108898,38.29771721,22.16325198,468.3524612,-2.965065529,53.49757771
3/7/2025 15:43,465.3223483,479.2263723,38.29193491,22.17156644,464.8516092,-2.979116876,53.40497681
3/7/2025 15:44,462.0655468,475.733372,38.28589809,22.1804495,461.3436197,-2.993450432,53.31189673
3/7/2025 15:45,458.8021069,472.2321061,38.27960527,22.18990472,457.8287124,-3.008067663,53.21834041
3/7/2025 15:46,455.5322402,468.7227935,38.27305503,22.19993561,454.3071085,-3.022969966,53.12431085
3/7/2025 15:47,452.2561599,465.2056548,38.26624594,22.21054558,450.7790306,-3.038158674,53.02981117
3/7/2025 15:48,448.9740809,461.6809128,38.25917665,22.22173798,447.2447034,-3.053635055,52.93484453
3/7/2025 15:49,445.6862193,458.1487921,38.25184584,22.23351608,443.704353,-3.069400309,52.83941419
3/7/2025 15:50,442.392793,454.609519,38.2442522,22.24588306,440.1582072,-3.08545557,52.74352349
3/7/2025 15:51,439.0940212,451.0633216,38.2363945,22.25884204,436.6064952,-3.101801905,52.64717585
3/7/2025 15:52,435.7901246,447.5104301,38.22827152,22.27239604,433.0494479,-3.118440313,52.55037477
3/7/2025 15:53,432.4813254,443.951076,38.21988209,22.286548,429.4872979,-3.135371724,52.45312382
3/7/2025 15:54,429.1678471,440.3854929,38.2112251,22.30130079,425.920279,-3.152597002,52.35542667
3/7/2025 15:55,425.8499145,436.813916,38.20229944,22.31665718,422.3486266,-3.170116941,52.25728705
3/7/2025 15:56,422.527754,433.2365821,38.19310407,22.33261986,418.7725776,-3.187932265,52.1587088
3/7/2025 15:57,419.2015928,429.6537298,38.183638,22.34919143,415.1923703,-3.206043632,52.05969582
3/7/2025 15:58,415.87166,426.0655992,38.17390025,22.3663744,411.6082443,-3.224451627,51.9602521
3/7/2025 15:59,412.5381854,422.472432,38.16388992,22.38417119,408.0204407,-3.243156767,51.8603817
3/7/2025 16:00,408.3067819,417.5818899,38.15294842,22.41510447,403.2689254,-3.284208056,51.72119006
3/7/2025 16:01,404.9669188,413.9793811,38.14239032,22.43413582,399.674495,-3.303508758,51.62047885
3/7/2025 16:02,401.6242113,410.3725702,38.13155714,22.45378773,396.0771179,-3.323107736,51.51935366
3/7/2025 16:03,398.278894,406.7617051,38.12044812,22.47406223,392.4770405,-3.343005225,51.41781888
3/7/2025 16:04,394.9312027,403.147035,38.10906257,22.49496129,388.8745099,-3.363201392,51.315879
3/7/2025 16:05,391.5813743,399.5288107,38.09739983,22.51648678,385.2697749,-3.383696331,51.21353857
3/7/2025 16:06,388.2296465,395.9072841,38.0854593,22.53864047,381.6630851,-3.404490066,51.11080222
3/7/2025 16:07,384.8762583,392.2827087,38.0732404,22.56142403,378.0546913,-3.42558255,51.00767468
3/7/2025 16:08,381.5214493,388.6553391,38.06074261,22.58483902,374.4448454,-3.446973665,50.90416075
3/7/2025 16:09,378.1654603,385.0254313,38.04796546,22.60888693,370.8338002,-3.468663223,50.80026529
3/7/2025 16:10,374.8085328,381.3932425,38.03490853,22.63356913,367.2218098,-3.490650964,50.69599329
3/7/2025 16:11,371.4509093,377.7590312,38.02157143,22.65888689,363.609129,-3.512936556,50.59134976
3/7/2025 16:12,368.092833,374.1230568,38.00795381,22.68484139,359.9960136,-3.535519597,50.48633984
3/7/2025 16:13,364.7345478,370.48558,37.9940554,22.7114337,356.3827201,-3.558399616,50.38096871
3/7/2025 16:14,361.3762984,366.8468626,37.97987595,22.73866479,352.7695064,-3.581576068,50.27524166
3/7/2025 16:15,358.0183303,363.2071674,37.96541527,22.76653553,349.1566306,-3.605048338,50.16916403
3/7/2025 16:16,354.6608895,359.5667582,37.95067319,22.79504667,345.5443518,-3.628815741,50.06274125
3/7/2025 16:17,351.3042227,355.9258999,37.93564963,22.82419888,341.93293,-3.652877522,49.95597885
3/7/2025 16:18,347.948577,352.284858,37.92034452,22.85399272,338.3226257,-3.677232853,49.84888239
3/7/2025 16:19,344.5942004,348.6438993,37.90475787,22.88442863,334.7137001,-3.701880839,49.74145754
3/7/2025 16:20,341.2413411,345.0032911,37.8888897,22.91550695,331.106415,-3.726820512,49.63371003
3/7/2025 16:21,337.8902478,341.3633017,37.87274011,22.94722793,327.5010329,-3.752050836,49.52564568
3/7/2025 16:22,334.5411697,337.7242001,37.85630924,22.9795917,323.8978167,-3.777570704,49.41727037
3/7/2025 16:23,331.1943563,334.086256,37.83959726,23.01259828,320.2970297,-3.80337894,49.30859006
3/7/2025 16:24,327.8500575,330.4497399,37.8226044,23.04624759,316.6989359,-3.8294743,49.19961078
3/7/2025 16:25,324.5085234,326.8149227,37.80533095,23.08053943,313.1037996,-3.855855469,49.09033863
3/7/2025 16:26,321.1700045,323.1820761,37.78777723,23.11547353,309.5118854,-3.882521064,48.9807798
3/7/2025 16:27,317.8347514,319.5514723,37.76994362,23.15104946,305.9234582,-3.909469635,48.87094051
3/7/2025 16:28,314.5030148,315.9233839,37.75183054,23.18726672,302.3387834,-3.936699663,48.7608271
3/7/2025 16:29,311.1750457,312.298084,37.73343845,23.22412468,298.7581263,-3.96420956,48.65044594
3/7/2025 16:30,307.8510952,308.6758462,37.71476788,23.26162262,295.1817527,-3.991997673,48.53980349
3/7/2025 16:31,304.5314141,305.0569444,37.69581939,23.2997597,291.6099283,-4.020062282,48.42890627
3/7/2025 16:32,301.2162536,301.4416527,37.67659359,23.33853497,288.0429191,-4.048401598,48.31776086
3/7/2025 16:33,297.9058647,297.8302457,37.65709115,23.37794738,284.4809911,-4.077013769,48.20637392
3/7/2025 16:34,294.6004983,294.2229981,37.63731277,23.41799576,280.9244101,-4.105896875,48.09475217
3/7/2025 16:35,291.300405,290.6201848,37.6172592,23.45867884,277.3734423,-4.135048933,47.98290238
3/7/2025 16:36,288.0058356,287.0220807,37.59693126,23.49999525,273.8283533,-4.164467894,47.8708314
3/7/2025 16:37,284.7170404,283.428961,37.5763298,23.54194349,270.289409,-4.194151646,47.75854614
3/7/2025 16:38,281.4342694,279.8411008,37.55545569,23.58452196,266.7568749,-4.22409801,47.64605356
3/7/2025 16:39,278.1577725,276.2587752,37.53430991,23.62772897,263.2310164,-4.254304749,47.53336069
3/7/2025 16:40,274.887799,272.6822593,37.51289342,23.67156269,259.7120984,-4.284769561,47.42047461
3/7/2025 16:41,271.6245981,269.111828,37.49120728,23.71602122,256.2003859,-4.31549008,47.30740247
3/7/2025 16:42,268.3684183,265.5477561,37.46925256,23.7611025,252.696143,-4.346463882,47.19415146
3/7/2025 16:43,265.1195077,261.9903182,37.44703039,23.80680442,249.199634,-4.37768848,47.08072884
3/7/2025 16:44,261.8781138,258.4397886,37.42454196,23.85312473,245.7111222,-4.409161328,46.96714192
3/7/2025 16:45,258.6444836,254.8964412,37.40178848,23.90006109,242.2308708,-4.44087982,46.85339805
3/7/2025 16:46,255.4188635,251.3605497,37.37877121,23.94761102,238.7591421,-4.472841292,46.73950465
3/7/2025 16:47,252.2014991,247.8323874,37.35549148,23.99577198,235.2961981,-4.50504302,46.62546918
3/7/2025 16:48,248.9926354,244.3122271,37.33195063,24.0445413,231.8422999,-4.537482225,46.51129916
3/7/2025 16:49,245.7925167,240.8003409,37.30815008,24.0939162,228.3977082,-4.570156067,46.39700214
3/7/2025 16:50,242.6013861,237.2970006,37.28409126,24.14389382,224.9626827,-4.603061656,46.28258573
3/7/2025 16:51,239.4194864,233.8024774,37.25977566,24.19447116,221.5374824,-4.636196041,46.16805759
3/7/2025 16:52,236.2470591,230.3170416,37.23520483,24.24564515,218.1223655,-4.669556219,46.0534254
3/7/2025 16:53,233.084345,226.8409629,37.21038034,24.2974126,214.7175892,-4.703139134,45.93869692
3/7/2025 16:54,229.9315836,223.3745104,37.1853038,24.34977023,211.3234099,-4.736941675,45.82387991
3/7/2025 16:55,226.7890137,219.9179521,37.15997689,24.40271464,207.9400829,-4.770960679,45.7089822
3/7/2025 16:56,223.6568729,216.4715554,37.13440131,24.45624234,204.5678626,-4.805192933,45.59401164
3/7/2025 16:57,220.5353975,213.0355866,37.1085788,24.51034974,201.2070022,-4.839635172,45.47897614
3/7/2025 16:58,217.424823,209.6103111,37.08251116,24.56503316,197.8577537,-4.874284082,45.36388362
3/7/2025 16:59,214.3253832,206.1959933,37.05620022,24.62028881,194.5203682,-4.909136299,45.24874205
3/7/2025 17:00,210.3426927,201.500315,37.02899014,24.68863312,190.0348188,-4.966236968,45.09466071
3/7/2025 17:01,207.2662197,198.1087015,37.00219825,24.74502145,186.7219069,-5.001485519,44.97944507
3/7/2025 17:02,204.201576,194.7288322,36.97516879,24.80197007,183.4216032,-5.036927001,44.86420446
3/7/2025 17:03,201.1489904,191.3609671,36.94790376,24.85947478,180.1341534,-5.072557864,44.74894697
3/7/2025 17:04,198.10869,188.0053645,36.92040518,24.91753133,176.8598018,-5.108374515,44.63368072
3/7/2025 17:05,195.0809007,184.6622817,36.89267513,24.97613534,173.5987913,-5.144373313,44.51841385
3/7/2025 17:06,192.0658469,181.3319745,36.86471571,25.03528237,170.3513632,-5.180550578,44.40315451
3/7/2025 17:07,189.0637512,178.0146975,36.83652907,25.09496787,167.1177573,-5.216902587,44.2879109
3/7/2025 17:08,186.0748348,174.7107035,36.8081174,25.1551872,163.8982117,-5.253425576,44.17269122
3/7/2025 17:09,183.0993169,171.4202439,36.7794829,25.21593564,160.692963,-5.290115741,44.05750368
3/7/2025 17:10,180.1374155,168.1435686,36.75062785,25.27720836,157.502246,-5.32696924,43.94235655
3/7/2025 17:11,177.1893465,164.8809258,36.72155452,25.33900047,154.3262938,-5.363982192,43.82725806
3/7/2025 17:12,174.2553239,161.6325621,36.69226525,25.40130699,151.1653376,-5.401150682,43.71221649
3/7/2025 17:13,171.3355604,158.3987222,36.6627624,25.46412282,148.0196068,-5.438470754,43.59724013
3/7/2025 17:14,168.4302662,155.1796493,36.63304836,25.52744283,144.889329,-5.475938423,43.48233727
3/7/2025 17:15,165.53965,151.9755846,36.60312556,25.59126176,141.7747299,-5.513549666,43.36751621
3/7/2025 17:16,162.6639183,148.7867675,36.57299647,25.6555743,138.676033,-5.551300429,43.25278525
3/7/2025 17:17,159.8032758,145.6134353,36.54266358,25.72037505,135.5934598,-5.589186626,43.13815273
3/7/2025 17:18,156.9579251,142.4558236,36.51212941,25.78565852,132.5272301,-5.627204141,43.02362695
3/7/2025 17:19,154.1280666,139.3141658,36.48139652,25.85141915,129.4775612,-5.665348827,42.90921624
3/7/2025 17:20,151.3138986,136.1886933,36.45046751,25.91765132,126.4446683,-5.703616509,42.79492891
3/7/2025 17:21,148.5156175,133.0796355,36.41934498,25.9843493,123.4287645,-5.742002985,42.6807733
3/7/2025 17:22,145.733417,129.9872194,36.3880316,26.05150732,120.4300606,-5.780504028,42.56675772
3/7/2025 17:23,142.9674891,126.9116699,36.35653002,26.11911952,117.4487652,-5.819115382,42.45289049
3/7/2025 17:24,140.2180231,123.8532099,36.32484297,26.18717997,114.4850844,-5.857832769,42.3391799
3/7/2025 17:25,137.4852063,120.8120595,36.29297317,26.25568267,111.539222,-5.89665189,42.22563427
3/7/2025 17:26,134.7692233,117.7884369,36.26092338,26.32462156,108.6113795,-5.935568419,42.11226188
3/7/2025 17:27,132.0702566,114.7825577,36.22869639,26.39399051,105.7017558,-5.974578014,41.99907101
3/7/2025 17:28,129.3884862,111.7946351,36.196295,26.46378331,102.8105473,-6.013676311,41.88606992
3/7/2025 17:29,126.7240895,108.8248799,36.16372206,26.53399371,99.93794798,-6.052858926,41.77326687
3/7/2025 17:30,124.0772415,105.8735003,36.13098043,26.60461539,97.08414906,-6.092121461,41.66067008
3/7/2025 17:31,121.4481147,102.9407018,36.09807298,26.67564195,94.2493393,-6.131459499,41.54828778
3/7/2025 17:32,118.8368789,100.0266877,36.06500263,26.74706695,91.43370471,-6.170868608,41.43612815
3/7/2025 17:33,116.2437013,97.13165812,36.03177231,26.8188839,88.63742862,-6.210344343,41.32419937
3/7/2025 17:34,113.6687466,94.25581092,35.99838497,26.89108623,85.86069165,-6.249882245,41.2125096
3/7/2025 17:35,111.1121767,91.39934101,35.96484357,26.96366733,83.10367158,-6.289477843,41.10106694
3/7/2025 17:36,108.5741508,88.56244058,35.93115112,27.03662054,80.36654346,-6.329126656,40.98987951
3/7/2025 17:37,106.0548253,85.74529899,35.89731062,27.10993913,77.64947941,-6.368824194,40.87895535
3/7/2025 17:38,103.554354,82.94810273,35.86332511,27.18361634,74.9526487,-6.408565957,40.76830253
3/7/2025 17:39,101.0728876,80.17103543,35.82919763,27.25764535,72.27621768,-6.448347438,40.65792902
3/7/2025 17:40,98.61057427,77.41427777,35.79493126,27.33201931,69.62034974,-6.488164126,40.54784282
3/7/2025 17:41,96.16755905,74.67800738,35.76052906,27.4067313,66.98520522,-6.528011502,40.43805184
3/7/2025 17:42,93.74398427,71.96239903,35.72599415,27.48177437,64.37094154,-6.567885046,40.328564
3/7/2025 17:43,91.33998918,69.26762427,35.69132963,27.55714154,61.77771295,-6.607780234,40.21938713
3/7/2025 17:44,88.95571018,66.5938517,35.65653864,27.63282577,59.20567069,-6.647692539,40.11052907
3/7/2025 17:45,86.5912806,63.94124672,35.62162431,27.70881999,56.65496281,-6.687617437,40.00199758
3/7/2025 17:46,84.24683078,61.30997157,35.58658981,27.78511709,54.12573422,-6.727550401,39.89380039
3/7/2025 17:47,81.92248804,58.70018534,35.5514383,27.86170993,51.61812666,-6.76748691,39.78594518
3/7/2025 17:48,79.61837659,56.11204386,35.51617296,27.93859134,49.13227864,-6.807422443,39.6784396
3/7/2025 17:49,77.33461756,53.54569968,35.48079697,28.01575411,46.66832539,-6.847352484,39.57129122
3/7/2025 17:50,75.07132895,51.00130211,35.44531355,28.09319101,44.22639891,-6.887272523,39.46450757
3/7/2025 17:51,72.82862563,48.47899708,35.4097259,28.17089478,41.80662784,-6.927178057,39.35809615
3/7/2025 17:52,70.60661929,45.97892719,35.37403723,28.24885811,39.40913753,-6.967064587,39.25206437
3/7/2025 17:53,68.40541842,43.50123164,35.33825078,28.32707371,37.03404994,-7.006927629,39.1464196
3/7/2025 17:54,66.22512829,41.04604619,35.30236977,28.40553423,34.68148363,-7.046762703,39.04116916
3/7/2025 17:55,64.06585096,38.61350318,35.26639745,28.48423231,32.35155379,-7.086565343,38.9363203
3/7/2025 17:56,61.92768521,36.20373148,35.23033707,28.56316059,30.04437213,-7.126331094,38.83188022
3/7/2025 17:57,59.8107265,33.81685638,35.19419186,28.64231167,27.76004687,-7.166055517,38.72785603
3/7/2025 17:58,57.71506708,31.45299974,35.15796509,28.72167813,25.49868281,-7.205734184,38.62425481
3/7/2025 17:59,55.64079582,29.11227977,35.12166001,28.80125256,23.2603812,-7.245362683,38.52108355
3/7/2025 18:00,52.69337983,25.50222955,35.08462219,28.89354785,19.88496325,-7.306985177,38.37945047
3/7/2025 18:01,50.66213819,23.20812334,35.04817028,28.9735159,17.69307616,-7.346500175,38.27715987
3/7/2025 18:02,48.65253126,20.9374869,35.01164985,29.05366958,15.52453397,-7.385951876,38.17531981
3/7/2025 18:03,46.66463451,18.69042404,34.97506416,29.13400144,13.37942373,-7.425335942,38.07393703
3/7/2025 18:04,44.69851994,16.46703478,34.93841647,29.21450401,11.25782877,-7.464648055,37.97301816
3/7/2025 18:05,42.75425621,14.26741553,34.90171005,29.29516983,9.15982889,-7.503883919,37.87256978
3/7/2025 18:06,40.83190848,12.0916589,34.86494816,29.37599142,7.085500158,-7.543039262,37.77259838
3/7/2025 18:07,38.9315385,9.939853784,34.82813405,29.45696132,5.034915006,-7.582109836,37.67311038
3/7/2025 18:08,37.05320457,7.812085321,34.79127098,29.53807206,3.008142201,-7.621091418,37.57411212
3/7/2025 18:09,35.19696151,5.708434853,34.75436221,29.61931619,1.005246794,-7.659979811,37.47560985
3/7/2025 18:10,33.36286066,3.628979913,34.71741096,29.70068624,-0.973709884,-7.698770845,37.37760974
3/7/2025 18:11,31.55094988,1.573794242,34.68042049,29.78217478,-2.928670197,-7.737460379,37.2801179
3/7/2025 18:12,29.76127354,-0.457052287,34.64339402,29.86377436,-4.859580281,-7.7760443,37.18314032
3/7/2025 18:13,27.99387249,-2.463493617,34.6063348,29.94547755,-6.766389988,-7.814518526,37.08668292
3/7/2025 18:14,26.24878408,-4.445467583,34.56924602,30.02727695,-8.649052955,-7.852879007,36.99075154
3/7/2025 18:15,24.52604212,-6.402915889,34.53213091,30.10916516,-10.50752659,-7.891121725,36.89535192
3/7/2025 18:16,22.82567693,-8.335784115,34.49499266,30.19113478,-12.34177204,-7.929242693,36.80048971
3/7/2025 18:17,21.14771527,-10.24402176,34.45783447,30.27317846,-14.1517543,-7.967237961,36.70617047
3/7/2025 18:18,19.49218035,-12.12758225,34.42065952,30.35528886,-15.93744213,-8.005103613,36.61239967
3/7/2025 18:19,17.8590919,-13.98642288,34.38347097,30.43745865,-17.69880807,-8.042835768,36.51918269
3/7/2025 18:20,16.24846605,-15.82050495,34.34627199,30.51968054,-19.43582851,-8.080430584,36.4265248
3/7/2025 18:21,14.66031543,-17.62979363,34.30906572,30.60194725,-21.14848361,-8.117884256,36.33443119
3/7/2025 18:22,13.0946491,-19.41425809,34.2718553,30.68425153,-22.83675739,-8.155193016,36.24290694
3/7/2025 18:23,11.55147256,-21.17387144,34.23464383,30.76658616,-24.50063766,-8.19235314,36.15195704
3/7/2025 18:24,10.03078781,-22.90861072,34.19743443,30.84894397,-26.14011606,-8.22936094,36.06158638
3/7/2025 18:25,8.532593277,-24.61845698,34.16023018,30.93131779,-27.75518805,-8.266212772,35.97179974
3/7/2025 18:26,7.056883845,-26.30339522,34.12303415,31.01370049,-29.34585293,-8.302905033,35.88260181
3/7/2025 18:27,5.60365088,-27.96341439,34.0858494,31.096085,-30.9121138,-8.339434165,35.79399716
3/7/2025 18:28,4.172882191,-29.59850744,34.04867897,31.17846426,-32.4539776,-8.375796652,35.70599028
3/7/2025 18:29,2.764562076,-31.20867128,34.01152587,31.26083126,-33.97145508,-8.411989024,35.61858554
3/7/2025 18:30,1.378671298,-32.79390679,33.97439311,31.34317903,-35.46456082,-8.448007856,35.5317872
3/7/2025 18:31,0.015187097,-34.35421886,33.93728367,31.42550064,-36.9333132,-8.483849769,35.44559942
3/7/2025 18:32,-1.325916783,-35.88961628,33.90020051,31.50778919,-38.37773442,-8.519511432,35.36002626
3/7/2025 18:33,-2.644670109,-37.40011188,33.86314657,31.59003785,-39.79785046,-8.554989561,35.27507166
3/7/2025 18:34,-3.941106163,-38.88572242,33.82612478,31.67223983,-41.19369116,-8.590280923,35.19073945
3/7/2025 18:35,-5.215261668,-40.34646861,33.78913803,31.75438837,-42.56529006,-8.625382331,35.10703335
3/7/2025 18:36,-6.467176874,-41.78237515,33.7521892,31.83647677,-43.91268456,-8.66029065,35.02395699
3/7/2025 18:37,-7.69689545,-43.19347064,33.71528114,31.91849839,-45.23591578,-8.695002796,34.94151385
3/7/2025 18:38,-8.904464544,-44.57978767,33.67841668,32.00044663,-46.53502863,-8.729515735,34.85970733
3/7/2025 18:39,-10.08993475,-45.94136275,33.64159863,32.08231494,-47.81007177,-8.763826487,34.7785407
3/7/2025 18:40,-11.25336005,-47.27823626,33.60482976,32.16409685,-49.06109758,-8.797932123,34.69801712
3/7/2025 18:41,-12.39479789,-48.59045258,33.56811285,32.24578592,-50.28816219,-8.83182977,34.61813964
3/7/2025 18:42,-13.51430908,-49.87805994,33.53145061,32.32737577,-51.49132544,-8.865516606,34.53891119
3/7/2025 18:43,-14.61195782,-51.14111047,33.49484574,32.40886011,-52.67065085,-8.898989866,34.46033457
3/7/2025 18:44,-15.68781167,-52.37966017,33.45830094,32.49023266,-53.82620566,-8.93224684,34.3824125
3/7/2025 18:45,-16.74194154,-53.59376892,33.42181884,32.57148725,-54.95806074,-8.965284871,34.30514755
3/7/2025 18:46,-17.77442168,-54.78350044,33.38540207,32.65261775,-56.06629064,-8.998101363,34.22854218
3/7/2025 18:47,-18.78532963,-55.94892228,33.34905322,32.7336181,-57.15097353,-9.030693773,34.15259874
3/7/2025 18:48,-19.77474624,-57.09010581,33.31277486,32.8144823,-58.21219119,-9.063059618,34.07731946
3/7/2025 18:49,-20.74275563,-58.20712622,33.27656952,32.89520442,-59.25002901,-9.095196472,34.00270644
3/7/2025 18:50,-21.68944513,-59.30006244,33.2404397,32.97577861,-60.26457593,-9.127101966,33.92876167
3/7/2025 18:51,-22.61490536,-60.3689972,33.20438789,33.05619907,-61.25592449,-9.158773794,33.85548702
3/7/2025 18:52,-23.51923009,-61.41401695,33.16841652,33.13646008,-62.22417071,-9.190209705,33.78288424
3/7/2025 18:53,-24.40251631,-62.43521188,33.13252802,33.21655601,-63.16941415,-9.221407511,33.71095496
3/7/2025 18:54,-25.26486413,-63.43267585,33.09672475,33.29648127,-64.09175784,-9.252365081,33.63970069
3/7/2025 18:55,-26.10637682,-64.40650644,33.06100907,33.37623037,-64.9913083,-9.283080349,33.5691228
3/7/2025 18:56,-26.92716074,-65.35680484,33.0253833,33.45579788,-65.86817544,-9.313551305,33.49922258
3/7/2025 18:57,-27.72732533,-66.2836759,32.98984973,33.53517847,-66.72247261,-9.343776005,33.43000116
3/7/2025 18:58,-28.50698309,-67.18722805,32.95441059,33.61436685,-67.55431653,-9.373752564,33.36145956
3/7/2025 18:59,-29.26624955,-68.06757331,32.9190681,33.69335784,-68.36382728,-9.403479159,33.29359869
3/7/2025 19:00,-30.89986164,-70.21740886,32.88316677,33.78466666,-70.31140479,-9.455002589,33.18752061
3/7/2025 19:01,-31.61870398,-71.05169058,32.84802411,33.86324762,-71.07662273,-9.484224042,33.12102341
3/7/2025 19:02,-32.31751941,-71.86312265,32.81298456,33.94161611,-71.81988757,-9.513190442,33.05520892
3/7/2025 19:03,-32.99643525,-72.65183112,32.77805018,34.01976726,-72.54133252,-9.541900216,32.99007754
3/7/2025 19:04,-33.65558171,-73.41794548,32.74322303,34.09769628,-73.24109399,-9.570351858,32.92562957
3/7/2025 19:05,-34.29509181,-74.16159861,32.7085051,34.17539848,-73.91931157,-9.598543925,32.86186519
3/7/2025 19:06,-34.9151014,-74.88292677,32.67389838,34.25286925,-74.57612795,-9.626475036,32.79878443
3/7/2025 19:07,-35.5157491,-75.58206954,32.63940478,34.33010406,-75.21168898,-9.654143876,32.73638724
3/7/2025 19:08,-36.09717628,-76.25916983,32.60502621,34.40709848,-75.82614354,-9.681549193,32.67467342
3/7/2025 19:09,-36.65952699,-76.91437381,32.57076454,34.48384815,-76.41964355,-9.708689801,32.61364265
3/7/2025 19:10,-37.20294798,-77.54783086,32.53662157,34.56034881,-76.99234395,-9.735564576,32.55329451
3/7/2025 19:11,-37.72758862,-78.15969361,32.5025991,34.63659628,-77.54440261,-9.762172462,32.49362843
3/7/2025 19:12,-38.23360089,-78.7501178,32.46869888,34.71258649,-78.07598036,-9.788512464,32.43464374
3/7/2025 19:13,-38.72113933,-79.31926234,32.43492261,34.78831544,-78.58724088,-9.814583655,32.37633965
3/7/2025 19:14,-39.19036099,-79.86728918,32.40127196,34.86377923,-79.07835072,-9.840385172,32.31871525
3/7/2025 19:15,-39.64142542,-80.39436335,32.36774857,34.93897404,-79.54947922,-9.865916215,32.26176949
3/7/2025 19:16,-40.07449461,-80.90065289,32.33435403,35.01389617,-80.00079852,-9.891176052,32.20550123
3/7/2025 19:17,-40.48973296,-81.38632878,32.3010899,35.08854197,-80.43248344,-9.916164013,32.1499092
3/7/2025 19:18,-40.88730724,-81.85156495,32.26795769,35.16290794,-80.84471153,-9.940879495,32.094992
3/7/2025 19:19,-41.26738655,-82.29653822,32.23495887,35.23699061,-81.23766295,-9.96532196,32.04074814
3/7/2025 19:20,-41.63014226,-82.72142823,32.20209489,35.31078666,-81.61152047,-9.989490932,31.98717599
3/7/2025 19:21,-41.975748,-83.12641742,32.16936714,35.38429283,-81.96646942,-10.013386,31.93427381
3/7/2025 19:22,-42.3043796,-83.51169102,32.13677698,35.45750598,-82.30269765,-10.03700683,31.88203975
3/7/2025 19:23,-42.61621503,-83.87743693,32.10432572,35.53042303,-82.62039545,-10.06035313,31.83047183
3/7/2025 19:24,-42.91143442,-84.22384573,32.07201465,35.60304103,-82.91975558,-10.08342469,31.77956798
3/7/2025 19:25,-43.19021992,-84.55111064,32.03984501,35.67535712,-83.20097312,-10.10622135,31.72932599
3/7/2025 19:26,-43.45275575,-84.85942742,32.00781798,35.74736853,-83.46424552,-10.12874304,31.67974356
3/7/2025 19:27,-43.69922808,-85.14899438,31.97593474,35.81907257,-83.70977251,-10.15098972,31.63081826
3/7/2025 19:28,-43.92982506,-85.42001231,31.94419638,35.89046668,-83.93775604,-10.17296145,31.58254756
3/7/2025 19:29,-44.14473669,-85.67268442,31.91260401,35.96154839,-84.14840027,-10.19465831,31.53492882
3/7/2025 19:30,-44.34415484,-85.9072163,31.88115864,36.0323153,-84.34191148,-10.21608048,31.48795927
3/7/2025 19:31,-44.5282732,-86.1238159,31.84986128,36.10276514,-84.51849806,-10.23722819,31.44163605
3/7/2025 19:32,-44.69728717,-86.32269343,31.81871288,36.17289571,-84.67837043,-10.25810174,31.3959562
3/7/2025 19:33,-44.8513939,-86.50406134,31.78771436,36.24270494,-84.821741,-10.27870147,31.35091663
3/7/2025 19:34,-44.99079218,-86.66813425,31.75686659,36.31219083,-84.94882414,-10.29902781,31.30651416
3/7/2025 19:35,-45.1156824,-86.81512895,31.72617041,36.3813515,-85.05983608,-10.31908124,31.2627455
3/7/2025 19:36,-45.22626655,-86.94526426,31.69562661,36.45018513,-85.15499493,-10.33886229,31.21960725
3/7/2025 19:37,-45.32274812,-87.05876107,31.66523595,36.51869005,-85.23452057,-10.35837157,31.17709592
3/7/2025 19:38,-45.40533205,-87.15584221,31.63499914,36.58686465,-85.2986346,-10.37760975,31.1352079
3/7/2025 19:39,-45.47422471,-87.23673247,31.60491685,36.65470743,-85.34756033,-10.39657754,31.09393949
3/7/2025 19:40,-45.52963386,-87.30165847,31.57498972,36.72221698,-85.38152268,-10.41527574,31.0532869
3/7/2025 19:41,-45.57176854,-87.35084866,31.54521834,36.78939201,-85.40074818,-10.43370517,31.01324621
3/7/2025 19:42,-45.60083909,-87.38453326,31.51560327,36.8562313,-85.40546485,-10.45186676,30.97381344
3/7/2025 19:43,-45.61705706,-87.40294418,31.48614502,36.92273373,-85.3959022,-10.46976145,30.93498449
3/7/2025 19:44,-45.62063517,-87.40631499,31.45684406,36.9888983,-85.37229115,-10.48739027,30.89675516
3/7/2025 19:45,-45.61178725,-87.39488084,31.42770083,37.05472409,-85.33486399,-10.5047543,30.85912118
3/7/2025 19:46,-45.5907282,-87.36887842,31.39871572,37.12021027,-85.28385432,-10.52185467,30.82207816
3/7/2025 19:47,-45.55767394,-87.32854593,31.3698891,37.18535612,-85.21949699,-10.53869256,30.78562164
3/7/2025 19:48,-45.51284136,-87.27412295,31.34122127,37.25016101,-85.14202803,-10.55526924,30.74974706
3/7/2025 19:49,-45.45644824,-87.20585047,31.31271251,37.31462439,-85.05168463,-10.57158599,30.71444976
3/7/2025 19:50,-45.38871326,-87.12397076,31.28436307,37.37874584,-84.94870508,-10.58764419,30.67972502
3/7/2025 19:51,-45.30985586,-87.02872735,31.25617314,37.442525,-84.83332867,-10.60344524,30.64556801
3/7/2025 19:52,-45.22009629,-86.92036499,31.22814288,37.50596162,-84.70579569,-10.61899061,30.61197383
3/7/2025 19:53,-45.11965546,-86.79912953,31.20027243,37.56905555,-84.56634732,-10.63428182,30.57893748
3/7/2025 19:54,-45.00875496,-86.66526793,31.17256187,37.63180671,-84.41522564,-10.64932044,30.54645389
3/7/2025 19:55,-44.88761698,-86.51902816,31.14501123,37.69421513,-84.25267351,-10.6641081,30.51451791
3/7/2025 19:56,-44.75646425,-86.36065914,31.11762055,37.75628094,-84.07893453,-10.67864648,30.4831243
3/7/2025 19:57,-44.61551999,-86.19041072,31.09038979,37.81800433,-83.89425301,-10.6929373,30.45226775
3/7/2025 19:58,-44.46500788,-86.00853356,31.06331888,37.87938562,-83.69887388,-10.70698234,30.42194288
3/7/2025 19:59,-44.30515199,-85.81527915,31.03640773,37.94042518,-83.49304266,-10.72078343,30.39214423
3/7/2025 20:00,-45.03079515,-86.90348127,31.00899851,38.01364383,-84.4372819,-10.75639099,30.32396755
3/7/2025 20:01,-44.85292518,-86.68822958,30.98240643,38.07400148,-84.21128506,-10.76970985,30.29520465
3/7/2025 20:02,-44.66638544,-86.46235914,30.9559736,38.13401911,-83.97557556,-10.78279053,30.26695116
3/7/2025 20:03,-44.47140103,-86.22612397,30.92969977,38.19369747,-83.73040063,-10.79563504,30.23920133
3/7/2025 20:04,-44.26819718,-85.97977857,30.90358466,38.25303739,-83.47600783,-10.80824545,30.21194934
3/7/2025 20:05,-44.0569992,-85.72357786,30.87762795,38.31203977,-83.21264491,-10.82062387,30.18518932
3/7/2025 20:06,-43.83803242,-85.45777716,30.85182931,38.37070563,-82.94055982,-10.83277246,30.15891533
3/7/2025 20:07,-43.61152214,-85.18263205,30.82618835,38.42903604,-82.66000062,-10.8446934,30.13312137
3/7/2025 20:08,-43.37769359,-84.89839841,30.80070465,38.48703217,-82.37121542,-10.85638894,30.10780138
3/7/2025 20:09,-43.13677185,-84.60533226,30.77537776,38.54469528,-82.07445236,-10.86786136,30.08294924
3/7/2025 20:10,-42.88898182,-84.3036898,30.75020722,38.60202668,-81.7699595,-10.87911299,30.05855877
3/7/2025 20:11,-42.63454817,-83.99372725,30.72519249,38.6590278,-81.45798479,-10.89014619,30.03462373
3/7/2025 20:12,-42.37369528,-83.67570088,30.70033303,38.71570012,-81.13877601,-10.90096335,30.01113785
3/7/2025 20:13,-42.10664717,-83.34986688,30.67562828,38.77204521,-80.81258074,-10.91156693,29.98809479
3/7/2025 20:14,-41.83362748,-83.01648134,30.6510776,38.82806472,-80.47964624,-10.92195939,29.96548816
3/7/2025 20:15,-41.55485943,-82.6758002,30.62668038,38.88376037,-80.14021945,-10.93214327,29.94331153
3/7/2025 20:16,-41.2705657,-82.32807915,30.60243593,38.93913395,-79.79454691,-10.9421211,29.92155842
3/7/2025 20:17,-40.98096846,-81.9735736,30.57834355,38.99418735,-79.4428747,-10.95189548,29.9002223
3/7/2025 20:18,-40.68628927,-81.6125386,30.55440252,39.04892251,-79.0854484,-10.96146903,29.8792966
3/7/2025 20:19,-40.38674905,-81.24522882,30.53061207,39.10334145,-78.72251303,-10.97084441,29.85877472
3/7/2025 20:20,-40.082568,-80.87189844,30.50697141,39.15744624,-78.35431298,-10.9800243,29.83865001
3/7/2025 20:21,-39.7739656,-80.49280115,30.48347974,39.21123907,-77.98109195,-10.98901143,29.81891578
3/7/2025 20:22,-39.46116052,-80.10819001,30.46013619,39.26472215,-77.60309292,-10.99780854,29.79956532
3/7/2025 20:23,-39.14437059,-79.71831749,30.4369399,39.31789777,-77.2205581,-11.00641842,29.78059186
3/7/2025 20:24,-38.82381274,-79.32343533,30.41388998,39.37076831,-76.83372883,-11.01484387,29.76198863
3/7/2025 20:25,-38.49970295,-78.92379453,30.39098549,39.42333618,-76.44284557,-11.02308774,29.74374881
3/7/2025 20:26,-38.17225623,-78.51964528,30.36822548,39.47560389,-76.04814782,-11.03115288,29.72586555
3/7/2025 20:27,-37.84168653,-78.11123689,30.34560898,39.52757397,-75.64987407,-11.0390422,29.70833199
3/7/2025 20:28,-37.5082067,-77.69881776,30.32313498,39.57924906,-75.24826178,-11.0467586,29.69114124
3/7/2025 20:29,-37.17202849,-77.28263529,30.30080246,39.63063183,-74.84354727,-11.05430503,29.67428637
3/7/2025 20:30,-36.83336244,-76.86293585,30.27861037,39.68172501,-74.4359657,-11.06168445,29.65776044
3/7/2025 20:31,-36.49241787,-76.43996471,30.25655762,39.73253139,-74.02575102,-11.06889985,29.64155652
3/7/2025 20:32,-36.14940282,-76.01396601,30.23464314,39.78305383,-73.61313591,-11.07595423,29.62566761
3/7/2025 20:33,-35.804524,-75.58518266,30.21286579,39.83329523,-73.19835172,-11.08285063,29.61008674
3/7/2025 20:34,-35.45798679,-75.15385633,30.19122444,39.88325854,-72.78162844,-11.08959208,29.59480691
3/7/2025 20:35,-35.10999511,-74.72022736,30.16971792,39.93294679,-72.36319463,-11.09618167,29.57982109
3/7/2025 20:36,-34.76075145,-74.28453475,30.14834505,39.98236302,-71.94327739,-11.10262246,29.56512229
3/7/2025 20:37,-34.4104568,-73.84701604,30.12710463,40.03151035,-71.52210227,-11.10891757,29.55070345
3/7/2025 20:38,-34.05931061,-73.40790733,30.10599544,40.08039195,-71.09989327,-11.1150701,29.53655756
3/7/2025 20:39,-33.70751072,-72.96744319,30.08501622,40.12901102,-70.67687275,-11.12108319,29.52267757
3/7/2025 20:40,-33.35525336,-72.52585659,30.06416573,40.1773708,-70.25326143,-11.12695999,29.50905645
3/7/2025 20:41,-33.00273308,-72.0833789,30.04344268,40.22547461,-69.82927828,-11.13270364,29.49568715
3/7/2025 20:42,-32.65014274,-71.64023978,30.02284578,40.27332577,-69.40514052,-11.13831732,29.48256265
3/7/2025 20:43,-32.2976734,-71.19666718,30.00237371,40.32092766,-68.98106354,-11.1438042,29.4696759
3/7/2025 20:44,-31.94551437,-70.75288728,29.98202515,40.36828372,-68.55726091,-11.14916748,29.45701988
3/7/2025 20:45,-31.59385311,-70.3091244,29.96179874,40.41539738,-68.13394425,-11.15441035,29.44458758
3/7/2025 20:46,-31.24287518,-69.86560099,29.94169313,40.46227216,-67.71132325,-11.15953602,29.43237197
3/7/2025 20:47,-30.89276428,-69.42253759,29.92170695,40.50891158,-67.28960562,-11.16454769,29.42036606
3/7/2025 20:48,-30.54370211,-68.98015275,29.90183881,40.5553192,-66.86899699,-11.16944859,29.40856287
3/7/2025 20:49,-30.19586841,-68.538663,29.88208729,40.60149863,-66.44970096,-11.17424194,29.39695542
3/7/2025 20:50,-29.84944089,-68.09828281,29.86245099,40.64745349,-66.03191896,-11.17893097,29.38553677
3/7/2025 20:51,-29.50459518,-67.65922453,29.84292848,40.69318743,-65.61585028,-11.1835189,29.37429996
3/7/2025 20:52,-29.16150484,-67.22169834,29.82351833,40.73870415,-65.20169199,-11.18800896,29.3632381
3/7/2025 20:53,-28.82034128,-66.78591224,29.80421907,40.78400736,-64.78963892,-11.19240439,29.35234429
3/7/2025 20:54,-28.48127373,-66.35207196,29.78502924,40.82910079,-64.37988358,-11.19670842,29.34161165
3/7/2025 20:55,-28.14446926,-65.92038096,29.76594739,40.8739882,-63.97261619,-11.20092428,29.33103334
3/7/2025 20:56,-27.81009266,-65.49104035,29.74697202,40.91867338,-63.56802458,-11.20505519,29.32060255
3/7/2025 20:57,-27.47830649,-65.06424886,29.72810165,40.96316014,-63.16629418,-11.20910438,29.3103125
3/7/2025 20:58,-27.14927098,-64.64020283,29.70933477,41.00745228,-62.76760797,-11.21307508,29.30015641
3/7/2025 20:59,-26.82314405,-64.21909612,29.69066989,41.05155366,-62.37214644,-11.2169705,29.29012759
3/7/2025 21:00,-27.3946997,-65.09370169,29.67144779,41.10798846,-63.14036411,-11.2428424,29.2413206
3/7/2025 21:01,-27.0748542,-64.67904519,29.65298236,41.15171988,-62.75188337,-11.24659688,29.23152625
3/7/2025 21:02,-26.75837674,-64.26789447,29.63461435,41.19527215,-62.36715358,-11.25028569,29.2218392
3/7/2025 21:03,-26.44541562,-63.86043318,29.61634226,41.23864916,-61.98634498,-11.25391201,29.21225287
3/7/2025 21:04,-26.13611665,-63.45684232,29.59816453,41.28185481,-61.60962511,-11.25747903,29.20276073
3/7/2025 21:05,-25.83062316,-63.05730022,29.58007964,41.32489302,-61.23715889,-11.26098991,29.19335629
3/7/2025 21:06,-25.52907594,-62.66198246,29.56208603,41.3677677,-60.86910846,-11.26444781,29.1840331
3/7/2025 21:07,-25.23161321,-62.27106189,29.54418217,41.41048278,-60.50563324,-11.26785587,29.17478476
3/7/2025 21:08,-24.93837063,-61.88470858,29.5263665,41.4530422,-60.14688989,-11.27121722,29.16560492
3/7/2025 21:09,-24.64948127,-61.50308975,29.50863747,41.49544988,-59.79303223,-11.27453497,29.15648728
3/7/2025 21:10,-24.36507554,-61.12636979,29.49099354,41.53770976,-59.44421125,-11.27781224,29.14742559
3/7/2025 21:11,-24.08528123,-60.75471021,29.47343314,41.57982576,-59.10057509,-11.28105209,29.13841364
3/7/2025 21:12,-23.81022344,-60.38826959,29.45595473,41.62180183,-58.762269,-11.2842576,29.12944528
3/7/2025 21:13,-23.54002459,-60.02720359,29.43855675,41.66364189,-58.4294353,-11.28743183,29.12051444
3/7/2025 21:14,-23.2748044,-59.67166487,29.42123765,41.70534986,-58.10221338,-11.29057779,29.11161507
3/7/2025 21:15,-23.01467983,-59.32180312,29.40399588,41.74692965,-57.78073966,-11.29369851,29.1027412
3/7/2025 21:16,-22.75976511,-58.97776497,29.38682989,41.78838518,-57.46514757,-11.29679698,29.09388692
3/7/2025 21:17,-22.51017172,-58.63969405,29.36973814,41.82972035,-57.15556754,-11.29987616,29.08504636
3/7/2025 21:18,-22.26600831,-58.30773085,29.35271908,41.87093904,-56.85212695,-11.30293901,29.07621375
3/7/2025 21:19,-22.02738078,-57.98201282,29.33577118,41.91204513,-56.55495015,-11.30598845,29.06738334
3/7/2025 21:20,-21.79439218,-57.66267423,29.31889289,41.95304248,-56.2641584,-11.30902739,29.05854949
3/7/2025 21:21,-21.56714274,-57.34984625,29.30208269,41.99393494,-55.97986986,-11.3120587,29.04970659
3/7/2025 21:22,-21.34572986,-57.04365684,29.28533905,42.03472635,-55.70219961,-11.31508524,29.04084912
3/7/2025 21:23,-21.13024807,-56.74423081,29.26866046,42.07542051,-55.43125957,-11.31810983,29.03197162
3/7/2025 21:24,-20.92078904,-56.45168973,29.25204539,42.11602123,-55.16715854,-11.32113529,29.02306871
3/7/2025 21:25,-20.71744154,-56.16615196,29.23549235,42.15653227,-54.91000214,-11.32416437,29.01413506
3/7/2025 21:26,-20.52029148,-55.88773261,29.21899983,42.19695739,-54.65989283,-11.32719983,29.00516544
3/7/2025 21:27,-20.32942186,-55.61654351,29.20256634,42.23730032,-54.41692989,-11.33024438,28.99615469
3/7/2025 21:28,-20.14491274,-55.35269325,29.1861904,42.27756477,-54.18120938,-11.33330072,28.9870977
3/7/2025 21:29,-19.96684132,-55.09628709,29.16987053,42.31775441,-53.95282416,-11.33637149,28.97798947
3/7/2025 21:30,-19.79528184,-54.847427,29.15360526,42.3578729,-53.73186387,-11.33945932,28.96882506
3/7/2025 21:31,-19.63030561,-54.60621163,29.13739315,42.39792386,-53.5184149,-11.34256681,28.95959961
3/7/2025 21:32,-19.47198102,-54.37273627,29.12123273,42.43791089,-53.31256041,-11.34569653,28.95030834
3/7/2025 21:33,-19.32037351,-54.1470929,29.10512259,42.47783754,-53.11438032,-11.34885099,28.94094655
3/7/2025 21:34,-19.17554557,-53.92937013,29.08906129,42.51770736,-52.92395126,-11.35203269,28.93150964
3/7/2025 21:35,-19.03755677,-53.71965321,29.07304742,42.55752384,-52.74134664,-11.3552441,28.92199306
3/7/2025 21:36,-18.9064637,-53.51802399,29.05707959,42.59729045,-52.56663657,-11.35848765,28.91239238
3/7/2025 21:37,-18.78232001,-53.32456098,29.04115639,42.63701061,-52.39988788,-11.36176571,28.90270323
3/7/2025 21:38,-18.66517642,-53.13933928,29.02527646,42.67668771,-52.24116414,-11.36508066,28.89292132
3/7/2025 21:39,-18.55508066,-52.9624306,29.00943843,42.71632511,-52.09052564,-11.3684348,28.88304248
3/7/2025 21:40,-18.45207755,-52.79390325,28.99364096,42.75592612,-51.94802939,-11.37183042,28.87306261
3/7/2025 21:41,-18.35620894,-52.63382213,28.9778827,42.79549402,-51.81372908,-11.37526975,28.86297768
3/7/2025 21:42,-18.26751375,-52.48224876,28.96216234,42.83503203,-51.68767517,-11.37875502,28.85278377
3/7/2025 21:43,-18.18602794,-52.33924123,28.94647858,42.87454336,-51.56991481,-11.38228837,28.84247705
3/7/2025 21:44,-18.11178455,-52.20485424,28.93083012,42.91403114,-51.46049186,-11.38587195,28.83205378
3/7/2025 21:45,-18.04481368,-52.07913907,28.91521569,42.95349848,-51.35944693,-11.38950783,28.82151031
3/7/2025 21:46,-17.98514251,-51.9621436,28.89963403,42.99294843,-51.26681734,-11.39319806,28.81084307
3/7/2025 21:47,-17.93279532,-51.8539123,28.88408389,43.032384,-51.18263712,-11.39694465,28.8000486
3/7/2025 21:48,-17.88779344,-51.75448625,28.86856406,43.07180816,-51.10693709,-11.40074956,28.78912353
3/7/2025 21:49,-17.85015533,-51.66390312,28.85307333,43.11122382,-51.03974475,-11.40461472,28.77806457
3/7/2025 21:50,-17.81989655,-51.5821972,28.83761049,43.15063384,-50.98108441,-11.40854201,28.76686855
3/7/2025 21:51,-17.79702978,-51.50939937,28.82217439,43.19004104,-50.93097708,-11.41253326,28.75553238
3/7/2025 21:52,-17.78156482,-51.44553716,28.80676386,43.22944818,-50.88944058,-11.41659027,28.74405305
3/7/2025 21:53,-17.77350862,-51.39063471,28.79137776,43.26885796,-50.8564895,-11.42071479,28.73242769
3/7/2025 21:54,-17.77286528,-51.3447128,28.77601499,43.30827305,-50.8321352,-11.42490854,28.72065348
3/7/2025 21:55,-17.77963607,-51.30778885,28.76067444,43.34769605,-50.81638585,-11.42917317,28.70872772
3/7/2025 21:56,-17.79381944,-51.27987695,28.74535503,43.38712951,-50.80924644,-11.43351031,28.69664781
3/7/2025 21:57,-17.81541104,-51.26098784,28.7300557,43.42657591,-50.81071877,-11.43792154,28.68441124
3/7/2025 21:58,-17.84440371,-51.25112895,28.71477541,43.4660377,-50.82080151,-11.44240837,28.6720156
3/7/2025 21:59,-17.88078754,-51.25030439,28.69951314,43.50551726,-50.83949014,-11.44697231,28.65945858
3/7/2025 22:00,-18.81916831,-52.55109661,28.68361019,43.55753722,-52.02705357,-11.47366334,28.60783925
3/7/2025 22:01,-18.87029371,-52.56833993,28.66838098,43.59705921,-52.06292803,-11.47838575,28.59495293
3/7/2025 22:02,-18.92876408,-52.59461026,28.65316686,43.63660576,-52.10737621,-11.48318945,28.58189889
3/7/2025 22:03,-18.99455858,-52.62989863,28.63796688,43.676179,-52.16038121,-11.48807573,28.56867521
3/7/2025 22:04,-19.06765371,-52.67419285,28.62278013,43.71578102,-52.22192308,-11.49304585,28.55528009
3/7/2025 22:05,-19.1480233,-52.72747753,28.60760572,43.75541384,-52.29197881,-11.49810102,28.5417118
3/7/2025 22:06,-19.23563857,-52.78973407,28.59244277,43.79507943,-52.37052241,-11.5032424,28.52796872
3/7/2025 22:07,-19.3304681,-52.86094074,28.57729043,43.83477968,-52.45752488,-11.50847112,28.51404935
3/7/2025 22:08,-19.43247789,-52.94107262,28.56214787,43.87451643,-52.55295426,-11.51378823,28.49995226
3/7/2025 22:09,-19.54163136,-53.03010168,28.54701429,43.91429146,-52.65677563,-11.51919477,28.48567613
3/7/2025 22:10,-19.65788942,-53.12799679,28.53188891,43.95410646,-52.76895117,-11.5246917,28.47121976
3/7/2025 22:11,-19.78121043,-53.23472373,28.51677095,43.99396309,-52.88944014,-11.53027995,28.45658201
3/7/2025 22:12,-19.91155026,-53.35024524,28.50165969,44.03386293,-53.01819897,-11.5359604,28.44176188
3/7/2025 22:13,-20.04886234,-53.47452101,28.4865544,44.07380749,-53.15518119,-11.54173389,28.42675844
3/7/2025 22:14,-20.19309764,-53.60750775,28.47145439,44.11379823,-53.30033757,-11.54760119,28.41157087
3/7/2025 22:15,-20.34420472,-53.74915917,28.456359,44.15383652,-53.45361605,-11.55356306,28.39619845
3/7/2025 22:16,-20.50212977,-53.89942606,28.44126758,44.19392369,-53.61496185,-11.55962016,28.38064055
3/7/2025 22:17,-20.66681662,-54.05825626,28.4261795,44.23406098,-53.78431744,-11.56577315,28.36489666
3/7/2025 22:18,-20.83820677,-54.22559473,28.41109416,44.2742496,-53.96162258,-11.57202263,28.34896635
3/7/2025 22:19,-21.01623945,-54.40138358,28.39601099,44.31449064,-54.1468144,-11.57836913,28.33284928
3/7/2025 22:20,-21.20085159,-54.58556207,28.38092943,44.35478517,-54.33982735,-11.58481316,28.31654523
3/7/2025 22:21,-21.39197793,-54.77806668,28.36584895,44.39513417,-54.54059332,-11.59135517,28.30005406
3/7/2025 22:22,-21.58955099,-54.97883112,28.35076906,44.43553856,-54.74904161,-11.59799557,28.28337573
3/7/2025 22:23,-21.79350111,-55.18778637,28.33568925,44.47599918,-54.96509897,-11.60473471,28.2665103
3/7/2025 22:24,-22.00375653,-55.40486069,28.32060909,44.51651682,-55.1886897,-11.6115729,28.24945793
3/7/2025 22:25,-22.22024337,-55.62997971,28.30552813,44.5570922,-55.41973558,-11.6185104,28.23221886
3/7/2025 22:26,-22.44288569,-55.8630664,28.29044595,44.59772595,-55.65815598,-11.62554744,28.21479344
3/7/2025 22:27,-22.67160551,-56.10404117,28.27536218,44.63841866,-55.9038679,-11.63268418,28.19718211
3/7/2025 22:28,-22.90632287,-56.35282183,28.26027645,44.67917084,-56.15678595,-11.63992075,28.17938539
3/7/2025 22:29,-23.14695585,-56.60932372,28.24518842,44.71998293,-56.41682245,-11.64725723,28.16140391
3/7/2025 22:30,-23.39342058,-56.87345966,28.23009777,44.7608553,-56.68388742,-11.65469363,28.14323839
3/7/2025 22:31,-23.64563136,-57.14514006,28.21500421,44.80178827,-56.95788864,-11.66222996,28.12488963
3/7/2025 22:32,-23.90350058,-57.42427289,28.19990747,44.84278207,-57.23873172,-11.66986615,28.10635854
3/7/2025 22:33,-24.16693885,-57.7107638,28.18480731,44.88383687,-57.52632008,-11.67760209,28.08764609
3/7/2025 22:34,-24.43585502,-58.00451608,28.1697035,44.92495279,-57.82055501,-11.68543764,28.06875337
3/7/2025 22:35,-24.71015616,-58.30543075,28.15459584,44.96612985,-58.12133576,-11.69337259,28.04968155
3/7/2025 22:36,-24.9897477,-58.6134066,28.13948415,45.00736803,-58.42855951,-11.70140671,28.03043187
3/7/2025 22:37,-25.27453339,-58.92834023,28.12436829,45.04866722,-58.74212147,-11.70953972,28.01100568
3/7/2025 22:38,-25.56441534,-59.25012605,28.10924813,45.09002728,-59.06191486,-11.71777128,27.9914044
3/7/2025 22:39,-25.85929412,-59.57865639,28.09412355,45.13144796,-59.38783104,-11.72610103,27.97162955
3/7/2025 22:40,-26.15906875,-59.91382151,28.07899448,45.17292898,-59.71975947,-11.73452854,27.95168272
3/7/2025 22:41,-26.46363676,-60.25550962,28.06386084,45.21446997,-60.0575878,-11.74305337,27.93156558
3/7/2025 22:42,-26.77289423,-60.60360699,28.04872262,45.2560705,-60.4012019,-11.75167501,27.91127991
3/7/2025 22:43,-27.08673582,-60.95799793,28.03357978,45.29773009,-60.75048591,-11.76039291,27.89082754
3/7/2025 22:44,-27.40505482,-61.31856487,28.01843233,45.33944818,-61.1053223,-11.7692065,27.87021039
3/7/2025 22:45,-27.72774321,-61.6851884,28.00328031,45.38122415,-61.46559187,-11.77811515,27.84943046
3/7/2025 22:46,-28.05469167,-62.05774731,27.98812376,45.42305731,-61.83117385,-11.7871182,27.82848984
3/7/2025 22:47,-28.38578964,-62.43611866,27.97296275,45.46494692,-62.2019459,-11.79621493,27.80739068
3/7/2025 22:48,-28.72092538,-62.8201778,27.95779738,45.50689217,-62.57778421,-11.80540461,27.78613521
3/7/2025 22:49,-29.05998597,-63.20979841,27.94262776,45.54889219,-62.9585635,-11.81468644,27.76472574
3/7/2025 22:50,-29.40285739,-63.60485261,27.92745403,45.59094604,-63.34415707,-11.8240596,27.74316464
3/7/2025 22:51,-29.74942457,-64.00521093,27.91227634,45.63305274,-63.73443689,-11.83352323,27.72145438
3/7/2025 22:52,-30.0995714,-64.4107424,27.89709487,45.67521121,-64.1292736,-11.84307643,27.69959747
3/7/2025 22:53,-30.45318078,-64.8213146,27.88190982,45.71742036,-64.52853659,-11.85271826,27.67759651
3/7/2025 22:54,-30.8101347,-65.23679371,27.86672141,45.75967901,-64.93209404,-11.86244774,27.65545416
3/7/2025 22:55,-31.17031426,-65.65704456,27.85152987,45.80198592,-65.33981296,-11.87226387,27.63317314
3/7/2025 22:56,-31.5335997,-66.08193064,27.83633546,45.84433981,-65.75155925,-11.88216559,27.61075626
3/7/2025 22:57,-31.89987046,-66.51131423,27.82113846,45.88673932,-66.16719774,-11.89215183,27.58820637
3/7/2025 22:58,-32.26900525,-66.94505637,27.80593917,45.92918305,-66.58659226,-11.90222146,27.56552641
3/7/2025 22:59,-32.64088205,-67.38301697,27.79073789,45.97166955,-67.00960566,-11.91237334,27.54271934
3/7/2025 23:00,-33.90999663,-69.11763644,27.77487728,46.02671762,-68.59637641,-11.94465483,27.48088951
3/7/2025 23:01,-34.28698881,-69.56360931,27.75967306,46.06928504,-69.02621254,-11.95496761,27.45783745
3/7/2025 23:02,-34.66635316,-70.01337395,27.74446792,46.11189052,-69.45925085,-11.96535899,27.43466762
3/7/2025 23:03,-35.0479653,-70.46678617,27.72926224,46.15453238,-69.89535084,-11.97582768,27.41138322
3/7/2025 23:04,-35.43170035,-70.92370088,27.71405643,46.19720889,-70.3343713,-11.98637237,27.38798754
3/7/2025 23:05,-35.81743301,-71.38397216,27.69885091,46.23991828,-70.77617036,-11.99699172,27.3644839
3/7/2025 23:06,-36.20503758,-71.84745329,27.68364611,46.28265873,-71.22060554,-12.00768435,27.34087569
3/7/2025 23:07,-36.59438802,-72.31399683,27.6684425,46.32542834,-71.66753382,-12.01844887,27.31716634
3/7/2025 23:08,-36.98535799,-72.78345464,27.65324055,46.3682252,-72.11681162,-12.02928384,27.29335932
3/7/2025 23:09,-37.37782092,-73.25567798,27.63804073,46.41104735,-72.56829498,-12.04018781,27.26945818
3/7/2025 23:10,-37.77164999,-73.73051748,27.62284356,46.45389274,-73.02183946,-12.0511593,27.24546648
3/7/2025 23:11,-38.16671827,-74.20782329,27.60764955,46.49675934,-73.47730032,-12.06219678,27.22138784
3/7/2025 23:12,-38.56289868,-74.68744508,27.59245923,46.53964502,-73.93453248,-12.07329874,27.19722592
3/7/2025 23:13,-38.96006409,-75.1692321,27.57727315,46.58254764,-74.39339063,-12.0844636,27.17298444
3/7/2025 23:14,-39.35808734,-75.65303323,27.56209187,46.62546501,-74.85372925,-12.09568978,27.14866713
3/7/2025 23:15,-39.75684128,-76.13869704,27.54691596,46.66839489,-75.31540268,-12.10697568,27.12427778
3/7/2025 23:16,-40.15619886,-76.62607185,27.53174602,46.711335,-75.77826514,-12.11831966,27.09982021
3/7/2025 23:17,-40.5560331,-77.11500576,27.51658263,46.75428303,-76.24217082,-12.12972007,27.07529827
3/7/2025 23:18,-40.95621722,-77.60534672,27.50142641,46.79723664,-76.70697392,-12.14117523,27.05071584
3/7/2025 23:19,-41.35662462,-78.09694259,27.48627798,46.84019343,-77.17252867,-12.15268346,27.02607686
3/7/2025 23:20,-41.75712893,-78.58964118,27.47113799,46.88315097,-77.63868942,-12.16424303,27.00138528
3/7/2025 23:21,-42.15760412,-79.08329031,27.45600707,46.92610682,-78.10531068,-12.17585221,26.97664506
3/7/2025 23:22,-42.55792445,-79.57773783,27.44088589,46.96905848,-78.57224715,-12.18750926,26.95186022
3/7/2025 23:23,-42.95796459,-80.07283174,27.42577511,47.01200343,-79.03935378,-12.19921239,26.9270348
3/7/2025 23:24,-43.35759961,-80.56842018,27.41067541,47.0549391,-79.50648586,-12.21095984,26.90217284
3/7/2025 23:25,-43.75670507,-81.06435152,27.39558747,47.09786291,-79.973499,-12.22274979,26.87727842
3/7/2025 23:26,-44.15515702,-81.56047438,27.380512,47.14077226,-80.44024923,-12.23458043,26.85235565
3/7/2025 23:27,-44.55283209,-82.0566377,27.3654497,47.1836645,-80.90659303,-12.24644993,26.82740864
3/7/2025 23:28,-44.94960749,-82.55269081,27.35040127,47.22653695,-81.37238738,-12.25835644,26.80244152
3/7/2025 23:29,-45.34536106,-83.04848345,27.33536745,47.26938694,-81.83748983,-12.27029811,26.77745845
3/7/2025 23:30,-45.73997136,-83.54386584,27.32034896,47.31221173,-82.30175851,-12.28227307,26.75246359
3/7/2025 23:31,-46.13331763,-84.0386887,27.30534653,47.35500859,-82.76505219,-12.29427944,26.72746111
3/7/2025 23:32,-46.52527991,-84.53280336,27.29036091,47.39777477,-83.22723038,-12.30631533,26.70245521
3/7/2025 23:33,-46.91573902,-85.02606175,27.27539284,47.44050747,-83.68815328,-12.31837884,26.67745007
3/7/2025 23:34,-47.30457665,-85.51831648,27.26044308,47.4832039,-84.14768193,-12.33046806,26.6524499
3/7/2025 23:35,-47.69167537,-86.0094209,27.24551239,47.52586124,-84.60567817,-12.34258107,26.62745891
3/7/2025 23:36,-48.07691867,-86.49922911,27.23060153,47.56847666,-85.06200475,-12.35471595,26.6024813
3/7/2025 23:37,-48.46019103,-86.98759606,27.21571126,47.61104731,-85.51652535,-12.36687078,26.5775213
3/7/2025 23:38,-48.84137793,-87.47437755,27.20084236,47.65357033,-85.9691046,-12.37904361,26.55258311
3/7/2025 23:39,-49.22036589,-87.9594303,27.1859956,47.69604283,-86.41960819,-12.3912325,26.52767095
3/7/2025 23:40,-49.59704251,-88.44261201,27.17117176,47.73846194,-86.86790286,-12.40343552,26.50278902
3/7/2025 23:41,-49.97129654,-88.9237814,27.15637162,47.78082476,-87.31385646,-12.41565071,26.47794153
3/7/2025 23:42,-50.34301787,-89.40279824,27.14159596,47.82312838,-87.757338,-12.42787613,26.45313269
3/7/2025 23:43,-50.7120976,-89.87952342,27.12684557,47.86536989,-88.1982177,-12.44010982,26.42836667
3/7/2025 23:44,-51.07842806,-90.35381897,27.11212122,47.90754638,-88.636367,-12.45234984,26.40364766
3/7/2025 23:45,-51.44190286,-90.82554813,27.09742371,47.94965493,-89.07165864,-12.46459423,26.37897983
3/7/2025 23:46,-51.80241691,-91.2945754,27.08275382,47.9916926,-89.5039667,-12.47684105,26.35436734
3/7/2025 23:47,-52.15986647,-91.76076654,27.06811233,48.03365647,-89.93316661,-12.48908834,26.32981432
3/7/2025 23:48,-52.51414917,-92.22398868,27.05350002,48.07554362,-90.35913523,-12.50133415,26.30532491
3/7/2025 23:49,-52.86516407,-92.68411031,27.03891769,48.11735111,-90.78175086,-12.51357655,26.28090321
3/7/2025 23:50,-53.21281167,-93.14100135,27.02436611,48.15907603,-91.20089329,-12.5258136,26.2565533
3/7/2025 23:51,-53.55699392,-93.59453318,27.00984607,48.20071544,-91.61644385,-12.53804337,26.23227926
3/7/2025 23:52,-53.89761434,-94.04457869,26.99535833,48.24226644,-92.02828544,-12.55026392,26.20808513
3/7/2025 23:53,-54.23457795,-94.49101232,26.98090367,48.28372612,-92.43630256,-12.56247333,26.18397492
3/7/2025 23:54,-54.56779135,-94.9337101,26.96648286,48.32509157,-92.84038139,-12.5746697,26.15995264
3/7/2025 23:55,-54.89716278,-95.37254969,26.95209667,48.36635989,-93.24040974,-12.58685111,26.13602225
3/7/2025 23:56,-55.22260207,-95.80741041,26.93774586,48.40752821,-93.63627718,-12.59901567,26.11218769
3/7/2025 23:57,-55.54402077,-96.23817332,26.92343119,48.44859365,-94.02787504,-12.61116148,26.08845287
3/7/2025 23:58,-55.86133207,-96.66472119,26.90915341,48.48955336,-94.41509642,-12.62328668,26.06482165
3/7/2025 23:59,-56.17445094,-97.0869386,26.89491326,48.53040447,-94.79783627,-12.6353894,26.04129789
4/7/2025 0:00,-35.90706986,-67.77533502,26.89583853,48.28317665,-68.48963152,-12.14035097,26.91255592
4/7/2025 0:01,-36.21155573,-68.18855257,26.88167586,48.32380212,-68.86310059,-12.15240316,26.88925844
4/7/2025 0:02,-36.51160461,-68.59710448,26.86755304,48.36431057,-69.23178424,-12.16442735,26.86607973
4/7/2025 0:03,-36.80713864,-69.00088282,26.85347077,48.40469922,-69.59558506,-12.17642171,26.84302346
4/7/2025 0:04,-37.09808178,-69.39978166,26.83942977,48.44496531,-69.95440763,-12.18838445,26.8200933
4/7/2025 0:05,-37.3843599,-69.79369704,26.82543073,48.4851061,-70.30815853,-12.20031378,26.79729285
4/7/2025 0:06,-37.66590077,-70.18252704,26.81147437,48.5251189,-70.65674641,-12.21220794,26.77462568
4/7/2025 0:07,-37.94263409,-70.56617182,26.79756135,48.565001,-71.00008202,-12.22406517,26.75209531
4/7/2025 0:08,-38.2144915,-70.94453361,26.78369236,48.60474975,-71.33807817,-12.23588373,26.72970521
4/7/2025 0:09,-38.48140663,-71.31751681,26.76986806,48.64436251,-71.67064985,-12.24766192,26.70745881
4/7/2025 0:10,-38.74331511,-71.68502793,26.75608912,48.68383668,-71.99771421,-12.25939804,26.68535948
4/7/2025 0:11,-39.00015457,-72.04697571,26.74235617,48.72316967,-72.31919057,-12.27109041,26.66341055
4/7/2025 0:12,-39.2518647,-72.40327107,26.72866985,48.76235895,-72.63500048,-12.28273737,26.64161529
4/7/2025 0:13,-39.49838722,-72.75382721,26.71503078,48.80140199,-72.94506772,-12.29433729,26.61997692
4/7/2025 0:14,-39.73966595,-73.09855956,26.70143958,48.84029631,-73.24931835,-12.30588855,26.59849861
4/7/2025 0:15,-39.97564677,-73.4373859,26.68789684,48.87903947,-73.54768071,-12.31738956,26.57718347
4/7/2025 0:16,-40.2062777,-73.77022628,26.67440315,48.91762905,-73.84008545,-12.32883876,26.55603456
4/7/2025 0:17,-40.43150887,-74.09700314,26.66095908,48.95606268,-74.12646555,-12.3402346,26.53505486
4/7/2025 0:18,-40.65129255,-74.41764127,26.64756519,48.99433801,-74.40675635,-12.35157555,26.51424731
4/7/2025 0:19,-40.86558317,-74.73206786,26.63422204,49.03245274,-74.68089555,-12.36286012,26.49361479
4/7/2025 0:20,-41.07433732,-75.04021251,26.62093015,49.07040461,-74.94882325,-12.37408684,26.47316011
4/7/2025 0:21,-41.27751379,-75.34200728,26.60769004,49.10819141,-75.21048196,-12.38525426,26.45288602
4/7/2025 0:22,-41.47507355,-75.63738667,26.59450222,49.14581095,-75.46581662,-12.39636096,26.43279522
4/7/2025 0:23,-41.66697977,-75.92628767,26.58136717,49.18326109,-75.7147746,-12.40740556,26.41289031
4/7/2025 0:24,-41.85319785,-76.20864976,26.56828537,49.22053976,-75.95730575,-12.41838668,26.39317386
4/7/2025 0:25,-42.03369542,-76.48441494,26.55525728,49.25764489,-76.19336237,-12.42930299,26.37364836
4/7/2025 0:26,-42.20844234,-76.75352775,26.54228333,49.29457449,-76.42289928,-12.44015319,26.35431622
4/7/2025 0:27,-42.37741071,-77.01593526,26.52936396,49.33132661,-76.64587377,-12.45093598,26.3351798
4/7/2025 0:28,-42.54057489,-77.27158712,26.51649957,49.36789934,-76.86224566,-12.46165013,26.31624139
4/7/2025 0:29,-42.69791149,-77.52043557,26.50369056,49.40429082,-77.0719773,-12.47229441,26.29750319
4/7/2025 0:30,-42.8493994,-77.76243542,26.49093729,49.44049925,-77.27503357,-12.48286764,26.27896734
4/7/2025 0:31,-42.99501977,-77.9975441,26.47824014,49.47652288,-77.47138189,-12.49336866,26.26063591
4/7/2025 0:32,-43.13475604,-78.22572166,26.46559943,49.51235999,-77.66099225,-12.50379634,26.24251089
4/7/2025 0:33,-43.26859391,-78.44693076,26.4530155,49.54800894,-77.84383719,-12.51414958,26.22459421
4/7/2025 0:34,-43.39652138,-78.66113671,26.44048864,49.58346814,-78.01989183,-12.52442733,26.2068877
4/7/2025 0:35,-43.51852872,-78.86830749,26.42801914,49.61873603,-78.18913386,-12.53462855,26.18939314
4/7/2025 0:36,-43.63460849,-79.0684137,26.41560728,49.65381113,-78.35154356,-12.54475226,26.17211221
4/7/2025 0:37,-43.74475556,-79.26142863,26.40325329,49.68869202,-78.50710378,-12.55479748,26.15504654
4/7/2025 0:38,-43.84896705,-79.44732821,26.3909574,49.72337731,-78.65579997,-12.56476329,26.13819766
4/7/2025 0:39,-43.9472424,-79.62609109,26.37871984,49.75786569,-78.79762019,-12.5746488,26.12156702
4/7/2025 0:40,-44.0395833,-79.79769857,26.36654078,49.7921559,-78.93255507,-12.58445314,26.10515601
4/7/2025 0:41,-44.12599376,-79.96213463,26.3544204,49.82624675,-79.06059784,-12.59417549,26.08896593
4/7/2025 0:42,-44.20648003,-80.11938595,26.34235884,49.86013708,-79.18174433,-12.60381506,26.07299799
4/7/2025 0:43,-44.28105067,-80.2694419,26.33035625,49.89382583,-79.29599298,-12.6133711,26.05725334
4/7/2025 0:44,-44.34971649,-80.41229453,26.31841273,49.92731198,-79.4033448,-12.62284289,26.04173302
4/7/2025 0:45,-44.41249055,-80.54793859,26.30652837,49.96059457,-79.50380339,-12.63222975,26.02643802
4/7/2025 0:46,-44.4693882,-80.6763715,26.29470324,49.99367271,-79.59737496,-12.64153103,26.01136923
4/7/2025 0:47,-44.52042702,-80.7975934,26.28293739,50.02654557,-79.68406829,-12.65074612,25.99652746
4/7/2025 0:48,-44.56562684,-80.91160709,26.27123085,50.05921237,-79.76389473,-12.65987446,25.98191343
4/7/2025 0:49,-44.60500971,-81.01841804,26.25958362,50.09167243,-79.83686823,-12.66891551,25.96752778
4/7/2025 0:50,-44.63859993,-81.11803443,26.24799569,50.1239251,-79.90300526,-12.67786877,25.95337109
4/7/2025 0:51,-44.66642398,-81.21046709,26.23646703,50.15596981,-79.96232489,-12.68673378,25.93944382
4/7/2025 0:52,-44.68851057,-81.29572951,26.22499758,50.18780605,-80.01484872,-12.69551012,25.92574637
4/7/2025 0:53,-44.70489059,-81.37383785,26.21358727,50.21943339,-80.06060089,-12.70419741,25.91227903
4/7/2025 0:54,-44.71559709,-81.44481091,26.20223598,50.25085144,-80.09960806,-12.71279531,25.89904205
4/7/2025 0:55,-44.72066533,-81.50867013,26.19094361,50.28205991,-80.13189942,-12.72130349,25.88603554
4/7/2025 0:56,-44.72013268,-81.5654396,26.17971001,50.31305855,-80.15750666,-12.72972171,25.87325957
4/7/2025 0:57,-44.71403865,-81.615146,26.16853501,50.34384718,-80.17646397,-12.73804972,25.8607141
4/7/2025 0:58,-44.70242489,-81.65781864,26.15741844,50.37442572,-80.188808,-12.74628733,25.84839901
4/7/2025 0:59,-44.68533513,-81.6934894,26.14636008,50.40479411,-80.19457788,-12.75443439,25.8363141
4/7/2025 1:00,-45.55743365,-83.01477438,26.13470201,50.44747272,-81.3540917,-12.78453935,25.78556036
4/7/2025 1:01,-45.52953146,-83.0365474,26.12375936,50.477421,-81.34684042,-12.792505,25.77393487
4/7/2025 1:02,-45.49629694,-83.05142968,26.11287418,50.50715945,-81.33314698,-12.80037988,25.76253843
4/7/2025 1:03,-45.45778207,-83.05946333,26.10204617,50.5366883,-81.3130602,-12.80816399,25.7513705
4/7/2025 1:04,-45.41404084,-83.06069301,26.09127501,50.56600786,-81.28663126,-12.81585736,25.74043046
4/7/2025 1:05,-45.36512923,-83.05516588,26.08056036,50.59511851,-81.25391372,-12.82346007,25.72971759
4/7/2025 1:06,-45.31110518,-83.04293156,26.06990186,50.62402071,-81.21496345,-12.83097225,25.7192311
4/7/2025 1:07,-45.25202858,-83.02404215,26.05929914,50.65271496,-81.16983866,-12.83839404,25.7089701
4/7/2025 1:08,-45.18796125,-82.99855219,26.04875179,50.68120185,-81.11859984,-12.84572565,25.69893362
4/7/2025 1:09,-45.1189669,-82.96651864,26.03825938,50.70948205,-81.06130976,-12.8529673,25.68912061
4/7/2025 1:10,-45.04511113,-82.92800085,26.02782147,50.73755628,-80.99803343,-12.86011928,25.67952994
4/7/2025 1:11,-44.96646137,-82.88306056,26.0174376,50.76542533,-80.92883808,-12.86718189,25.6701604
4/7/2025 1:12,-44.88308691,-82.83176186,26.00710727,50.79309007,-80.85379314,-12.87415548,25.66101067
4/7/2025 1:13,-44.7950588,-82.77417115,25.99682998,50.82055144,-80.77297022,-12.88104044,25.65207937
4/7/2025 1:14,-44.70244988,-82.71035716,25.98660519,50.84781044,-80.68644307,-12.88783719,25.64336505
4/7/2025 1:15,-44.60533475,-82.64039087,25.97643235,50.87486815,-80.59428754,-12.8945462,25.63486615
4/7/2025 1:16,-44.50378971,-82.56434552,25.9663109,50.90172571,-80.49658158,-12.90116797,25.62658104
4/7/2025 1:17,-44.39789275,-82.48229658,25.95624023,50.92838434,-80.39340522,-12.90770303,25.61850802
4/7/2025 1:18,-44.28772353,-82.39432171,25.94621974,50.95484531,-80.2848405,-12.91415197,25.6106453
4/7/2025 1:19,-44.17336332,-82.30050071,25.93624879,50.98110997,-80.17097144,-12.92051539,25.60299101
4/7/2025 1:20,-44.05489502,-82.20091555,25.92632672,51.00717974,-80.05188407,-12.92679395,25.59554319
4/7/2025 1:21,-43.93240306,-82.09565027,25.91645287,51.03305612,-79.92766633,-12.93298832,25.58829984
4/7/2025 1:22,-43.80597345,-81.98479102,25.90662653,51.05874064,-79.79840807,-12.93909924,25.58125884
4/7/2025 1:23,-43.67569367,-81.86842594,25.896847,51.08423494,-79.664201,-12.94512747,25.57441801
4/7/2025 1:24,-43.54165269,-81.74664523,25.88711355,51.1095407,-79.5251387,-12.95107379,25.56777509
4/7/2025 1:25,-43.40394091,-81.61954102,25.87742541,51.13465967,-79.38131652,-12.95693903,25.56132776
4/7/2025 1:26,-43.26265014,-81.4872074,25.86778181,51.15959368,-79.23283158,-12.96272407,25.55507362
4/7/2025 1:27,-43.11787357,-81.34974036,25.85818198,51.1843446,-79.07978275,-12.9684298,25.54901017
4/7/2025 1:28,-42.9697057,-81.20723775,25.84862509,51.20891439,-78.92227059,-12.97405716,25.54313487
4/7/2025 1:29,-42.81824236,-81.05979927,25.83911033,51.23330507,-78.76039729,-12.97960711,25.53744509
4/7/2025 1:30,-42.66358063,-80.90752639,25.82963685,51.25751871,-78.59426671,-12.98508066,25.53193814
4/7/2025 1:31,-42.50581882,-80.75052237,25.82020378,51.28155746,-78.42398426,-12.99047884,25.52661124
4/7/2025 1:32,-42.34505644,-80.58889215,25.81081024,51.30542351,-78.24965688,-12.99580273,25.52146158
4/7/2025 1:33,-42.18139414,-80.42274237,25.80145534,51.32911914,-78.07139306,-13.00105341,25.51648623
4/7/2025 1:34,-42.0149337,-80.25218133,25.79213817,51.35264668,-77.88930272,-13.00623204,25.51168224
4/7/2025 1:35,-41.84577798,-80.07731889,25.78285779,51.3760085,-77.70349721,-13.01133976,25.50704656
4/7/2025 1:36,-41.67403087,-79.8982665,25.77361325,51.39920707,-77.51408926,-13.01637778,25.5025761
4/7/2025 1:37,-41.49979727,-79.71513712,25.7644036,51.4222449,-77.32119296,-13.02134733,25.49826767
4/7/2025 1:38,-41.32318305,-79.52804518,25.75522785,51.44512453,-77.12492368,-13.02624966,25.49411807
4/7/2025 1:39,-41.14429499,-79.33710656,25.74608502,51.46784862,-76.92539806,-13.03108606,25.490124
4/7/2025 1:40,-40.96324075,-79.14243852,25.73697408,51.49041982,-76.72273394,-13.03585785,25.48628209
4/7/2025 1:41,-40.78012886,-78.94415967,25.72789402,51.51284089,-76.51705035,-13.04056636,25.48258896
4/7/2025 1:42,-40.59506863,-78.74238992,25.71884381,51.53511461,-76.30846742,-13.04521299,25.47904111
4/7/2025 1:43,-40.40817012,-78.53725046,25.70982238,51.55724383,-76.09710639,-13.04979912,25.47563504
4/7/2025 1:44,-40.21954414,-78.32886367,25.70082869,51.57923146,-75.88308953,-13.05432619,25.47236716
4/7/2025 1:45,-40.02930216,-78.11735312,25.69186163,51.60108045,-75.66654009,-13.05879565,25.46923383
4/7/2025 1:46,-39.83755629,-77.9028435,25.68292014,51.62279379,-75.44758229,-13.06320898,25.46623136
4/7/2025 1:47,-39.64441922,-77.68546057,25.6740031,51.64437455,-75.22634123,-13.0675677,25.46335601
4/7/2025 1:48,-39.45000422,-77.46533112,25.6651094,51.66582583,-75.00294286,-13.07187333,25.460604
4/7/2025 1:49,-39.25442505,-77.24258295,25.65623792,51.68715079,-74.77751398,-13.07612742,25.45797147
4/7/2025 1:50,-39.05779594,-77.01734476,25.64738751,51.70835263,-74.5501821,-13.08033157,25.45545455
4/7/2025 1:51,-38.86023153,-76.78974618,25.63855703,51.72943458,-74.32107547,-13.08448737,25.4530493
4/7/2025 1:52,-38.66184686,-76.55991764,25.62974532,51.75039996,-74.09032302,-13.08859646,25.45075174
4/7/2025 1:53,-38.46275729,-76.3279904,25.62095122,51.77125209,-73.85805426,-13.09266046,25.44855785
4/7/2025 1:54,-38.26307848,-76.09409645,25.61217354,51.79199435,-73.62439931,-13.09668107,25.44646357
4/7/2025 1:55,-38.06292632,-75.85836846,25.6034111,51.81263017,-73.38948878,-13.10065996,25.44446479
4/7/2025 1:56,-37.86241694,-75.62093977,25.59466272,51.833163,-73.15345379,-13.10459885,25.44255736
4/7/2025 1:57,-37.66166658,-75.3819443,25.58592717,51.85359636,-72.91642583,-13.10849946,25.44073712
4/7/2025 1:58,-37.46079164,-75.14151653,25.57720327,51.87393378,-72.67853682,-13.11236354,25.43899984
4/7/2025 1:59,-37.25990855,-74.89979142,25.56848978,51.89417883,-72.43991898,-13.11619286,25.43734128
4/7/2025 2:00,-37.95375224,-75.94948599,25.5591278,51.92685547,-73.36098132,-13.14203776,25.39685843
4/7/2025 2:01,-37.75320226,-75.70557284,25.55043148,51.94692667,-73.12130353,-13.14580292,25.39534441
4/7/2025 2:02,-37.55299346,-75.46076973,25.5417419,51.96691646,-72.88129503,-13.14953871,25.39389618
4/7/2025 2:03,-37.3532421,-75.2152131,25.53305781,51.98682854,-72.64108884,-13.15324697,25.39250935
4/7/2025 2:04,-37.15406431,-74.96903963,25.52437798,52.00666666,-72.40081807,-13.15692953,25.39117953
4/7/2025 2:05,-36.95557601,-74.7223862,25.51570115,52.02643459,-72.16061585,-13.16058826,25.38990231
4/7/2025 2:06,-36.75789289,-74.47538983,25.50702608,52.04613612,-71.92061528,-13.16422502,25.38867323
4/7/2025 2:07,-36.56113031,-74.22818761,25.49835151,52.06577509,-71.68094939,-13.1678417,25.38748784
4/7/2025 2:08,-36.36540335,-73.98091669,25.48967618,52.08535535,-71.44175107,-13.17144019,25.38634166
4/7/2025 2:09,-36.17082666,-73.73371417,25.48099885,52.10488078,-71.20315306,-13.1750224,25.38523017
4/7/2025 2:10,-35.97751449,-73.48671711,25.47231824,52.12435527,-70.96528786,-13.17859023,25.38414887
4/7/2025 2:11,-35.78558062,-73.24006244,25.4636331,52.14378273,-70.72828768,-13.18214563,25.38309323
4/7/2025 2:12,-35.59513829,-72.9938869,25.45494216,52.16316711,-70.4922844,-13.1856905,25.3820587
4/7/2025 2:13,-35.40630022,-72.74832702,25.44624418,52.18251237,-70.25740956,-13.1892268,25.38104074
4/7/2025 2:14,-35.21917849,-72.50351906,25.43753788,52.20182247,-70.02379422,-13.19275647,25.38003477
4/7/2025 2:15,-35.03388454,-72.25959893,25.42882202,52.2211014,-69.79156899,-13.19628146,25.37903624
4/7/2025 2:16,-34.85052913,-72.01670217,25.42009534,52.24035316,-69.56086393,-13.19980374,25.37804056
4/7/2025 2:17,-34.66922225,-71.77496387,25.41135658,52.25958176,-69.33180852,-13.20332525,25.37704316
4/7/2025 2:18,-34.49007314,-71.53451866,25.40260449,52.27879122,-69.10453163,-13.20684796,25.37603947
4/7/2025 2:19,-34.31319018,-71.29550061,25.39383783,52.29798557,-68.87916143,-13.21037385,25.3750249
4/7/2025 2:20,-34.13868091,-71.05804321,25.38505536,52.31716886,-68.65582534,-13.21390488,25.37399488
4/7/2025 2:21,-33.96665194,-70.82227929,25.37625583,52.33634511,-68.43465002,-13.21744303,25.37294484
4/7/2025 2:22,-33.7972089,-70.588341,25.36743802,52.35551838,-68.2157613,-13.22099026,25.3718702
4/7/2025 2:23,-33.63045646,-70.35635974,25.3586007,52.37469272,-67.99928411,-13.22454854,25.37076642
4/7/2025 2:24,-33.46649821,-70.12646611,25.34974265,52.39387218,-67.78534244,-13.22811985,25.36962894
4/7/2025 2:25,-33.30543666,-69.89878987,25.34086266,52.4130608,-67.57405933,-13.23170614,25.36845323
4/7/2025 2:26,-33.14737319,-69.67345987,25.33195952,52.43226263,-67.36555677,-13.23530939,25.36723475
4/7/2025 2:27,-32.99240802,-69.45060399,25.32303204,52.45148171,-67.15995565,-13.23893156,25.365969
4/7/2025 2:28,-32.84064012,-69.23034915,25.31407903,52.47072208,-66.95737577,-13.2425746,25.36465149
4/7/2025 2:29,-32.69216724,-69.01282119,25.30509931,52.48998776,-66.75793571,-13.24624046,25.36327775
4/7/2025 2:30,-32.5470858,-68.79814484,25.29609172,52.50928278,-66.56175286,-13.24993109,25.36184331
4/7/2025 2:31,-32.4054909,-68.58644369,25.28705508,52.52861114,-66.36894332,-13.25364842,25.36034375
4/7/2025 2:32,-32.26747625,-68.37784012,25.27798827,52.54797684,-66.17962185,-13.25739439,25.35877466
4/7/2025 2:33,-32.13313413,-68.17245525,25.26889013,52.56738386,-65.99390188,-13.26117091,25.35713166
4/7/2025 2:34,-32.00255536,-67.97040892,25.25975956,52.58683616,-65.81189539,-13.26497989,25.3554104
4/7/2025 2:35,-31.87582926,-67.7718196,25.25059543,52.60633769,-65.6337129,-13.26882324,25.35360654
4/7/2025 2:36,-31.75304363,-67.57680435,25.24139666,52.62589239,-65.45946345,-13.27270285,25.35171581
4/7/2025 2:37,-31.63428464,-67.38547881,25.23216215,52.64550416,-65.28925449,-13.2766206,25.34973395
4/7/2025 2:38,-31.51963688,-67.19795709,25.22289085,52.66517688,-65.12319187,-13.28057835,25.34765672
4/7/2025 2:39,-31.40918327,-67.01435179,25.21358169,52.68491443,-64.96137983,-13.28457795,25.34547995
4/7/2025 2:40,-31.30300503,-66.83477389,25.20423364,52.70472063,-64.80392087,-13.28862124,25.34319949
4/7/2025 2:41,-31.20118165,-66.65933274,25.19484569,52.72459929,-64.65091579,-13.29271005,25.34081123
4/7/2025 2:42,-31.10379084,-66.48813602,25.18541682,52.74455419,-64.50246359,-13.29684617,25.3383111
4/7/2025 2:43,-31.01090851,-66.32128965,25.17594604,52.76458908,-64.35866146,-13.30103141,25.3356951
4/7/2025 2:44,-30.92260873,-66.15889779,25.16643239,52.78470768,-64.21960471,-13.30526754,25.33295925
4/7/2025 2:45,-30.83896369,-66.00106279,25.15687493,52.80491366,-64.08538675,-13.3095563,25.33009961
4/7/2025 2:46,-30.76004366,-65.84788512,25.1472727,52.82521067,-63.95609904,-13.31389944,25.32711233
4/7/2025 2:47,-30.68591697,-65.69946333,25.13762481,52.84560233,-63.83183105,-13.31829866,25.32399357
4/7/2025 2:48,-30.61664995,-65.55589402,25.12793037,52.86609219,-63.7126702,-13.32275567,25.32073956
4/7/2025 2:49,-30.55230694,-65.41727182,25.11818849,52.88668379,-63.59870186,-13.32727215,25.31734659
4/7/2025 2:50,-30.49295021,-65.28368929,25.10839833,52.90738061,-63.49000925,-13.33184973,25.313811
4/7/2025 2:51,-30.43863996,-65.15523692,25.09855907,52.92818609,-63.38667348,-13.33649005,25.31012919
4/7/2025 2:52,-30.38943426,-65.03200307,25.08866989,52.94910362,-63.28877344,-13.34119471,25.30629763
4/7/2025 2:53,-30.34538906,-64.91407394,25.07873002,52.97013656,-63.1963858,-13.3459653,25.30231283
4/7/2025 2:54,-30.30655811,-64.80153353,25.06873869,52.9912882,-63.10958495,-13.35080338,25.29817137
4/7/2025 2:55,-30.27299297,-64.69446358,25.05869517,53.01256179,-63.02844298,-13.35571046,25.29386992
4/7/2025 2:56,-30.24474296,-64.59294357,25.04859874,53.03396053,-62.95302964,-13.36068806,25.28940519
4/7/2025 2:57,-30.22185514,-64.49705063,25.03844873,53.05548755,-62.88341232,-13.36573765,25.28477397
4/7/2025 2:58,-30.20437427,-64.40685956,25.02824446,53.07714594,-62.81965596,-13.37086068,25.27997311
4/7/2025 2:59,-30.1923428,-64.32244273,25.01798531,53.09893873,-62.76182308,-13.37605857,25.27499954
4/7/2025 3:00,-31.08041927,-65.53645172,25.00701296,53.13338921,-63.87025023,-13.40338127,25.23095155
4/7/2025 3:01,-31.07940451,-65.46379078,24.99664223,53.15545965,-63.82444188,-13.40873302,25.22562365
4/7/2025 3:02,-31.08395229,-65.3971065,24.98621487,53.17767321,-63.78472954,-13.41416371,25.22011428
4/7/2025 3:03,-31.09409551,-65.33646131,24.97573035,53.20003268,-63.75116558,-13.41967464,25.21442067
4/7/2025 3:04,-31.10986463,-65.28191509,24.96518817,53.22254078,-63.72379978,-13.42526707,25.20854014
4/7/2025 3:05,-31.13128762,-65.23352509,24.95458786,53.24520016,-63.7026793,-13.43094225,25.20247006
4/7/2025 3:06,-31.15838996,-65.19134592,24.94392898,53.2680134,-63.68784859,-13.43670136,25.19620793
4/7/2025 3:07,-31.19119464,-65.15542952,24.93321113,53.29098303,-63.67934944,-13.44254558,25.1897513
4/7/2025 3:08,-31.22972207,-65.12582515,24.92243391,53.31411148,-63.67722088,-13.44847604,25.18309782
4/7/2025 3:09,-31.27399011,-65.10257931,24.91159699,53.33740112,-63.68149921,-13.45449384,25.17624521
4/7/2025 3:10,-31.32401407,-65.08573575,24.90070003,53.36085426,-63.69221793,-13.46060003,25.16919131
4/7/2025 3:11,-31.37980662,-65.07533542,24.88974276,53.38447312,-63.70940775,-13.46679564,25.16193401
4/7/2025 3:12,-31.44137783,-65.07141647,24.87872491,53.40825984,-63.73309654,-13.47308166,25.15447133
4/7/2025 3:13,-31.50873515,-65.07401419,24.86764627,53.43221648,-63.7633093,-13.47945904,25.14680136
4/7/2025 3:14,-31.58188333,-65.08316099,24.85650664,53.45634505,-63.80006818,-13.4859287,25.13892228
4/7/2025 3:15,-31.66082451,-65.09888639,24.84530587,53.48064745,-63.84339241,-13.4924915,25.13083239
4/7/2025 3:16,-31.74555809,-65.12121701,24.83404382,53.5051255,-63.89329829,-13.49914828,25.12253005
4/7/2025 3:17,-31.8360808,-65.15017648,24.82272041,53.52978094,-63.94979917,-13.50589985,25.11401374
4/7/2025 3:18,-31.93238665,-65.1857855,24.81133559,53.55461543,-64.01290547,-13.51274694,25.10528205
4/7/2025 3:19,-32.03446692,-65.22806174,24.79988932,53.57963055,-64.08262457,-13.51969029,25.09633365
4/7/2025 3:20,-32.14231013,-65.2770199,24.78838162,53.60482777,-64.1589609,-13.52673055,25.08716731
4/7/2025 3:21,-32.25590208,-65.33267161,24.77681255,53.63020849,-64.24191582,-13.53386837,25.07778192
4/7/2025 3:22,-32.37522579,-65.39502546,24.76518218,53.65577402,-64.33148769,-13.54110434,25.06817645
4/7/2025 3:23,-32.50026151,-65.46408697,24.75349063,53.68152557,-64.42767178,-13.54843899,25.05835
4/7/2025 3:24,-32.63098668,-65.53985857,24.74173806,53.70746427,-64.53046033,-13.55587285,25.04830175
4/7/2025 3:25,-32.76737599,-65.62233957,24.72992466,53.73359113,-64.63984247,-13.56340636,25.03803101
4/7/2025 3:26,-32.90940129,-65.71152618,24.71805065,53.75990711,-64.75580423,-13.57103995,25.02753718
4/7/2025 3:27,-33.05703166,-65.80741144,24.70611631,53.78641303,-64.87832853,-13.578774,25.01681978
4/7/2025 3:28,-33.21023333,-65.90998526,24.69412194,53.81310964,-65.00739519,-13.58660882,25.00587844
4/7/2025 3:29,-33.36896974,-66.01923437,24.68206787,53.83999758,-65.14298087,-13.59454472,24.99471288
4/7/2025 3:30,-33.53320148,-66.13514234,24.66995448,53.86707741,-65.28505911,-13.60258191,24.98332295
4/7/2025 3:31,-33.70288633,-66.25768952,24.6577822,53.89434956,-65.43360027,-13.61072061,24.97170862
4/7/2025 3:32,-33.87797923,-66.38685308,24.64555147,53.92181438,-65.58857158,-13.61896096,24.95986994
4/7/2025 3:33,-34.0584323,-66.52260697,24.63326279,53.94947212,-65.74993708,-13.62730306,24.94780712
4/7/2025 3:34,-34.24419481,-66.66492192,24.62091669,53.97732291,-65.91765766,-13.63574697,24.93552044
4/7/2025 3:35,-34.4352132,-66.81376543,24.60851374,54.0053668,-66.09169101,-13.6442927,24.92301032
4/7/2025 3:36,-34.63143107,-66.96910176,24.59605455,54.03360372,-66.27199164,-13.65294021,24.9102773
4/7/2025 3:37,-34.8327892,-67.13089195,24.58353976,54.06203349,-66.45851088,-13.66168941,24.897322
4/7/2025 3:38,-35.03922552,-67.29909376,24.57097007,54.09065584,-66.65119688,-13.67054018,24.88414521
4/7/2025 3:39,-35.25067514,-67.47366172,24.55834621,54.11947039,-66.84999458,-13.67949234,24.8707478
4/7/2025 3:40,-35.46707036,-67.65454709,24.54566894,54.14847664,-67.05484573,-13.68854565,24.85713077
4/7/2025 3:41,-35.68834062,-67.8416979,24.53293907,54.17767399,-67.2656889,-13.69769985,24.84329524
4/7/2025 3:42,-35.91441258,-68.0350589,24.52015744,54.20706174,-67.48245947,-13.70695461,24.82924245
4/7/2025 3:43,-36.14521008,-68.23457157,24.50732495,54.23663905,-67.70508961,-13.71630955,24.81497375
4/7/2025 3:44,-36.38065414,-68.44017416,24.49444252,54.26640501,-67.93350833,-13.72576427,24.80049061
4/7/2025 3:45,-36.620663,-68.65180164,24.48151112,54.29635858,-68.16764144,-13.73531829,24.78579465
4/7/2025 3:46,-36.86515212,-68.86938575,24.46853175,54.32649859,-68.40741159,-13.74497109,24.77088757
4/7/2025 3:47,-37.11403416,-69.09285494,24.45550547,54.3568238,-68.65273823,-13.75472211,24.75577122
4/7/2025 3:48,-37.36721903,-69.32213445,24.44243337,54.38733281,-68.90353769,-13.76457073,24.74044755
4/7/2025 3:49,-37.62461388,-69.55714625,24.42931657,54.41802415,-69.15972309,-13.7745163,24.72491866
4/7/2025 3:50,-37.88612311,-69.79780911,24.41615624,54.4488962,-69.42120444,-13.7845581,24.70918673
4/7/2025 3:51,-38.15164838,-70.04403852,24.4029536,54.47994725,-69.6878886,-13.79469536,24.69325411
4/7/2025 3:52,-38.42108866,-70.2957468,24.3897099,54.51117547,-69.95967929,-13.80492729,24.67712324
4/7/2025 3:53,-38.69434019,-70.55284302,24.37642642,54.54257891,-70.23647713,-13.81525301,24.6607967
4/7/2025 3:54,-38.97129652,-70.81523308,24.3631045,54.57415551,-70.51817961,-13.82567163,24.64427716
4/7/2025 3:55,-39.25184854,-71.08281966,24.34974551,54.60590309,-70.80468115,-13.83618219,24.62756746
4/7/2025 3:56,-39.53588447,-71.35550228,24.33635086,54.63781937,-71.09587308,-13.84678368,24.61067053
4/7/2025 3:57,-39.8232899,-71.63317728,24.32292202,54.66990192,-71.39164368,-13.85747505,24.59358944
4/7/2025 3:58,-40.11394779,-71.91573787,24.30946046,54.70214823,-71.69187814,-13.86825519,24.57632736
4/7/2025 3:59,-40.4077385,-72.2030741,24.29596772,54.73455566,-71.99645868,-13.87912297,24.5588876
4/7/2025 4:00,-41.59915827,-73.78765452,24.28178769,54.77964177,-73.46554097,-13.91212572,24.50237488
4/7/2025 4:01,-41.8988454,-74.08419973,24.26823736,54.81236304,-73.77844816,-13.9231651,24.48459017
4/7/2025 4:02,-42.20129102,-74.38517209,24.2546607,54.8452368,-74.09532997,-13.93428837,24.46663844
4/7/2025 4:03,-42.50636528,-74.69044927,24.2410594,54.87825995,-74.41605664,-13.94549418,24.44852347
4/7/2025 4:04,-42.81393585,-74.99990589,24.22743519,54.91142926,-74.74049549,-13.95678114,24.43024918
4/7/2025 4:05,-43.12386791,-75.31341355,24.21378984,54.94474139,-75.06851091,-13.96814781,24.41181961
4/7/2025 4:06,-43.4360242,-75.63084081,24.20012516,54.97819289,-75.3999644,-13.97959272,24.39323891
4/7/2025 4:07,-43.75026503,-75.95205328,24.186443,55.01178018,-75.73471461,-13.99111432,24.37451136
4/7/2025 4:08,-44.06644831,-76.27691359,24.17274526,55.04549958,-76.07261734,-14.00271103,24.35564135
4/7/2025 4:09,-44.3844296,-76.60528142,24.15903386,55.07934727,-76.41352557,-14.01438124,24.3366334
4/7/2025 4:10,-44.7040621,-76.93701354,24.14531077,55.11331933,-76.75728948,-14.02612327,24.31749214
4/7/2025 4:11,-45.02519668,-77.27196385,24.13157799,55.14741174,-77.10375651,-14.0379354,24.29822233
4/7/2025 4:12,-45.34768196,-77.60998334,24.11783756,55.18162033,-77.45277135,-14.04981587,24.27882883
4/7/2025 4:13,-45.67136428,-77.95092022,24.10409157,55.21594083,-77.80417599,-14.06176288,24.25931664
4/7/2025 4:14,-45.99608774,-78.29461984,24.09034213,55.25036888,-78.15780973,-14.07377456,24.23969085
4/7/2025 4:15,-46.32169426,-78.6409248,24.07659139,55.28489996,-78.51350923,-14.08584902,24.21995668
4/7/2025 4:16,-46.6480236,-78.98967495,24.06284155,55.31952948,-78.87110856,-14.09798432,24.20011947
4/7/2025 4:17,-46.97491338,-79.3407074,24.04909484,55.35425269,-79.23043916,-14.11017847,24.18018466
4/7/2025 4:18,-47.30219912,-79.69385659,24.03535352,55.38906478,-79.59132995,-14.12242945,24.16015782
4/7/2025 4:19,-47.62971426,-80.0489543,24.02161988,55.42396078,-79.95360733,-14.13473518,24.14004462
4/7/2025 4:20,-47.95729023,-80.40582969,24.00789627,55.45893564,-80.31709522,-14.14709355,24.11985084
4/7/2025 4:21,-48.28475645,-80.76430932,23.99418506,55.49398419,-80.68161508,-14.1595024,24.09958239
4/7/2025 4:22,-48.61194037,-81.12421722,23.98048864,55.52910113,-81.04698595,-14.17195953,24.07924526
4/7/2025 4:23,-48.93866753,-81.48537488,23.96680947,55.56428108,-81.41302454,-14.18446272,24.05884559
4/7/2025 4:24,-49.26476157,-81.84760131,23.95315001,55.59951854,-81.77954517,-14.19700967,24.03838958
4/7/2025 4:25,-49.59004427,-82.21071309,23.93951277,55.63480789,-82.14635989,-14.20959806,24.01788357
4/7/2025 4:26,-49.91433562,-82.57452438,23.9259003,55.67014341,-82.51327847,-14.22222555,23.99733399
4/7/2025 4:27,-50.23745381,-82.93884697,23.91231516,55.70551928,-82.88010849,-14.23488973,23.97674739
4/7/2025 4:28,-50.55921529,-83.30349033,23.89875996,55.74092956,-83.24665532,-14.24758817,23.95613042
4/7/2025 4:29,-50.87943484,-83.66826164,23.88523735,55.77636822,-83.61272219,-14.26031839,23.93548981
4/7/2025 4:30,-51.19792554,-84.03296583,23.87174998,55.81182911,-83.97811025,-14.27307788,23.91483243
4/7/2025 4:31,-51.51449888,-84.39740561,23.85830056,55.84730598,-84.34261857,-14.2858641,23.89416521
4/7/2025 4:32,-51.82896478,-84.76138155,23.84489182,55.8827925,-84.70604423,-14.29867446,23.8734952
4/7/2025 4:33,-52.14113161,-85.12469208,23.83152652,55.9182822,-85.06818233,-14.31150635,23.85282956
4/7/2025 4:34,-52.45080624,-85.48713355,23.81820746,55.95376854,-85.42882604,-14.32435711,23.83217552
4/7/2025 4:35,-52.7577941,-85.84850029,23.80493744,55.98924486,-85.78776664,-14.33722405,23.81154042
4/7/2025 4:36,-53.06189923,-86.20858463,23.79171931,56.02470442,-86.1447936,-14.35010445,23.79093169
4/7/2025 4:37,-53.36292427,-86.56717697,23.77855596,56.06014037,-86.49969457,-14.36299556,23.77035685
4/7/2025 4:38,-53.66067057,-86.92406578,23.76545028,56.09554576,-86.85225549,-14.3758946,23.74982352
4/7/2025 4:39,-53.95493819,-87.27903772,23.75240521,56.13091356,-87.20226056,-14.38879875,23.72933939
4/7/2025 4:40,-54.24552596,-87.63187762,23.7394237,56.16623664,-87.54949238,-14.40170517,23.70891225
4/7/2025 4:41,-54.53223155,-87.98236856,23.72650873,56.20150777,-87.8937319,-14.41461096,23.68854999
4/7/2025 4:42,-54.81485145,-88.3302919,23.7136633,56.23671964,-88.23475857,-14.42751324,23.66826056
4/7/2025 4:43,-55.09318109,-88.67542738,23.70089045,56.27186484,-88.57235029,-14.44040906,23.64805201
4/7/2025 4:44,-55.36701484,-89.01755309,23.68819324,56.30693588,-88.90628353,-14.45329547,23.62793245
4/7/2025 4:45,-55.63614607,-89.35644557,23.67557474,56.34192517,-89.23633336,-14.46616948,23.6079101
4/7/2025 4:46,-55.90036721,-89.69187987,23.66303805,56.37682506,-89.56227349,-14.47902807,23.58799324
4/7/2025 4:47,-56.15946976,-90.02362958,23.65058629,56.41162778,-89.88387633,-14.4918682,23.56819022
4/7/2025 4:48,-56.4132444,-90.35146686,23.63822261,56.44632551,-90.20091305,-14.50468682,23.54850948
4/7/2025 4:49,-56.66148098,-90.67516254,23.62595018,56.48091033,-90.5131536,-14.51748082,23.52895952
4/7/2025 4:50,-56.90396858,-90.99448614,23.61377217,56.51537424,-90.82036681,-14.53024712,23.50954893
4/7/2025 4:51,-57.14049559,-91.30920594,23.60169179,56.54970917,-91.12232042,-14.54298256,23.49028634
4/7/2025 4:52,-57.37084974,-91.61908902,23.58971226,56.58390696,-91.4187811,-14.555684,23.47118048
4/7/2025 4:53,-57.59481813,-91.92390133,23.57783683,56.6179594,-91.70951457,-14.56834827,23.45224012
4/7/2025 4:54,-57.81218731,-92.22340771,23.56606876,56.65185818,-91.99428561,-14.58097218,23.4334741
4/7/2025 4:55,-58.02274332,-92.51737199,23.55441131,56.68559493,-92.27285811,-14.59355251,23.41489134
4/7/2025 4:56,-58.22627174,-92.80555703,23.54286777,56.71916121,-92.54499515,-14.60608603,23.39650079
4/7/2025 4:57,-58.42255773,-93.08772474,23.53144146,56.7525485,-92.81045904,-14.61856951,23.37831148
4/7/2025 4:58,-58.61138609,-93.36363621,23.52013569,56.78574824,-93.0690114,-14.63099969,23.36033248
4/7/2025 4:59,-58.79254132,-93.63305167,23.5089538,56.81875177,-93.32041315,-14.64337328,23.34257293
4/7/2025 5:00,-59.8604261,-95.18831224,23.49724143,56.86407072,-94.72470118,-14.67773556,23.2861433
4/7/2025 5:01,-60.02558756,-95.44401353,23.48631734,56.89665567,-94.96108225,-14.68998611,23.26885026
4/7/2025 5:02,-60.18242802,-95.6924953,23.4755272,56.92901812,-95.18959219,-14.70217017,23.25180437
4/7/2025 5:03,-60.33073125,-95.93351514,23.4648744,56.96114919,-95.4099899,-14.71428443,23.23501496
4/7/2025 5:04,-60.47028097,-96.16683013,23.45436232,56.99303993,-95.6220339,-14.72632554,23.2184914
4/7/2025 5:05,-60.60086088,-96.39219687,23.44399436,57.02468134,-95.82548238,-14.73829016,23.20224311
4/7/2025 5:06,-60.72225476,-96.60937156,23.43377394,57.05606439,-96.02009329,-14.75017495,23.18627953
4/7/2025 5:07,-60.83424647,-96.81811003,23.42370446,57.08717998,-96.20562437,-14.76197653,23.17061017
4/7/2025 5:08,-60.93662002,-97.01816786,23.41378935,57.11801896,-96.38183323,-14.77369155,23.15524454
4/7/2025 5:09,-61.02915965,-97.20930036,23.40403205,57.14857214,-96.54847737,-14.78531664,23.1401922
4/7/2025 5:10,-61.11164985,-97.39126269,23.39443598,57.17883028,-96.70531429,-14.79684841,23.12546275
4/7/2025 5:11,-61.18387541,-97.5638099,23.38500458,57.20878411,-96.85210151,-14.8082835,23.1110658
4/7/2025 5:12,-61.24562149,-97.72669696,23.37574129,57.23842431,-96.98859664,-14.81961852,23.09701099
4/7/2025 5:13,-61.29667366,-97.87967887,23.36664957,57.26774153,-97.11455744,-14.83085009,23.083308
4/7/2025 5:14,-61.33681798,-98.02251069,23.35773285,57.29672637,-97.22974186,-14.84197482,23.06996652
4/7/2025 5:15,-61.36584099,-98.1549476,23.34899458,57.32536941,-97.33390814,-14.85298934,23.05699625
4/7/2025 5:16,-61.38352984,-98.27674495,23.34043822,57.35366119,-97.42681483,-14.86389027,23.04440693
4/7/2025 5:17,-61.38967228,-98.38765837,23.33206721,57.38159222,-97.50822085,-14.87467422,23.03220829
4/7/2025 5:18,-61.38405674,-98.48744376,23.323885,57.409153,-97.57788559,-14.88533783,23.02041009
4/7/2025 5:19,-61.36647237,-98.57585738,23.31589503,57.43633397,-97.63556891,-14.89587773,23.00902211
4/7/2025 5:20,-61.33670912,-98.65265595,23.30810074,57.46312558,-97.68103124,-14.90629054,22.9980541
4/7/2025 5:21,-61.29455775,-98.71759663,23.30050557,57.48951824,-97.71403362,-14.91657293,22.98751586
4/7/2025 5:22,-61.23980991,-98.77043714,23.29311296,57.51550236,-97.73433776,-14.92672153,22.97741716
4/7/2025 5:23,-61.17225819,-98.8109358,23.28592632,57.54106831,-97.74170612,-14.93673301,22.9677678
4/7/2025 5:24,-61.09169614,-98.8388516,23.27894909,57.56620645,-97.73590193,-14.94660404,22.95857755
4/7/2025 5:25,-60.99791837,-98.85394423,23.27218468,57.59090715,-97.71668927,-14.9563313,22.94985619
4/7/2025 5:26,-60.89072057,-98.85597417,23.26563648,57.61516074,-97.68383314,-14.96591148,22.94161351
4/7/2025 5:27,-60.76989955,-98.84470275,23.25930791,57.63895757,-97.63709949,-14.97534128,22.93385926
4/7/2025 5:28,-60.63525335,-98.81989219,23.25320233,57.66228797,-97.57625529,-14.98461743,22.92660321
4/7/2025 5:29,-60.48658119,-98.78130565,23.24732314,57.68514225,-97.5010686,-14.99373666,22.91985509
4/7/2025 5:30,-60.32368362,-98.72870733,23.2416737,57.70751077,-97.41130861,-15.00269571,22.91362463
4/7/2025 5:31,-60.14636252,-98.66186249,23.23625735,57.72938383,-97.3067457,-15.01149137,22.90792154
4/7/2025 5:32,-59.95442114,-98.58053754,23.23107745,57.75075178,-97.18715152,-15.0201204,22.90275552
4/7/2025 5:33,-59.74766417,-98.48450007,23.2261373,57.77160496,-97.05229899,-15.02857961,22.89813622
4/7/2025 5:34,-59.52589781,-98.37351891,23.22144023,57.79193371,-96.90196242,-15.03686584,22.8940733
4/7/2025 5:35,-59.28892977,-98.24736422,23.21698953,57.8117284,-96.73591754,-15.04497591,22.89057636
4/7/2025 5:36,-59.03656934,-98.1058075,23.21278848,57.83097938,-96.55394155,-15.0529067,22.88765499
4/7/2025 5:37,-58.76862744,-97.94862171,23.20884033,57.84967706,-96.35581317,-15.0606551,22.88531875
4/7/2025 5:38,-58.48491669,-97.77558125,23.20514833,57.86781184,-96.14131272,-15.06821801,22.88357715
4/7/2025 5:39,-58.18525141,-97.58646207,23.2017157,57.88537415,-95.91022217,-15.07559238,22.88243968
4/7/2025 5:40,-57.8694477,-97.38104174,23.19854565,57.90235442,-95.66232516,-15.08277518,22.88191578
4/7/2025 5:41,-57.53732347,-97.15909943,23.19564135,57.91874315,-95.3974071,-15.08976338,22.88201485
4/7/2025 5:42,-57.18869852,-96.92041606,23.19300598,57.93453081,-95.1152552,-15.09655401,22.88274625
4/7/2025 5:43,-56.82339453,-96.66477428,23.19064266,57.94970796,-94.81565852,-15.10314411,22.88411929
4/7/2025 5:44,-56.44123516,-96.39195858,23.18855451,57.96426514,-94.49840805,-15.10953077,22.88614323
4/7/2025 5:45,-56.04204604,-96.1017553,23.18674463,57.97819295,-94.16329672,-15.11571109,22.8888273
4/7/2025 5:46,-55.62565487,-95.79395272,23.18521607,57.99148203,-93.8101195,-15.1216822,22.89218063
4/7/2025 5:47,-55.19189144,-95.4683411,23.18397188,58.00412305,-93.43867342,-15.12744129,22.89621235
4/7/2025 5:48,-54.74058766,-95.12471272,23.18301506,58.01610672,-93.04875762,-15.13298555,22.90093149
4/7/2025 5:49,-54.27157761,-94.76286195,23.18234862,58.0274238,-92.64017342,-15.13831222,22.90634704
4/7/2025 5:50,-53.78469762,-94.3825853,23.18197549,58.03806509,-92.21272436,-15.14341858,22.91246792
4/7/2025 5:51,-53.27978623,-93.98368148,23.18189862,58.04802144,-91.76621625,-15.14830195,22.91930299
4/7/2025 5:52,-52.75668434,-93.56595143,23.18212089,58.05728376,-91.30045724,-15.15295966,22.92686104
4/7/2025 5:53,-52.21523514,-93.12919838,23.18264518,58.06584299,-90.81525783,-15.1573891,22.93515079
4/7/2025 5:54,-51.65528423,-92.67322792,23.18347433,58.07369015,-90.31043093,-15.16158771,22.9441809
4/7/2025 5:55,-51.07667965,-92.19784802,23.18461112,58.08081631,-89.78579194,-15.16555295,22.95395993
4/7/2025 5:56,-50.47927186,-91.7028691,23.18605835,58.08721259,-89.24115878,-15.16928231,22.96449639
4/7/2025 5:57,-49.86291386,-91.18810408,23.18781874,58.09287019,-88.6763519,-15.17277335,22.97579869
4/7/2025 5:58,-49.22746117,-90.65336841,23.18989499,58.09778035,-88.09119439,-15.17602367,22.98787519
4/7/2025 5:59,-48.5727719,-90.09848013,23.19228977,58.1019344,-87.48551198,-15.17903088,23.00073412
4/7/2025 6:00,-48.79332521,-90.81584153,23.19434801,58.11784406,-88.01940962,-15.20384124,22.97548496
4/7/2025 6:01,-48.09974758,-90.22011276,23.19738771,58.12046012,-87.37216544,-15.20635534,22.98993322
4/7/2025 6:02,-47.38652353,-89.60370153,23.20075372,58.12229447,-86.70388994,-15.20861951,23.00518818
4/7/2025 6:03,-46.65352183,-88.9664367,23.20444856,58.12333869,-86.0144199,-15.21063156,23.02125775
4/7/2025 6:04,-45.90061403,-88.30814996,23.2084747,58.12358449,-85.30359499,-15.21238937,23.03814973
4/7/2025 6:05,-45.12767446,-87.62867588,23.21283458,58.12302364,-84.57125781,-15.21389083,23.05587184
4/7/2025 6:06,-44.33458029,-86.92785191,23.21753061,58.12164797,-83.81725389,-15.21513391,23.0744317
4/7/2025 6:07,-43.52121152,-86.20551847,23.22256513,58.11944943,-83.04143177,-15.21611661,23.09383683
4/7/2025 6:08,-42.68745108,-85.46151896,23.22794047,58.11642005,-82.24364304,-15.216837,23.11409464
4/7/2025 6:09,-41.83318479,-84.69569984,23.23365889,58.11255193,-81.42374236,-15.21729318,23.13521245
4/7/2025 6:10,-40.95830144,-83.90791061,23.23972262,58.10783727,-80.58158749,-15.21748333,23.15719746
4/7/2025 6:11,-40.06269281,-83.09800392,23.24613385,58.10226837,-79.71703938,-15.21740564,23.18005677
4/7/2025 6:12,-39.14625366,-82.26583555,23.25289471,58.09583762,-78.82996214,-15.2170584,23.20379738
4/7/2025 6:13,-38.20888183,-81.4112645,23.2600073,58.0885375,-77.92022313,-15.21643992,23.22842615
4/7/2025 6:14,-37.25047822,-80.53415297,23.26747367,58.08036061,-76.98769295,-15.21554857,23.25394985
4/7/2025 6:15,-36.2709468,-79.63436646,23.27529581,58.07129964,-76.03224552,-15.2143828,23.28037514
4/7/2025 6:16,-35.2701947,-78.71177377,23.28347569,58.06134737,-75.05375809,-15.21294109,23.30770854
4/7/2025 6:17,-34.24813217,-77.76624701,23.29201521,58.0504967,-74.05211127,-15.21122198,23.33595646
4/7/2025 6:18,-33.20467266,-76.79766171,23.30091622,58.03874064,-73.02718908,-15.20922407,23.36512519
4/7/2025 6:19,-32.13973282,-75.80589679,23.31018054,58.02607229,-71.97887896,-15.20694602,23.39522091
4/7/2025 6:20,-31.05323248,-74.7908346,23.31980991,58.0124849,-70.90707182,-15.20438656,23.42624965
4/7/2025 6:21,-29.94509477,-73.75236101,23.32980606,57.99797178,-69.81166206,-15.20154445,23.45821734
4/7/2025 6:22,-28.81524606,-72.69036535,23.34017064,57.98252641,-68.6925476,-15.19841853,23.49112977
4/7/2025 6:23,-27.66361601,-71.60474051,23.35090525,57.96614234,-67.54962992,-15.1950077,23.52499258
4/7/2025 6:24,-26.4901376,-70.49538296,23.36201145,57.94881327,-66.38281407,-15.19131091,23.55981132
4/7/2025 6:25,-25.29474713,-69.36219276,23.37349073,57.930533,-65.19200872,-15.18732718,23.59559138
4/7/2025 6:26,-24.07738425,-68.20507356,23.38534455,57.91129548,-63.97712615,-15.18305559,23.63233802
4/7/2025 6:27,-22.83799199,-67.02393274,23.39757431,57.89109475,-62.73808232,-15.17849528,23.67005636
4/7/2025 6:28,-21.57651674,-65.81868129,23.41018134,57.86992499,-61.47479685,-15.17364544,23.7087514
4/7/2025 6:29,-20.29290833,-64.58923396,23.42316693,57.84778053,-60.1871931,-15.16850535,23.74842798
4/7/2025 6:30,-18.98711996,-63.33550919,23.43653231,57.82465579,-58.87519813,-15.16307434,23.78909081
4/7/2025 6:31,-17.65910831,-62.05742918,23.45027865,57.80054534,-57.53874274,-15.15735179,23.83074446
4/7/2025 6:32,-16.30883347,-60.75491995,23.46440708,57.7754439,-56.17776155,-15.15133716,23.87339335
4/7/2025 6:33,-14.93625901,-59.42791129,23.47891866,57.74934629,-54.79219293,-15.14502998,23.91704176
4/7/2025 6:34,-13.54135197,-58.07633679,23.4938144,57.72224749,-53.38197907,-15.13842982,23.96169382
4/7/2025 6:35,-12.12408289,-56.70013393,23.50909524,57.69414261,-51.947066,-15.13153634,24.00735352
4/7/2025 6:36,-10.68442576,-55.29924402,23.52476208,57.66502689,-50.4874036,-15.12434926,24.05402469
4/7/2025 6:37,-9.222358138,-53.87361228,23.54081575,57.63489573,-49.0029456,-15.11686834,24.10171103
4/7/2025 6:38,-7.737861055,-52.4231878,23.55725702,57.60374466,-47.49364962,-15.10909345,24.15041606
4/7/2025 6:39,-6.230919081,-50.94792359,23.57408663,57.57156935,-45.95947717,-15.1010245,24.20014318
4/7/2025 6:40,-4.70152033,-49.44777661,23.59130521,57.53836562,-44.40039367,-15.09266146,24.2508956
4/7/2025 6:41,-3.149656444,-47.92270776,23.60891337,57.50412943,-42.81636848,-15.08400438,24.30267641
4/7/2025 6:42,-1.575322593,-46.37268188,23.62691165,57.4688569,-41.20737484,-15.07505337,24.35548853
4/7/2025 6:43,0.021482447,-44.79766783,23.64530053,57.43254429,-39.57339001,-15.06580862,24.40933471
4/7/2025 6:44,1.640756409,-43.19763839,23.66408043,57.395188,-37.91439515,-15.05627037,24.46421758
4/7/2025 6:45,3.282493402,-41.57257042,23.6832517,57.3567846,-36.23037543,-15.04643894,24.52013956
4/7/2025 6:46,4.946684026,-39.92244472,23.70281464,57.3173308,-34.52131994,-15.03631471,24.57710296
4/7/2025 6:47,6.633315289,-38.24724613,23.72276948,57.27682346,-32.78722178,-15.02589813,24.6351099
4/7/2025 6:48,8.34237063,-36.54696353,23.74311641,57.23525962,-31.02807807,-15.01518971,24.69416235
4/7/2025 6:49,10.07382993,-34.82158981,23.76385553,57.19263644,-29.24388985,-15.00419006,24.7542621
4/7/2025 6:50,11.8276695,-33.07112192,23.7849869,57.14895126,-27.43466224,-14.99289981,24.81541081
4/7/2025 6:51,13.60386208,-31.29556085,23.8065105,57.10420156,-25.60040431,-14.98131969,24.87760995
4/7/2025 6:52,15.40237686,-29.49491164,23.82842626,57.05838501,-23.74112915,-14.96945049,24.94086084
4/7/2025 6:53,17.22317944,-27.66918338,23.85073405,57.0114994,-21.85685385,-14.95729307,25.00516462
4/7/2025 6:54,19.0662319,-25.81838922,23.87343367,56.96354272,-19.94759954,-14.94484835,25.07052228
4/7/2025 6:55,20.93149275,-23.94254637,23.89652486,56.91451307,-18.01339131,-14.93211733,25.13693463
4/7/2025 6:56,22.81891694,-22.04167611,23.9200073,56.86440877,-16.05425831,-14.91910106,25.20440234
4/7/2025 6:57,24.72845589,-20.11580377,23.94388059,56.81322827,-14.07023366,-14.90580068,25.27292587
4/7/2025 6:58,26.66005748,-18.16495873,23.9681443,56.76097018,-12.06135451,-14.89221739,25.34250555
4/7/2025 6:59,28.61366607,-16.18917446,23.99279791,56.7076333,-10.027662,-14.87835245,25.41314153
4/7/2025 7:00,29.69460407,-15.48107004,24.01718315,56.66573689,-9.129477758,-14.88625574,25.44593506
4/7/2025 7:01,31.69204566,-13.45552384,24.04261478,56.61023942,-7.046297917,-14.87183156,25.5186834
4/7/2025 7:02,33.71130623,-11.40516306,24.0684344,56.55366049,-4.938452099,-14.85712992,25.59248746
4/7/2025 7:03,35.75231615,-9.330037313,24.09464124,56.49599955,-2.805997374,-14.84215236,25.66734673
4/7/2025 7:04,37.81500223,-7.230200326,24.12123449,56.43725623,-0.64899485,-14.82690049,25.7432605
4/7/2025 7:05,39.89928791,-5.105709755,24.14821324,56.3774303,1.53249049,-14.81137595,25.82022791
4/7/2025 7:06,42.00509309,-2.956627365,24.17557656,56.31652171,3.73838962,-14.7955805,25.89824791
4/7/2025 7:07,44.1323343,-0.783018859,24.20332341,56.25453058,5.968629647,-14.77951593,25.97731931
4/7/2025 7:08,46.28092462,1.415046031,24.23145273,56.19145721,8.223133715,-14.76318411,26.05744072
4/7/2025 7:09,48.45077371,3.637493574,24.25996337,56.12730205,10.50182104,-14.74658695,26.1386106
4/7/2025 7:10,50.64178784,5.884246083,24.28885413,56.06206573,12.80460696,-14.72972647,26.22082723
4/7/2025 7:11,52.85386995,8.155221902,24.31812375,55.99574905,15.13140289,-14.71260472,26.30408872
4/7/2025 7:12,55.08691955,10.45033542,24.34777088,55.92835298,17.4821164,-14.69522382,26.38839301
4/7/2025 7:13,57.34083286,12.76949709,24.37779415,55.85987865,19.85665119,-14.67758596,26.47373787
4/7/2025 7:14,59.61550277,15.11261346,24.4081921,55.79032738,22.25490709,-14.65969341,26.56012091
4/7/2025 7:15,61.91081887,17.47958716,24.43896321,55.71970065,24.67678014,-14.64154846,26.64753956
4/7/2025 7:16,64.22666747,19.87031695,24.47010591,55.64800011,27.12216257,-14.62315351,26.73599108
4/7/2025 7:17,66.56293161,22.2846977,24.50161855,55.57522757,29.59094279,-14.60451099,26.82547256
4/7/2025 7:18,68.91949111,24.72262045,24.53349944,55.50138503,32.08300547,-14.5856234,26.91598093
4/7/2025 7:19,71.29622259,27.18397244,24.56574682,55.42647465,34.59823155,-14.56649331,27.00751295
4/7/2025 7:20,73.69299942,29.66863701,24.59835885,55.35049877,37.13649816,-14.54712335,27.1000652
4/7/2025 7:21,76.1096919,32.17649384,24.63133367,55.27345988,39.69767885,-14.5275162,27.1936341
4/7/2025 7:22,78.54616707,34.70741872,24.66466932,55.19536066,42.28164338,-14.50767461,27.28821591
4/7/2025 7:23,81.00228897,37.26128381,24.69836381,55.11620395,44.88825792,-14.48760138,27.38380671
4/7/2025 7:24,83.47791849,39.8379575,24.73241506,55.03599277,47.51738499,-14.46729938,27.48040242
4/7/2025 7:25,85.97291346,42.43730447,24.76682096,54.95473029,50.16888349,-14.44677153,27.5779988
4/7/2025 7:26,88.48712868,45.05918579,24.80157932,54.87241986,52.84260877,-14.42602081,27.67659144
4/7/2025 7:27,91.02041596,47.70345886,24.83668791,54.789065,55.53841261,-14.40505026,27.77617576
4/7/2025 7:28,93.5726241,50.36997745,24.87214442,54.7046694,58.25614326,-14.38386297,27.87674703
4/7/2025 7:29,96.14359898,53.0585918,24.9079465,54.6192369,60.99564549,-14.36246208,27.97830033
4/7/2025 7:30,98.73318354,55.76914853,24.94409173,54.53277154,63.7567606,-14.34085081,28.08083062
4/7/2025 7:31,101.3412179,58.50149081,24.98057763,54.44527749,66.53932645,-14.31903242,28.18433266
4/7/2025 7:32,103.9675391,61.25545825,25.01740169,54.35675911,69.34317751,-14.29701021,28.28880107
4/7/2025 7:33,106.6119817,64.03088704,25.05456132,54.26722091,72.16814485,-14.27478755,28.3942303
4/7/2025 7:34,109.2743772,66.82760992,25.09205386,54.17666758,75.01405624,-14.25236785,28.50061466
4/7/2025 7:35,111.9545544,69.64545622,25.12987664,54.08510396,77.8807361,-14.2297546,28.60794827
4/7/2025 7:36,114.6523395,72.48425194,25.16802689,53.99253506,80.76800559,-14.2069513,28.71622513
4/7/2025 7:37,117.3675558,75.34381975,25.20650181,53.89896605,83.67568268,-14.18396152,28.82543906
4/7/2025 7:38,120.1000241,78.22397896,25.24529854,53.80440226,86.60358203,-14.16078889,28.93558372
4/7/2025 7:39,122.8495625,81.12454569,25.28441416,53.70884918,89.55151524,-14.13743708,29.04665265
4/7/2025 7:40,125.6159866,84.04533284,25.32384571,53.61231246,92.51929074,-14.11390979,29.15863921
4/7/2025 7:41,128.3991092,86.98615004,25.36359017,53.51479792,95.50671381,-14.09021078,29.2715366
4/7/2025 7:42,131.198741,89.94680387,25.40364447,53.41631151,98.51358678,-14.06634388,29.3853379
4/7/2025 7:43,134.0146898,92.9270977,25.44400549,53.31685937,101.5397088,-14.04231292,29.50003602
4/7/2025 7:44,136.8467613,95.92683193,25.48467005,53.21644777,104.5848763,-14.0181218,29.61562373
4/7/2025 7:45,139.6947585,98.94580387,25.52563493,53.11508315,107.6488825,-13.99377447,29.73209365
4/7/2025 7:46,142.5584824,101.9838078,25.56689686,53.01277208,110.7315179,-13.9692749,29.84943826
4/7/2025 7:47,145.4377312,105.0406352,25.60845252,52.90952132,113.8325699,-13.94462712,29.96764989
4/7/2025 7:48,148.3323012,108.1160744,25.65029854,52.80533774,116.9518235,-13.91983519,30.08672074
4/7/2025 7:49,151.2419863,111.209911,25.69243149,52.70022839,120.0890605,-13.89490322,30.20664286
4/7/2025 7:50,154.1665783,114.3219278,25.73484793,52.59420045,123.2440602,-13.86983534,30.32740815
4/7/2025 7:51,157.1058667,117.4519048,25.77754433,52.48726126,126.4165991,-13.84463574,30.4490084
4/7/2025 7:52,160.0596389,120.5996192,25.82051714,52.37941829,129.6064511,-13.81930863,30.57143523
4/7/2025 7:53,163.0276802,123.7648456,25.86376276,52.27067916,132.8133876,-13.79385826,30.69468017
4/7/2025 7:54,166.009774,126.9473558,25.90727755,52.16105165,136.0371772,-13.76828892,30.81873456
4/7/2025 7:55,169.0057016,130.1469191,25.95105781,52.05054366,139.2775862,-13.74260494,30.94358966
4/7/2025 7:56,172.0152423,133.3633022,25.99509982,51.93916323,142.5343783,-13.71681065,31.06923657
4/7/2025 7:57,175.0381735,136.5962694,26.0393998,51.82691855,145.8073149,-13.69091045,31.19566628
4/7/2025 7:58,178.0742709,139.8455823,26.08395394,51.71381794,149.0961548,-13.66490876,31.32286963
4/7/2025 7:59,181.1233081,143.1110002,26.12875839,51.59986985,152.4006546,-13.63881,31.45083737
4/7/2025 8:00,183.2904387,145.0996985,26.17315155,51.4976032,154.5602922,-13.63466723,31.54066137
4/7/2025 8:01,186.3646697,148.396595,26.21844488,51.38198607,157.8953727,-13.60838781,31.67012956
4/7/2025 8:02,189.4511513,151.7088604,26.26397671,51.26554761,161.2453695,-13.58202484,31.80033358
4/7/2025 8:03,192.5496502,155.0362447,26.30974304,51.14829682,164.6100302,-13.55558286,31.9312637
4/7/2025 8:04,195.6599318,158.378496,26.35573982,51.0302428,167.9891006,-13.52906645,32.06291004
4/7/2025 8:05,198.7817596,161.7353598,26.40196297,50.91139478,171.3823241,-13.50248022,32.19526262
4/7/2025 8:06,201.914896,165.1065801,26.44840837,50.7917621,174.7894426,-13.47582877,32.32831134
4/7/2025 8:07,205.0591016,168.4918983,26.49507187,50.67135426,178.2101955,-13.44911676,32.46204602
4/7/2025 8:08,208.2141356,171.8910541,26.54194929,50.55018082,181.6443206,-13.42234883,32.59645633
4/7/2025 8:09,211.379756,175.3037854,26.58903641,50.42825152,185.0915539,-13.39552969,32.73153186
4/7/2025 8:10,214.5557193,178.7298278,26.63632899,50.30557617,188.5516294,-13.36866401,32.86726209
4/7/2025 8:11,217.7417808,182.1689156,26.68382274,50.18216471,192.0242795,-13.34175651,33.0036364
4/7/2025 8:12,220.9376946,185.6207808,26.73151336,50.05802719,195.5092349,-13.31481193,33.14064407
4/7/2025 8:13,224.1432133,189.085154,26.77939651,49.93317377,199.0062245,-13.287835,33.27827428
4/7/2025 8:14,227.3580887,192.5617641,26.82746783,49.80761471,202.5149759,-13.26083048,33.41651611
4/7/2025 8:15,230.5820714,196.0503382,26.87572291,49.68136039,206.0352148,-13.23380313,33.55535856
4/7/2025 8:16,233.814911,199.5506019,26.92415736,49.55442128,209.5666656,-13.20675774,33.69479051
4/7/2025 8:17,237.0563558,203.0622795,26.97276671,49.42680796,213.1090513,-13.17969909,33.8348008
4/7/2025 8:18,240.3061534,206.5850935,27.0215465,49.2985311,216.6620934,-13.15263198,33.97537812
4/7/2025 8:19,243.5640506,210.1187653,27.07049225,49.16960147,220.2255121,-13.1255612,34.11651114
4/7/2025 8:20,246.8297929,213.6630145,27.11959943,49.04002994,223.7990264,-13.09849157,34.25818839
4/7/2025 8:21,250.1031253,217.2175599,27.16886351,48.90982747,227.3823539,-13.0714279,34.40039835
4/7/2025 8:22,253.383792,220.7821188,27.21827993,48.7790051,230.9752111,-13.044375,34.54312943
4/7/2025 8:23,256.6715364,224.3564072,27.26784412,48.64757396,234.5773134,-13.01733769,34.68636993
4/7/2025 8:24,259.9661013,227.9401401,27.31755147,48.51554529,238.1883752,-12.99032079,34.83010811
4/7/2025 8:25,263.2672287,231.5330314,27.36739739,48.38293038,241.8081096,-12.96332913,34.97433214
4/7/2025 8:26,266.5746601,235.1347939,27.41737723,48.24974062,245.436229,-12.93636751,35.11903012
4/7/2025 8:27,269.8881365,238.7451394,27.46748634,48.11598748,249.0724449,-12.90944075,35.2641901
4/7/2025 8:28,273.2073984,242.363779,27.51772008,47.98168248,252.7164676,-12.88255367,35.40980003
4/7/2025 8:29,276.5321858,245.9904225,27.56807376,47.84683726,256.3680069,-12.85571107,35.55584784
4/7/2025 8:30,279.8622383,249.6247793,27.61854269,47.71146349,260.0267717,-12.82891775,35.70232138
4/7/2025 8:31,283.1972951,253.2665577,27.66912217,47.57557292,263.6924703,-12.80217851,35.84920843
4/7/2025 8:32,286.5370953,256.9154654,27.71980749,47.43917739,267.3648103,-12.77549813,35.99649674
4/7/2025 8:33,289.8813774,260.5712096,27.77059394,47.30228877,271.0434987,-12.74888138,36.14417399
4/7/2025 8:34,293.2298799,264.2334966,27.82147676,47.16491901,274.7282417,-12.72233303,36.2922278
4/7/2025 8:35,296.5823412,267.9020324,27.87245124,47.02708012,278.4187455,-12.69585783,36.44064577
4/7/2025 8:36,299.9384994,271.5765222,27.92351261,46.88878417,282.1147154,-12.66946053,36.58941544
4/7/2025 8:37,303.2980925,275.2566712,27.97465613,46.75004326,285.8158566,-12.64314584,36.73852429
4/7/2025 8:38,306.6608587,278.9421837,28.02587704,46.61086958,289.5218738,-12.61691847,36.88795978
4/7/2025 8:39,310.0265359,282.632764,28.07717058,46.47127534,293.2324715,-12.59078312,37.03770933
4/7/2025 8:40,313.3948623,286.3281159,28.12853197,46.33127281,296.9473538,-12.56474447,37.18776032
4/7/2025 8:41,316.7655761,290.0279432,28.17995646,46.19087429,300.6662247,-12.53880716,37.33810009
4/7/2025 8:42,320.1384155,293.7319494,28.23143926,46.05009215,304.3887883,-12.51297583,37.48871595
4/7/2025 8:43,323.5131193,297.4398377,28.28297562,45.90893877,308.1147482,-12.4872551,37.63959518
4/7/2025 8:44,326.889426,301.1513114,28.33456076,45.76742659,311.8438083,-12.46164956,37.79072505
4/7/2025 8:45,330.2670749,304.8660738,28.38618991,45.62556806,315.5756723,-12.43616378,37.94209278
4/7/2025 8:46,333.6458051,308.5838281,28.43785831,45.48337569,319.3100442,-12.41080229,38.09368558
4/7/2025 8:47,337.0253565,312.3042777,28.4895612,45.34086199,323.0466278,-12.38556962,38.24549065
4/7/2025 8:48,340.4054692,316.0271261,28.54129382,45.19803952,326.7851273,-12.36047025,38.39749516
4/7/2025 8:49,343.7858837,319.7520768,28.59305142,45.05492085,330.5252471,-12.33550866,38.54968626
4/7/2025 8:50,347.1663411,323.4788338,28.64482925,44.91151858,334.2666919,-12.31068926,38.70205111
4/7/2025 8:51,350.5465831,327.2071013,28.69662258,44.76784533,338.0091665,-12.28601646,38.85457684
4/7/2025 8:52,353.9263517,330.9365836,28.74842667,44.62391372,341.7523762,-12.26149464,39.00725057
4/7/2025 8:53,357.3053897,334.6669857,28.80023681,44.4797364,345.4960269,-12.23712812,39.16005943
4/7/2025 8:54,360.6834407,338.398013,28.85204829,44.33532603,349.2398247,-12.21292122,39.31299055
4/7/2025 8:55,364.0602487,342.129371,28.90385642,44.19069527,352.9834762,-12.1888782,39.46603104
4/7/2025 8:56,367.4355587,345.8607663,28.95565649,44.04585679,356.7266888,-12.1650033,39.61916802
4/7/2025 8:57,370.8091162,349.5919056,29.00744386,43.90082326,360.4691704,-12.14130071,39.77238862
4/7/2025 8:58,374.1806677,353.3224964,29.05921384,43.75560737,364.2106294,-12.11777459,39.92567997
4/7/2025 8:59,377.5499606,357.0522471,29.11096181,43.61022178,367.9507751,-12.09442907,40.07902923
4/7/2025 9:00,380.0221246,359.4882848,29.16202545,43.47719949,370.5290408,-12.09331677,40.19352481
4/7/2025 9:01,383.3861458,363.2154825,29.21371552,43.33151251,374.2656905,-12.07034463,40.34695133
4/7/2025 9:02,386.7471558,366.940969,29.26536976,43.18569381,378.0001592,-12.04756519,40.50039725
4/7/2025 9:03,390.1049058,370.6644557,29.31698357,43.03975604,381.7321593,-12.02498242,40.65384977
4/7/2025 9:04,393.4591479,374.3856549,29.36855243,42.89371182,385.4614043,-12.00260021,40.80729613
4/7/2025 9:05,396.8096354,378.1042798,29.42007178,42.74757376,389.1876086,-11.98042244,40.96072355
4/7/2025 9:06,400.1561226,381.8200447,29.47153712,42.60135445,392.9104874,-11.95845292,41.11411932
4/7/2025 9:07,403.4983651,385.5326647,29.52294397,42.45506645,396.6297574,-11.93669543,41.26747073
4/7/2025 9:08,406.8361195,389.2418563,29.57428786,42.30872231,400.3451359,-11.91515369,41.42076511
4/7/2025 9:09,410.1691438,392.9473369,29.62556435,42.16233453,404.0563417,-11.89383137,41.57398983
4/7/2025 9:10,413.4971971,396.6488251,29.67676903,42.01591561,407.7630948,-11.8727321,41.72713228
4/7/2025 9:11,416.82004,400.346041,29.72789751,41.869478,411.465116,-11.85185946,41.88017988
4/7/2025 9:12,420.1374342,404.0387055,29.77894543,41.72303411,415.162128,-11.83121696,42.03312012
4/7/2025 9:13,423.4491429,407.7265411,29.82990845,41.57659632,418.8538542,-11.81080809,42.18594051
4/7/2025 9:14,426.7549306,411.4092716,29.88078228,41.43017697,422.5400197,-11.79063626,42.33862859
4/7/2025 9:15,430.0545632,415.0866223,29.93156265,41.28378837,426.2203509,-11.77070483,42.49117198
4/7/2025 9:16,433.3478082,418.7583195,29.98224529,41.13744276,429.8945756,-11.75101711,42.64355832
4/7/2025 9:17,436.6344344,422.4240914,30.03282602,40.99115235,433.5624231,-11.73157635,42.7957753
4/7/2025 9:18,439.9142123,426.0836675,30.08330063,40.84492929,437.2236242,-11.71238576,42.94781068
4/7/2025 9:19,443.1869136,429.7367789,30.133665,40.6987857,440.8779111,-11.69344848,43.09965227
4/7/2025 9:20,446.452312,433.3831583,30.183915,40.55273362,444.5250179,-11.67476758,43.25128791
4/7/2025 9:21,449.7101826,437.0225398,30.23404655,40.40678505,448.1646798,-11.65634608,43.40270554
4/7/2025 9:22,452.9603019,440.6546595,30.28405562,40.26095192,451.7966342,-11.63818696,43.55389312
4/7/2025 9:23,456.2024485,444.279255,30.33393819,40.1152461,455.4206198,-11.62029312,43.7048387
4/7/2025 9:24,459.4364023,447.8960654,30.3836903,39.96967941,459.0363771,-11.6026674,43.85553037
4/7/2025 9:25,462.6619451,451.504832,30.43330801,39.8242636,462.6436483,-11.58531257,44.00595632
4/7/2025 9:26,465.8788603,455.1052976,30.48278744,39.67901033,466.2421777,-11.56823137,44.15610478
4/7/2025 9:27,469.0869332,458.6972068,30.53212471,39.53393122,469.8317108,-11.55142644,44.30596406
4/7/2025 9:28,472.2859508,462.2803062,30.58131603,39.38903779,473.4119955,-11.53490038,44.45552253
4/7/2025 9:29,475.4757018,465.8543442,30.6303576,39.24434151,476.9827813,-11.51865572,44.60476865
4/7/2025 9:30,478.6559768,469.4190712,30.67924572,39.09985376,480.5438197,-11.50269491,44.75369095
4/7/2025 9:31,481.8265685,472.9742395,30.72797667,38.95558585,484.0948641,-11.48702037,44.90227803
4/7/2025 9:32,484.987271,476.5196032,30.77654682,38.81154898,487.6356697,-11.47163442,45.05051859
4/7/2025 9:33,488.1378805,480.0549187,30.82495255,38.66775431,491.165994,-11.45653932,45.19840138
4/7/2025 9:34,491.2781953,483.5799444,30.87319031,38.52421289,494.6855962,-11.44173727,45.34591526
4/7/2025 9:35,494.4080153,487.0944404,30.92125658,38.38093568,498.1942378,-11.42723042,45.49304916
4/7/2025 9:36,497.5271426,490.5981694,30.96914789,38.23793356,501.6916823,-11.41302081,45.63979209
4/7/2025 9:37,500.6353811,494.0908959,31.01686082,38.0952173,505.1776951,-11.39911045,45.78613318
4/7/2025 9:38,503.7325368,497.5723866,31.06439198,37.95279762,508.6520439,-11.38550127,45.93206161
4/7/2025 9:39,506.8184176,501.0424103,31.11173805,37.81068509,512.1144985,-11.3721951,46.07756667
4/7/2025 9:40,509.8928334,504.5007383,31.15889575,37.66889022,515.564831,-11.35919376,46.22263774
4/7/2025 9:41,512.9555963,507.9471437,31.20586182,37.5274234,519.0028154,-11.34649894,46.3672643
4/7/2025 9:42,516.0065203,511.3814021,31.2526331,37.38629494,522.4282282,-11.33411231,46.51143593
4/7/2025 9:43,519.0454216,514.8032912,31.29920644,37.24551503,525.8408478,-11.32203542,46.65514228
4/7/2025 9:44,522.0721182,518.2125913,31.34557876,37.10509376,529.2404553,-11.3102698,46.79837312
4/7/2025 9:45,525.0864305,521.6090846,31.39174702,36.96504111,532.6268336,-11.29881686,46.94111833
4/7/2025 9:46,528.0881808,524.9925558,31.43770823,36.82536696,535.9997682,-11.28767797,47.08336786
4/7/2025 9:47,531.0771937,528.362792,31.48345947,36.68608107,539.3590468,-11.27685442,47.22511181
4/7/2025 9:48,534.0532957,531.7195826,31.52899784,36.5471931,542.7044595,-11.26634742,47.36634032
4/7/2025 9:49,537.0163156,535.0627194,31.57432052,36.40871259,546.0357986,-11.25615813,47.50704371
4/7/2025 9:50,539.9660843,538.3919964,31.61942473,36.27064896,549.3528589,-11.2462876,47.64721234
4/7/2025 9:51,542.9024349,541.7072104,31.66430775,36.13301151,552.6554375,-11.23673683,47.78683671
4/7/2025 9:52,545.8252026,545.0081604,31.70896691,35.99580945,555.943334,-11.22750675,47.92590745
4/7/2025 9:53,548.7342247,548.2946477,31.75339959,35.85905184,559.2163501,-11.21859822,48.06441525
4/7/2025 9:54,551.6293409,551.5664764,31.79760323,35.72274762,562.4742904,-11.210012,48.20235096
4/7/2025 9:55,554.5103929,554.8234527,31.84157532,35.58690563,565.7169615,-11.20174879,48.33970551
4/7/2025 9:56,557.3772247,558.0653856,31.88531342,35.45153456,568.9441726,-11.19380924,48.47646996
4/7/2025 9:57,560.2296825,561.2920865,31.92881513,35.316643,572.1557354,-11.1861939,48.61263549
4/7/2025 9:58,563.0676145,564.5033691,31.9720781,35.1822394,575.3514641,-11.17890324,48.74819338
4/7/2025 9:59,565.8908715,567.6990499,32.01510006,35.04833206,578.5311752,-11.17193767,48.88313503
4/7/2025 10:00,567.8046877,569.5863661,32.05722107,34.92744952,580.5344113,-11.18734609,48.97855326
4/7/2025 10:01,570.5981551,572.7503025,32.09975438,34.79455918,583.681547,-11.18103164,49.11223714
4/7/2025 10:02,573.3765124,575.8981013,32.14204015,34.6621893,586.8121299,-11.17504307,49.24527972
4/7/2025 10:03,576.1396191,579.0295892,32.18407635,34.53034767,589.9259866,-11.16938048,49.37767287
4/7/2025 10:04,578.8873368,582.1445952,32.22586097,34.39904195,593.022946,-11.16404391,49.50940862
4/7/2025 10:05,581.6195295,585.242951,32.26739207,34.26827968,596.10284,-11.15903333,49.64047908
4/7/2025 10:06,584.3360632,588.3244907,32.30866777,34.13806823,599.1655026,-11.15434863,49.7708765
4/7/2025 10:07,587.0368064,591.3890513,32.34968624,34.00841487,602.2107705,-11.14998962,49.90059327
4/7/2025 10:08,589.7216296,594.436472,32.39044572,33.8793267,605.2384829,-11.14595605,50.02962188
4/7/2025 10:09,592.3904056,597.4665948,32.43094451,33.75081071,608.2484815,-11.14224759,50.15795495
4/7/2025 10:10,595.0430093,600.4792642,32.47118095,33.62287371,611.2406106,-11.13886384,50.28558525
4/7/2025 10:11,597.6793181,603.4743274,32.51115346,33.49552241,614.2147171,-11.13580432,50.41250565
4/7/2025 10:12,600.2992113,606.451634,32.5508605,33.36876336,617.1706502,-11.13306847,50.53870916
4/7/2025 10:13,602.9025706,609.4110364,32.59030061,33.24260296,620.1082618,-11.13065569,50.66418891
4/7/2025 10:14,605.4892798,612.3523893,32.62947238,33.11704748,623.0274065,-11.12856528,50.78893816
4/7/2025 10:15,608.059225,615.2755503,32.66837444,32.99210303,625.9279412,-11.12679647,50.9129503
4/7/2025 10:16,610.6122944,618.1803794,32.70700551,32.8677756,628.8097253,-11.12534843,51.03621886
4/7/2025 10:17,613.1483784,621.0667391,32.74536435,32.744071,631.6726209,-11.12422025,51.15873748
4/7/2025 10:18,615.6673696,623.9344948,32.7834498,32.62099492,634.5164926,-11.12341095,51.28049995
4/7/2025 10:19,618.1691629,626.7835141,32.82126073,32.49855289,637.3412076,-11.12291948,51.40150017
4/7/2025 10:20,620.6536551,629.6136673,32.85879608,32.37675031,640.1466353,-11.12274473,51.52173219
4/7/2025 10:21,623.1207453,632.4248274,32.89605487,32.25559241,642.932648,-11.1228855,51.64119017
4/7/2025 10:22,625.5703347,635.2168697,32.93303616,32.13508428,645.6991203,-11.12334054,51.75986842
4/7/2025 10:23,628.0023268,637.9896723,32.96973906,32.01523086,648.4459293,-11.12410852,51.87776137
4/7/2025 10:24,630.416627,640.7431158,33.00616276,31.89603694,651.1729548,-11.12518805,51.99486359
4/7/2025 10:25,632.813143,643.4770831,33.0423065,31.77750718,653.8800788,-11.12657765,52.11116978
4/7/2025 10:26,635.1917844,646.1914599,33.07816958,31.65964606,656.567186,-11.12827581,52.22667476
4/7/2025 10:27,637.552463,648.8861342,33.11375136,31.54245792,659.2341634,-11.13028093,52.34137348
4/7/2025 10:28,639.8950929,651.5609968,33.14905125,31.42594695,661.8809008,-11.13259133,52.45526106
4/7/2025 10:29,642.2195898,654.2159406,33.18406873,31.31011721,664.50729,-11.1352053,52.5683327
4/7/2025 10:30,644.5258718,656.8508614,33.21880335,31.19497258,667.1132255,-11.13812103,52.68058375
4/7/2025 10:31,646.813859,659.4656571,33.25325468,31.0805168,669.6986043,-11.14133667,52.79200972
4/7/2025 10:32,649.0834735,662.0602283,33.28742238,30.96675346,672.2633256,-11.1448503,52.90260621
4/7/2025 10:33,651.3346393,664.634478,33.32130616,30.85368599,674.8072912,-11.14865992,53.01236897
4/7/2025 10:34,653.5672826,667.1883116,33.35490578,30.7413177,677.3304052,-11.15276349,53.12129388
4/7/2025 10:35,655.7813314,669.7216369,33.38822107,30.62965171,679.8325741,-11.15715889,53.22937695
4/7/2025 10:36,657.9767157,672.2343642,33.42125192,30.51869101,682.3137068,-11.16184396,53.33661432
4/7/2025 10:37,660.1533676,674.7264061,33.45399825,30.40843844,684.7737145,-11.16681645,53.44300227
4/7/2025 10:38,662.311221,677.1976777,33.48646007,30.29889669,687.2125108,-11.17207408,53.54853719
4/7/2025 10:39,664.4502116,679.6480962,33.51863742,30.19006828,689.6300115,-11.17761449,53.65321561
4/7/2025 10:40,666.5702773,682.0775814,33.55053041,30.08195561,692.026135,-11.18343527,53.7570342
4/7/2025 10:41,668.6713577,684.4860554,33.58213921,29.97456091,694.4008015,-11.18953395,53.85998973
4/7/2025 10:42,670.7533943,686.8734424,33.61346403,29.86788627,696.753934,-11.195908,53.96207914
4/7/2025 10:43,672.8163303,689.2396692,33.64450515,29.76193363,699.0854575,-11.20255484,54.06329945
4/7/2025 10:44,674.860111,691.5846646,33.67526289,29.65670477,701.3952992,-11.20947184,54.16364785
4/7/2025 10:45,676.8846832,693.9083598,33.70573764,29.55220134,703.6833886,-11.21665629,54.26312163
4/7/2025 10:46,678.8899959,696.2106882,33.73592984,29.44842484,705.9496573,-11.22410546,54.36171822
4/7/2025 10:47,680.8759993,698.4915854,33.76583996,29.34537661,708.1940394,-11.23181654,54.45943516
4/7/2025 10:48,682.8426459,700.7509892,33.79546857,29.24305785,710.4164707,-11.23978669,54.55627013
4/7/2025 10:49,684.7898897,702.9888395,33.82481624,29.14146961,712.6168895,-11.24801299,54.65222093
4/7/2025 10:50,686.7176862,705.2050785,33.85388363,29.04061282,714.795236,-11.2564925,54.74728549
4/7/2025 10:51,688.6259929,707.3996504,33.88267144,28.94048822,716.9514527,-11.26522222,54.84146184
4/7/2025 10:52,690.5147688,709.5725016,33.91118042,28.84109646,719.0854841,-11.27419909,54.93474816
4/7/2025 10:53,692.3839746,711.7235804,33.93941138,28.74243799,721.1972767,-11.28342002,55.02714273
4/7/2025 10:54,694.2335726,713.8528375,33.96736515,28.64451317,723.286779,-11.29288185,55.11864398
4/7/2025 10:55,696.0635266,715.9602252,33.99504265,28.54732218,725.3539417,-11.30258141,55.20925041
4/7/2025 10:56,697.8738023,718.0456981,34.02244482,28.45086509,727.3987174,-11.31251546,55.29896069
4/7/2025 10:57,699.6643664,720.1092128,34.04957267,28.3551418,729.4210606,-11.32268071,55.38777358
4/7/2025 10:58,701.4351877,722.1507278,34.07642723,28.2601521,731.4209278,-11.33307386,55.47568797
4/7/2025 10:59,703.1862361,724.1702033,34.10300962,28.16589561,733.3982774,-11.34369152,55.56270284
4/7/2025 11:00,704.0228647,724.8750203,34.12866326,28.08489218,734.1927932,-11.37657887,55.60991861
4/7/2025 11:01,705.7342835,726.8503061,34.15470475,27.99210051,736.1249905,-11.38763533,55.69513193
4/7/2025 11:02,707.4258483,728.8034451,34.18047762,27.90004017,738.0345568,-11.398906,55.77944342
4/7/2025 11:03,709.0975351,730.7344054,34.20598316,27.80871024,739.921458,-11.41038734,55.86285255
4/7/2025 11:04,710.7493209,732.6431565,34.23122267,27.71810971,741.7856616,-11.42207581,55.94535888
4/7/2025 11:05,712.3811845,734.5296701,34.25619755,27.62823739,743.6271373,-11.43396782,56.02696208
4/7/2025 11:06,713.9931056,736.3939194,34.28090918,27.539092,745.4458561,-11.44605973,56.10766194
4/7/2025 11:07,715.5850656,738.2358793,34.30535904,27.45067211,747.241791,-11.45834789,56.18745834
4/7/2025 11:08,717.157047,740.0555266,34.32954861,27.36297617,749.0149165,-11.47082862,56.26635129
4/7/2025 11:09,718.7090334,741.8528396,34.35347944,27.27600251,750.765209,-11.48349818,56.34434089
4/7/2025 11:10,720.2410099,743.6277983,34.3771531,27.18974931,752.4926464,-11.49635284,56.42142734
4/7/2025 11:11,721.7529628,745.3803843,34.40057121,27.10421466,754.1972081,-11.50938881,56.49761096
4/7/2025 11:12,723.2448795,747.1105808,34.42373542,27.0193965,755.8788754,-11.52260229,56.57289216
4/7/2025 11:13,724.7167484,748.8183726,34.44664744,26.93529267,757.537631,-11.53598944,56.64727146
4/7/2025 11:14,726.1685594,750.503746,34.469309,26.85190087,759.173459,-11.5495464,56.72074945
4/7/2025 11:15,727.6003032,752.1666888,34.49172187,26.76921871,760.7863452,-11.5632693,56.79332686
4/7/2025 11:16,729.0119717,753.8071902,34.51388786,26.68724365,762.3762768,-11.57715422,56.86500449
4/7/2025 11:17,730.403558,755.4252409,34.5358088,26.60597306,763.9432425,-11.59119724,56.93578324
4/7/2025 11:18,731.775056,757.0208332,34.55748659,26.52540419,765.4872324,-11.60539442,57.0056641
4/7/2025 11:19,733.1264607,758.5939604,34.57892312,26.44553418,767.008238,-11.61974177,57.07464817
4/7/2025 11:20,734.457768,760.1446174,34.60012036,26.36636005,768.5062521,-11.63423533,57.14273662
4/7/2025 11:21,735.7689751,761.6728005,34.62108026,26.28787872,769.981269,-11.64887109,57.20993071
4/7/2025 11:22,737.0600797,763.1785071,34.64180486,26.21008701,771.4332842,-11.66364502,57.27623181
4/7/2025 11:23,738.3310806,764.6617359,34.66229618,26.13298162,772.8622945,-11.6785531,57.34164137
4/7/2025 11:24,739.5819776,766.1224871,34.68255629,26.05655915,774.2682979,-11.69359129,57.40616089
4/7/2025 11:25,740.8127711,767.5607617,34.70258731,25.98081611,775.6512939,-11.70875551,57.46979201
4/7/2025 11:26,742.0234625,768.9765621,34.72239136,25.9057489,777.0112828,-11.72404171,57.53253641
4/7/2025 11:27,743.214054,770.3698919,34.74197059,25.83135382,778.3482664,-11.73944579,57.59439586
4/7/2025 11:28,744.3845485,771.7407557,34.76132719,25.75762708,779.6622475,-11.75496369,57.65537223
4/7/2025 11:29,745.5349498,773.0891592,34.78046337,25.6845648,780.9532301,-11.77059129,57.71546745
4/7/2025 11:30,746.6652624,774.4151092,34.79938137,25.61216298,782.2212191,-11.7863245,57.77468352
4/7/2025 11:31,747.7754912,775.7186136,34.81808344,25.54041757,783.4662207,-11.80215921,57.83302253
4/7/2025 11:32,748.8656423,776.9996812,34.83657188,25.4693244,784.6882421,-11.81809131,57.89048663
4/7/2025 11:33,749.935722,778.2583217,34.85484899,25.39887922,785.8872914,-11.83411669,57.94707805
4/7/2025 11:34,750.9857376,779.4945459,34.87291709,25.32907771,787.0633776,-11.85023123,58.0027991
4/7/2025 11:35,752.0156967,780.7083654,34.89077853,25.25991545,788.216511,-11.86643082,58.05765213
4/7/2025 11:36,753.0256077,781.8997927,34.9084357,25.19138793,789.3467024,-11.88271135,58.11163958
4/7/2025 11:37,754.0154795,783.0688413,34.92589097,25.12349059,790.4539639,-11.8990687,58.16476395
4/7/2025 11:38,754.9853215,784.2155253,34.94314675,25.05621878,791.5383081,-11.91549876,58.2170278
4/7/2025 11:39,755.9351436,785.3398597,34.96020547,24.98956776,792.5997487,-11.93199744,58.26843376
4/7/2025 11:40,756.8649563,786.4418603,34.97706958,24.92353272,793.6383001,-11.94856064,58.3189845
4/7/2025 11:41,757.7747704,787.5215436,34.99374153,24.85810881,794.6539775,-11.96518427,58.36868279
4/7/2025 11:42,758.6645974,788.5789268,35.01022379,24.79329108,795.6467969,-11.98186424,58.4175314
4/7/2025 11:43,759.5344489,789.6140277,35.02651885,24.72907451,796.6167751,-11.99859649,58.46553321
4/7/2025 11:44,760.3843372,790.6268649,35.04262921,24.66545403,797.5639294,-12.01537695,58.51269111
4/7/2025 11:45,761.2142748,791.6174576,35.05855739,24.6024245,798.488278,-12.03220157,58.55900808
4/7/2025 11:46,762.0242746,792.5858256,35.07430591,24.53998073,799.3898396,-12.04906632,58.60448712
4/7/2025 11:47,762.8143499,793.5319891,35.0898773,24.47811746,800.2686336,-12.06596718,58.6491313
4/7/2025 11:48,763.5845141,794.4559691,35.10527411,24.41682937,801.1246801,-12.08290014,58.69294372
4/7/2025 11:49,764.3347812,795.3577869,35.1204989,24.35611109,801.9579995,-12.09986122,58.73592754
4/7/2025 11:50,765.0651652,796.2374645,35.13555422,24.2959572,802.7686132,-12.11684643,58.77808596
4/7/2025 11:51,765.7756806,797.095024,35.15044264,24.23636223,803.5565426,-12.13385182,58.81942222
4/7/2025 11:52,766.4663419,797.9304885,35.16516674,24.17732067,804.3218101,-12.15087348,58.85993959
4/7/2025 11:53,767.1371639,798.7438809,35.1797291,24.11882693,805.0644382,-12.16790747,58.8996414
4/7/2025 11:54,767.7881617,799.5352249,35.19413231,24.06087541,805.7844501,-12.18494992,58.93853101
4/7/2025 11:55,768.4193504,800.3045445,35.20837894,24.00346047,806.4818694,-12.20199696,58.97661181
4/7/2025 11:56,769.0307453,801.0518638,35.2224716,23.9465764,807.1567199,-12.21904476,59.01388722
4/7/2025 11:57,769.6223619,801.7772075,35.23641287,23.89021748,807.8090261,-12.23608948,59.0503607
4/7/2025 11:58,770.1942157,802.4806003,35.25020535,23.83437795,808.4388126,-12.25312736,59.08603575
4/7/2025 11:59,770.7463225,803.1620675,35.26385162,23.779052,809.0461045,-12.27015462,59.12091588
4/7/2025 12:00,770.3840795,802.5290528,35.2766966,23.73675413,808.4706507,-12.3092161,59.11610591
4/7/2025 12:01,770.8967394,803.1667449,35.29005825,23.68243784,809.0330299,-12.32621098,59.14940687
4/7/2025 12:02,771.3896997,803.782588,35.30328147,23.62861756,809.5729915,-12.34318415,59.18192362
4/7/2025 12:03,771.8629763,804.376608,35.31636885,23.57528739,810.0905617,-12.36013197,59.21365979
4/7/2025 12:04,772.316585,804.9488309,35.32932297,23.5224414,810.585767,-12.37705085,59.24461902
4/7/2025 12:05,772.7505417,805.4992831,35.34214639,23.47007364,811.058634,-12.39393721,59.27480495
4/7/2025 12:06,773.1648624,806.0279907,35.35484169,23.41817813,811.5091896,-12.41078752,59.30422128
4/7/2025 12:07,773.5595629,806.5349802,35.36741143,23.36674889,811.9374607,-12.42759828,59.33287168
4/7/2025 12:08,773.934659,807.0202779,35.37985816,23.31577994,812.3434747,-12.44436604,59.36075988
4/7/2025 12:09,774.2901664,807.4839104,35.39218443,23.26526525,812.7272587,-12.46108738,59.38788958
4/7/2025 12:10,774.6261007,807.9259041,35.40439277,23.2151988,813.0888403,-12.47775892,59.41426452
4/7/2025 12:11,774.9424777,808.3462856,35.41648572,23.16557459,813.428247,-12.49437731,59.43988845
4/7/2025 12:12,775.2393128,808.7450812,35.42846577,23.11638656,813.7455063,-12.51093926,59.4647651
4/7/2025 12:13,775.5166212,809.1223175,35.44033544,23.0676287,814.0406461,-12.52744152,59.48889824
4/7/2025 12:14,775.7744183,809.4780209,35.45209721,23.01929496,814.313694,-12.54388087,59.51229163
4/7/2025 12:15,776.0127192,809.8122175,35.46375356,22.97137932,814.5646777,-12.56025415,59.53494904
4/7/2025 12:16,776.2315388,810.1249338,35.47530694,22.92387575,814.7936252,-12.57655823,59.55687422
4/7/2025 12:17,776.430892,810.4161957,35.48675982,22.87677822,815.0005641,-12.59279003,59.57807095
4/7/2025 12:18,776.6107933,810.6860292,35.4981146,22.83008073,815.1855222,-12.60894654,59.59854299
4/7/2025 12:19,776.7712572,810.9344603,35.50937372,22.78377726,815.3485274,-12.62502476,59.61829412
4/7/2025 12:20,776.9122979,811.1615146,35.52053955,22.73786183,815.4896072,-12.64102176,59.63732809
4/7/2025 12:21,777.0339296,811.3672176,35.53161449,22.69232845,815.6087894,-12.65693467,59.65564865
4/7/2025 12:22,777.136166,811.5515947,35.54260088,22.64717117,815.7061016,-12.67276065,59.67325957
4/7/2025 12:23,777.2190209,811.7146711,35.55350106,22.60238404,815.7815711,-12.68849692,59.69016457
4/7/2025 12:24,777.2825077,811.8564716,35.56431735,22.55796115,815.8352255,-12.70414076,59.7063674
4/7/2025 12:25,777.3266395,811.977021,35.57505205,22.51389658,815.867092,-12.71968948,59.72187177
4/7/2025 12:26,777.3514294,812.0763439,35.58570743,22.47018446,815.8771979,-12.73514046,59.73668139
4/7/2025 12:27,777.35689,812.1544643,35.59628573,22.42681894,815.8655701,-12.75049115,59.75079997
4/7/2025 12:28,777.3430338,812.2114064,35.60678919,22.38379421,815.8322356,-12.76573902,59.76423118
4/7/2025 12:29,777.3098732,812.2471937,35.61722,22.34110447,815.7772212,-12.78088162,59.77697868
4/7/2025 12:30,777.2574199,812.2618499,35.62758035,22.29874396,815.7005536,-12.79591655,59.78904614
4/7/2025 12:31,777.1856859,812.2553979,35.63787238,22.25670695,815.602259,-12.81084147,59.80043717
4/7/2025 12:32,777.0946824,812.2278607,35.64809823,22.21498777,815.482364,-12.82565409,59.8111554
4/7/2025 12:33,776.9844208,812.1792607,35.65825998,22.17358075,815.3408945,-12.84035219,59.8212044
4/7/2025 12:34,776.8549119,812.1096204,35.66835971,22.13248029,815.1778764,-12.85493361,59.83058775
4/7/2025 12:35,776.7061664,812.0189614,35.67839945,22.09168082,814.9933355,-12.86939622,59.83930899
4/7/2025 12:36,776.5381946,811.9073055,35.68838123,22.05117682,814.7872974,-12.883738,59.84737165
4/7/2025 12:37,776.3510068,811.7746739,35.69830702,22.0109628,814.5597873,-12.89795696,59.8547792
4/7/2025 12:38,776.1446126,811.6210876,35.70817877,21.97103334,814.3108303,-12.91205116,59.86153514
4/7/2025 12:39,775.9190218,811.4465669,35.71799842,21.93138305,814.0404514,-12.92601875,59.86764288
4/7/2025 12:40,775.6742435,811.2511323,35.72776784,21.8920066,813.7486752,-12.93985794,59.87310585
4/7/2025 12:41,775.4102868,811.0348036,35.73748889,21.85289871,813.4355261,-12.95356697,59.87792743
4/7/2025 12:42,775.1271604,810.7976003,35.7471634,21.81405415,813.1010285,-12.9671442,59.88211096
4/7/2025 12:43,774.8248728,810.5395415,35.75679317,21.77546776,812.7452062,-12.980588,59.88565976
4/7/2025 12:44,774.5034323,810.260646,35.76637994,21.73713442,812.3680831,-12.99389683,59.88857712
4/7/2025 12:45,774.1628467,809.9609324,35.77592544,21.69904909,811.9696827,-13.00706922,59.89086629
4/7/2025 12:46,773.8031238,809.6404186,35.78543137,21.66120677,811.5500284,-13.02010376,59.89253049
4/7/2025 12:47,773.4242709,809.2991223,35.79489936,21.62360253,811.1091431,-13.03299908,59.89357289
4/7/2025 12:48,773.0262953,808.937061,35.80433104,21.58623151,810.6470497,-13.04575393,59.89399665
4/7/2025 12:49,772.6092039,808.5542515,35.813728,21.54908891,810.1637709,-13.05836708,59.89380486
4/7/2025 12:50,772.1730034,808.1507105,35.82309176,21.51217,809.6593291,-13.07083738,59.8930006
4/7/2025 12:51,771.7177002,807.7264542,35.83242385,21.47547012,809.1337463,-13.08316376,59.89158689
4/7/2025 12:52,771.2433006,807.2814986,35.84172572,21.43898467,808.5870446,-13.0953452,59.88956672
4/7/2025 12:53,770.7498105,806.8158592,35.85099881,21.40270913,808.0192456,-13.10738076,59.88694305
4/7/2025 12:54,770.2372357,806.3295511,35.8602445,21.36663906,807.4303708,-13.11926957,59.88371877
4/7/2025 12:55,769.7055818,805.8225891,35.86946416,21.33077008,806.8204415,-13.1310108,59.87989676
4/7/2025 12:56,769.1548541,805.2949879,35.87865908,21.29509789,806.1894787,-13.14260374,59.87547983
4/7/2025 12:57,768.5850579,804.7467615,35.88783054,21.25961827,805.5375034,-13.15404769,59.87047077
4/7/2025 12:58,767.9961981,804.1779238,35.89697978,21.22432709,804.8645362,-13.16534207,59.8648723
4/7/2025 12:59,767.3882796,803.5884882,35.90610799,21.18922027,804.1705974,-13.17648633,59.85868711
4/7/2025 13:00,765.8666885,801.6858863,35.91455861,21.16681417,802.295431,-13.20952858,59.81301914
4/7/2025 13:01,765.2206662,801.0552941,35.92364814,21.13206423,801.55961,-13.22037129,59.80566842
4/7/2025 13:02,764.5555987,800.4041427,35.93271997,21.09748696,800.8028778,-13.23106272,59.79773877
4/7/2025 13:03,763.8714901,799.7324442,35.94177511,21.06307863,800.0252541,-13.24160258,59.78923271
4/7/2025 13:04,763.1683446,799.0402106,35.95081454,21.0288356,799.2267586,-13.25199071,59.78015269
4/7/2025 13:05,762.4461662,798.3274536,35.95983921,20.9947543,798.4074107,-13.26222699,59.77050112
4/7/2025 13:06,761.7049587,797.5941846,35.96885001,20.96083126,797.5672297,-13.27231136,59.76028036
4/7/2025 13:07,760.944726,796.8404147,35.97784778,20.92706311,796.7062348,-13.28224384,59.74949273
4/7/2025 13:08,760.1654718,796.0661549,35.98683335,20.89344654,795.8244449,-13.29202454,59.73814049
4/7/2025 13:09,759.3671998,795.2714158,35.99580747,20.85997836,794.9218792,-13.3016536,59.72622585
4/7/2025 13:10,758.5499136,794.4562078,36.00477087,20.82665545,793.9985564,-13.31113127,59.71375097
4/7/2025 13:11,757.7136169,793.6205411,36.01372423,20.79347481,793.0544952,-13.32045783,59.70071798
4/7/2025 13:12,756.8583132,792.7644259,36.02266817,20.76043349,792.0897145,-13.32963366,59.68712893
4/7/2025 13:13,755.9840062,791.8878718,36.03160329,20.72752868,791.1042327,-13.33865919,59.67298584
4/7/2025 13:14,755.0906995,790.9908885,36.04053013,20.69475764,790.0980685,-13.34753493,59.65829067
4/7/2025 13:15,754.1783967,790.0734856,36.04944918,20.66211772,789.0712404,-13.35626146,59.64304533
4/7/2025 13:16,753.2471016,789.1356724,36.05836091,20.62960639,788.023767,-13.36483941,59.62725169
4/7/2025 13:17,752.2968179,788.1774582,36.06726572,20.5972212,786.9556667,-13.37326951,59.61091155
4/7/2025 13:18,751.3275495,787.198852,36.07616398,20.56495981,785.866958,-13.38155252,59.59402667
4/7/2025 13:19,750.3393003,786.1998628,36.085056,20.53281995,784.7576597,-13.38968929,59.57659877
4/7/2025 13:20,749.3320744,785.1804995,36.09394205,20.50079949,783.6277901,-13.39768075,59.55862949
4/7/2025 13:21,748.3058761,784.1407712,36.10282237,20.46889637,782.477368,-13.40552787,59.54012044
4/7/2025 13:22,747.2607096,783.0806864,36.11169713,20.43710865,781.306412,-13.41323169,59.52107318
4/7/2025 13:23,746.1965796,782.0002542,36.12056647,20.40543447,780.114941,-13.42079334,59.5014892
4/7/2025 13:24,745.1134907,780.8994831,36.12943049,20.37387208,778.9029739,-13.428214,59.48136996
4/7/2025 13:25,744.011448,779.778382,36.13828923,20.34241985,777.6705297,-13.43549491,59.46071686
4/7/2025 13:26,742.8904566,778.6369598,36.14714268,20.31107622,776.4176275,-13.44263738,59.43953125
4/7/2025 13:27,741.7505219,777.4752253,36.1559908,20.27983975,775.1442867,-13.4496428,59.41781442
4/7/2025 13:28,740.5916496,776.2931873,36.16483351,20.2487091,773.8505269,-13.4565126,59.39556762
4/7/2025 13:29,739.4138458,775.090855,36.17367066,20.21768304,772.5363676,-13.46324829,59.37279205
4/7/2025 13:30,738.2171167,773.8682375,36.18250208,20.18676042,771.2018287,-13.46985144,59.34948886
4/7/2025 13:31,737.001469,772.6253439,36.19132753,20.15594024,769.8469306,-13.47632368,59.32565914
4/7/2025 13:32,735.7669097,771.3621838,36.20014675,20.12522154,768.4716935,-13.48266671,59.30130394
4/7/2025 13:33,734.5134461,770.0787666,36.20895941,20.09460351,767.0761381,-13.48888228,59.27642425
4/7/2025 13:34,733.2410861,768.7751021,36.21776516,20.06408544,765.6602854,-13.49497221,59.25102103
4/7/2025 13:35,731.9498378,767.4512004,36.22656359,20.03366671,764.2241566,-13.50093839,59.22509518
4/7/2025 13:36,730.6397099,766.1070716,36.23535424,20.0033468,762.7677734,-13.50678275,59.19864755
4/7/2025 13:37,729.3107114,764.7427262,36.24413662,19.9731253,761.2911578,-13.51250729,59.17167893
4/7/2025 13:38,727.962852,763.3581749,36.2529102,19.94300192,759.7943322,-13.51811407,59.14419009
4/7/2025 13:39,726.5961417,761.953429,36.26167438,19.91297645,758.2773191,-13.52360522,59.11618174
4/7/2025 13:40,725.2105911,760.5284996,36.27042853,19.8830488,756.740142,-13.5289829,59.08765454
4/7/2025 13:41,723.8062116,759.0833987,36.279172,19.85321897,755.1828243,-13.53424934,59.05860911
4/7/2025 13:42,722.3830147,757.6181384,36.28790405,19.82348707,753.6053902,-13.53940685,59.02904601
4/7/2025 13:43,720.9410128,756.1327312,36.29662394,19.79385333,752.0078642,-13.54445775,58.99896578
4/7/2025 13:44,719.480219,754.62719,36.30533086,19.76431804,750.3902714,-13.54940446,58.96836889
4/7/2025 13:45,718.0006469,753.1015284,36.31402397,19.73488164,748.7526375,-13.55424943,58.93725579
4/7/2025 13:46,716.5023108,751.5557601,36.32270238,19.70554464,747.0949887,-13.55899516,58.90562686
4/7/2025 13:47,714.9852256,749.9898997,36.33136516,19.67630767,745.4173516,-13.56364422,58.87348247
4/7/2025 13:48,713.4494071,748.4039621,36.34001134,19.64717145,743.7197538,-13.56819922,58.84082292
4/7/2025 13:49,711.8948718,746.7979628,36.34863992,19.6181368,742.0022231,-13.57266282,58.80764849
4/7/2025 13:50,710.3216368,745.1719179,36.35724984,19.58920466,740.2647883,-13.57703774,58.7739594
4/7/2025 13:51,708.7297202,743.525844,36.36584,19.56037605,738.5074786,-13.58132674,58.73975584
4/7/2025 13:52,707.1191409,741.8597586,36.37440928,19.5316521,736.7303241,-13.58553265,58.70503797
4/7/2025 13:53,705.4899184,740.1736795,36.3829565,19.50303403,734.9333557,-13.58965831,58.66980589
4/7/2025 13:54,703.8420734,738.4676255,36.39148045,19.47452316,733.1166046,-13.59370663,58.63405968
4/7/2025 13:55,702.1756272,736.7416161,36.39997987,19.44612093,731.2801034,-13.59768058,58.59779939
4/7/2025 13:56,700.4906021,734.9956712,36.40845348,19.41782884,729.4238849,-13.60158315,58.56102502
4/7/2025 13:57,698.7870215,733.2298119,36.41689995,19.38964852,727.5479832,-13.60541739,58.52373652
4/7/2025 13:58,697.0649095,731.4440598,36.4253179,19.36158167,725.652433,-13.60918638,58.48593385
4/7/2025 13:59,695.3242914,729.6384375,36.43370594,19.3336301,723.7372699,-13.61289325,58.4476169
4/7/2025 14:00,692.670575,726.5203867,36.44140493,19.31831605,720.6422539,-13.63858973,58.36988683
4/7/2025 14:01,690.8930243,724.675095,36.44972879,19.29060085,718.6879755,-13.64218192,58.3305409
4/7/2025 14:02,689.0970492,722.8100058,36.4580183,19.26300691,716.7141965,-13.64572163,58.29068021
4/7/2025 14:03,687.2826791,720.9251452,36.46627191,19.23553642,714.7209563,-13.64921216,58.25030454
4/7/2025 14:04,685.4499445,719.0205404,36.47448805,19.20819165,712.7082953,-13.65265682,58.20941365
4/7/2025 14:05,683.598877,717.0962194,36.48266509,19.18097495,710.6762548,-13.65605898,58.16800724
4/7/2025 14:06,681.7295093,715.1522111,36.49080138,19.15388879,708.6248772,-13.65942204,58.12608503
4/7/2025 14:07,679.8418754,713.1885458,36.49889524,19.12693569,706.5542061,-13.66274945,58.08364669
4/7/2025 14:08,677.9360104,711.2052545,36.50694495,19.10011827,704.464286,-13.66604466,58.04069185
4/7/2025 14:09,676.0119507,709.2023695,36.51494875,19.07343926,702.3551626,-13.66931117,57.99722016
4/7/2025 14:10,674.0697339,707.1799243,36.52290487,19.04690145,700.2268827,-13.67255253,57.95323122
4/7/2025 14:11,672.1093988,705.1379533,36.5308115,19.02050772,698.0794943,-13.67577229,57.90872459
4/7/2025 14:12,670.1309856,703.0764922,36.53866678,18.99426102,695.9130467,-13.67897404,57.86369986
4/7/2025 14:13,668.1345357,700.995578,36.54646884,18.96816441,693.7275902,-13.68216141,57.81815657
4/7/2025 14:14,666.120092,698.8952487,36.55421579,18.94222101,691.5231766,-13.68533804,57.77209423
4/7/2025 14:15,664.0876985,696.7755439,36.56190569,18.91643402,689.2998586,-13.68850761,57.72551237
4/7/2025 14:16,662.037401,694.6365041,36.56953659,18.89080672,687.0576905,-13.69167381,57.67841048
4/7/2025 14:17,659.9692462,692.4781714,36.57710648,18.86534248,684.7967279,-13.69484037,57.63078804
4/7/2025 14:18,657.8832826,690.3005891,36.58461337,18.84004473,682.5170275,-13.69801102,57.58264452
4/7/2025 14:19,655.7795599,688.1038019,36.5920552,18.81491697,680.2186476,-13.70118955,57.53397938
4/7/2025 14:20,653.6581296,685.8878558,36.59942993,18.78996279,677.9016476,-13.70437972,57.48479206
4/7/2025 14:21,651.5190442,683.6527984,36.60673545,18.76518584,675.5660888,-13.70758536,57.435082
4/7/2025 14:22,649.3623581,681.3986785,36.61396964,18.74058985,673.2120333,-13.71081028,57.38484864
4/7/2025 14:23,647.188127,679.1255466,36.62113039,18.71617859,670.839545,-13.71405831,57.33409139
4/7/2025 14:24,644.9964084,676.8334546,36.62821552,18.69195594,668.4486894,-13.71733333,57.28280968
4/7/2025 14:25,642.7872612,674.5224558,36.63522284,18.66792582,666.0395331,-13.7206392,57.23100291
4/7/2025 14:26,640.5607458,672.1926052,36.64215017,18.64409221,663.6121446,-13.7239798,57.17867051
4/7/2025 14:27,638.3169244,669.8439593,36.64899527,18.62045918,661.1665936,-13.72735904,57.12581186
4/7/2025 14:28,636.0558608,667.4765762,36.6557559,18.59703082,658.7029517,-13.73078081,57.0724264
4/7/2025 14:29,633.7776203,665.0905156,36.6624298,18.57381132,656.2212917,-13.73424904,57.01851352
4/7/2025 14:30,631.4822699,662.6858388,36.66901468,18.5508049,653.7216883,-13.73776765,56.96407264
4/7/2025 14:31,629.1698784,660.2626088,36.67550825,18.52801585,651.2042177,-13.74134058,56.90910317
4/7/2025 14:32,626.8405164,657.8208903,36.68190818,18.50544853,648.6689576,-13.74497176,56.85360454
4/7/2025 14:33,624.4942558,655.3607497,36.68821215,18.48310731,646.1159877,-13.74866515,56.79757616
4/7/2025 14:34,622.1311706,652.8822551,36.69441782,18.46099667,643.5453891,-13.75242468,56.74101747
4/7/2025 14:35,619.7513365,650.3854763,36.7005228,18.43912108,640.9572446,-13.75625432,56.68392792
4/7/2025 14:36,617.3548308,647.870485,36.70652474,18.4174851,638.3516388,-13.76015801,56.62630695
4/7/2025 14:37,614.9417328,645.3373546,36.71242124,18.39609332,635.7286581,-13.76413971,56.56815404
4/7/2025 14:38,612.5121234,642.7861603,36.7182099,18.37495039,633.0883905,-13.76820338,56.50946864
4/7/2025 14:39,610.0660855,640.2169791,36.7238883,18.35406099,630.4309258,-13.77235295,56.45025026
4/7/2025 14:40,607.6037037,637.6298901,36.72945402,18.33342984,627.7563556,-13.77659239,56.3904984
4/7/2025 14:41,605.1250644,635.0249738,36.73490462,18.31306171,625.0647735,-13.78092563,56.33021257
4/7/2025 14:42,602.6302561,632.4023132,36.74023767,18.2929614,622.3562745,-13.78535661,56.26939233
4/7/2025 14:43,600.1193689,629.7619927,36.7454507,18.27313376,619.6309557,-13.78988926,56.20803722
4/7/2025 14:44,597.5924949,627.1040988,36.75054126,18.25358366,616.8889161,-13.79452751,56.14614682
4/7/2025 14:45,595.0497281,624.4287201,36.75550689,18.23431601,614.1302565,-13.79927526,56.08372074
4/7/2025 14:46,592.4911644,621.7359469,36.7603451,18.21533574,611.3550794,-13.80413642,56.0207586
4/7/2025 14:47,589.9169016,619.0258717,36.76505343,18.19664784,608.5634894,-13.80911489,55.95726004
4/7/2025 14:48,587.3270395,616.2985888,36.76962938,18.17825729,605.755593,-13.81421454,55.89322474
4/7/2025 14:49,584.7216797,613.5541947,36.77407047,18.16016913,602.9314986,-13.81943923,55.82865241
4/7/2025 14:50,582.1009258,610.7927879,36.77837421,18.14238839,600.0913164,-13.82479282,55.76354275
4/7/2025 14:51,579.4648836,608.0144688,36.78253811,18.12492015,597.2351586,-13.83027913,55.69789555
4/7/2025 14:52,576.8136605,605.21934,36.78655967,18.1077695,594.3631396,-13.83590199,55.63171057
4/7/2025 14:53,574.1473661,602.4075061,36.79043641,18.09094156,591.4753754,-13.8416652,55.56498765
4/7/2025 14:54,571.4661118,599.5790739,36.79416583,18.07444143,588.5719841,-13.84757252,55.49772664
4/7/2025 14:55,568.7700114,596.7341522,36.79774544,18.05827428,585.6530859,-13.85362771,55.42992742
4/7/2025 14:56,566.0591801,593.8728518,36.80117274,18.04244524,582.718803,-13.85983452,55.36158992
4/7/2025 14:57,563.3337357,590.9952859,36.80444525,18.02695949,579.7692593,-13.86619665,55.2927141
4/7/2025 14:58,560.5937976,588.1015696,36.80756049,18.0118222,576.8045812,-13.87271779,55.22329997
4/7/2025 14:59,557.8394874,585.1918203,36.81051597,17.99703856,573.8248967,-13.8794016,55.15334755
4/7/2025 15:00,554.1763103,580.9735758,36.81265152,17.99513407,569.6700595,-13.90830028,55.04395821
4/7/2025 15:01,551.3936287,578.0321212,36.81528008,17.98107328,566.660755,-13.91532031,54.97292951
4/7/2025 15:02,548.5969518,575.0749985,36.81774147,17.9673817,563.6368407,-13.92251383,54.9013629
4/7/2025 15:03,545.7864094,572.1023338,36.82003325,17.95406453,560.5984531,-13.9298844,54.82925858
4/7/2025 15:04,542.9621331,569.1142553,36.82215298,17.94112697,557.5457306,-13.93743552,54.75661682
4/7/2025 15:05,540.1242567,566.1108935,36.8240982,17.92857419,554.4788136,-13.94517069,54.6834379
4/7/2025 15:06,537.272916,563.092381,36.8258665,17.91641138,551.3978445,-13.95309336,54.60972218
4/7/2025 15:07,534.4082488,560.0588526,36.82745545,17.90464372,548.3029679,-13.96120695,54.53547006
4/7/2025 15:08,531.5303951,557.0104453,36.82886266,17.89327637,545.1943305,-13.96951484,54.46068198
4/7/2025 15:09,528.6394967,553.9472985,36.83008574,17.88231448,542.072081,-13.97802038,54.38535845
4/7/2025 15:10,525.7356975,550.8695536,36.83112229,17.8717632,538.9363701,-13.98672688,54.30950001
4/7/2025 15:11,522.8191436,547.7773544,36.83196996,17.86162764,535.7873507,-13.99563761,54.23310728
4/7/2025 15:12,519.889983,544.6708468,36.83262639,17.85191293,532.6251778,-14.0047558,54.1561809
4/7/2025 15:13,516.9483658,541.5501792,36.83308925,17.84262415,529.4500082,-14.01408466,54.0787216
4/7/2025 15:14,513.9944441,538.4155018,36.83335621,17.83376636,526.2620011,-14.02362732,54.00073015
4/7/2025 15:15,511.028372,535.2669674,36.83342498,17.82534463,523.0613177,-14.03338689,53.92220736
4/7/2025 15:16,508.0503056,532.1047309,36.83329327,17.81736396,519.8481211,-14.04336646,53.84315415
4/7/2025 15:17,505.0604032,528.9289495,36.83295881,17.80982935,516.6225766,-14.05356902,53.76357144
4/7/2025 15:18,502.0588248,525.7397826,36.83241935,17.80274578,513.3848515,-14.06399757,53.68346024
4/7/2025 15:19,499.0457327,522.5373918,36.83167267,17.79611819,510.1351154,-14.07465504,53.60282163
4/7/2025 15:20,496.0212909,519.3219409,36.83071655,17.78995147,506.8735395,-14.0855443,53.52165674
4/7/2025 15:21,492.9856658,516.0935961,36.82954882,17.78425051,503.6002974,-14.09666819,53.43996676
4/7/2025 15:22,489.9390254,512.8525257,36.8281673,17.77902015,500.3155648,-14.10802951,53.35775294
4/7/2025 15:23,486.8815399,509.5989003,36.82656985,17.77426518,497.019519,-14.11963099,53.27501662
4/7/2025 15:24,483.8133813,506.3328925,36.82475436,17.76999037,493.7123399,-14.13147531,53.19175918
4/7/2025 15:25,480.7347236,503.0546774,36.82271873,17.76620045,490.3942089,-14.14356512,53.10798209
4/7/2025 15:26,477.6457428,499.7644322,36.82046089,17.76290009,487.0653098,-14.155903,53.02368685
4/7/2025 15:27,474.5466169,496.4623362,36.81797879,17.76009394,483.7258282,-14.16849149,52.93887507
4/7/2025 15:28,471.4375257,493.148571,36.81527043,17.75778657,480.3759517,-14.18133305,52.85354842
4/7/2025 15:29,468.3186508,489.8233203,36.81233381,17.75598255,477.0158701,-14.19443011,52.76770861
4/7/2025 15:30,465.1901759,486.4867701,36.80916696,17.75468636,473.6457748,-14.20778505,52.68135745
4/7/2025 15:31,462.0522865,483.1391084,36.80576795,17.75390244,470.2658594,-14.22140018,52.59449682
4/7/2025 15:32,458.90517,479.7805255,36.80213487,17.7536352,466.8763196,-14.23527774,52.50712866
4/7/2025 15:33,455.7490156,476.4112137,36.79826585,17.75388896,463.4773526,-14.24941995,52.419255
4/7/2025 15:34,452.5840142,473.0313675,36.79415903,17.75466802,460.0691578,-14.26382894,52.33087792
4/7/2025 15:35,449.4103588,469.6411835,36.78981261,17.7559766,456.6519367,-14.27850679,52.24199959
4/7/2025 15:36,446.2282441,466.2408605,36.7852248,17.75781886,453.2258922,-14.29345553,52.15262225
4/7/2025 15:37,443.0378664,462.8305992,36.78039384,17.76019891,449.7912294,-14.30867712,52.06274821
4/7/2025 15:38,439.8394239,459.4106025,36.77531801,17.7631208,446.3481552,-14.32417346,51.97237988
4/7/2025 15:39,436.6331167,455.9810753,36.76999563,17.7665885,442.8968785,-14.3399464,51.88151971
4/7/2025 15:40,433.4191464,452.5422246,36.76442504,17.77060594,439.4376096,-14.3559977,51.79017026
4/7/2025 15:41,430.1977164,449.0942594,36.75860463,17.77517697,435.970561,-14.37232909,51.69833414
4/7/2025 15:42,426.9690317,445.6373906,36.7525328,17.78030535,432.4959469,-14.38894223,51.60601406
4/7/2025 15:43,423.733299,442.1718312,36.74620801,17.78599482,429.0139831,-14.4058387,51.51321279
4/7/2025 15:44,420.4907268,438.6977962,36.73962875,17.79224901,425.5248873,-14.42302002,51.41993319
4/7/2025 15:45,417.241525,435.2155024,36.73279353,17.79907149,422.0288789,-14.44048767,51.32617821
4/7/2025 15:46,413.9859052,431.7251686,36.72570092,17.80646575,418.526179,-14.45824302,51.23195084
4/7/2025 15:47,410.7240805,428.2270156,36.71834952,17.81443522,415.0170103,-14.47628743,51.13725419
4/7/2025 15:48,407.4562656,424.721266,36.71073796,17.82298324,411.5015973,-14.49462214,51.04209143
4/7/2025 15:49,404.1826769,421.2081441,36.70286491,17.83211309,407.980166,-14.51324837,50.94646583
4/7/2025 15:50,400.9035319,417.6878764,36.69472908,17.84182793,404.4529441,-14.53216723,50.8503807
4/7/2025 15:51,397.61905,414.1606909,36.68632924,17.8521309,400.9201609,-14.5513798,50.75383948
4/7/2025 15:52,394.3294516,410.6268175,36.67766416,17.863025,397.3820471,-14.57088707,50.65684565
4/7/2025 15:53,391.034959,407.0864879,36.66873268,17.87451319,393.8388352,-14.59068996,50.55940281
4/7/2025 15:54,387.7357954,403.5399354,36.65953368,17.88659832,390.2907589,-14.61078935,50.4615146
4/7/2025 15:55,384.4321858,399.9873952,36.65006607,17.89928318,386.7380535,-14.63118602,50.36318477
4/7/2025 15:56,381.1243563,396.429104,36.6403288,17.91257043,383.180956,-14.65188069,50.26441714
4/7/2025 15:57,377.8125343,392.8653003,36.63032086,17.9264627,379.6197044,-14.67287402,50.16521561
4/7/2025 15:58,374.4969486,389.2962241,36.62004131,17.94096249,376.0545384,-14.69416659,50.06558418
4/7/2025 15:59,371.177829,385.7221172,36.60948922,17.95607222,372.4856989,-14.71575892,49.96552691
4/7/2025 16:00,366.9607884,380.8506411,36.59800602,17.98431456,367.7531517,-14.75970001,49.82614923
4/7/2025 16:01,363.635296,377.2672038,36.58690626,18.00065108,364.1776934,-14.78189311,49.7252528
4/7/2025 16:02,360.3069668,373.67947,36.57553148,18.01760427,360.5992923,-14.80438709,49.62394323
4/7/2025 16:03,356.9760355,370.0876874,36.56388091,18.03517618,357.0181947,-14.82718219,49.5222249
4/7/2025 16:04,353.6427378,366.4921052,36.55195387,18.05336877,353.4346477,-14.85027856,49.42010229
4/7/2025 16:05,350.3073104,362.892974,36.5397497,18.0721839,349.8488998,-14.8736763,49.31757995
4/7/2025 16:06,346.9699911,359.2905458,36.52726778,18.09162335,346.2612008,-14.89737542,49.21466253
4/7/2025 16:07,343.6310188,355.6850739,36.51450756,18.11168877,342.6718012,-14.92137589,49.11135474
4/7/2025 16:08,340.290633,352.0768128,36.5014685,18.13238175,339.0809529,-14.94567758,49.00766138
4/7/2025 16:09,336.9490744,348.4660185,36.48815015,18.15370377,335.4889088,-14.97028029,48.90358732
4/7/2025 16:10,333.6065845,344.852948,36.47455207,18.17565618,331.8959226,-14.99518377,48.79913752
4/7/2025 16:11,330.2634057,341.2378598,36.46067387,18.19824028,328.3022491,-15.02038768,48.69431703
4/7/2025 16:12,326.919781,337.6210132,36.44651523,18.22145723,324.7081441,-15.04589161,48.58913095
4/7/2025 16:13,323.5759545,334.0026689,36.43207585,18.2453081,321.1138642,-15.0716951,48.48358448
4/7/2025 16:14,320.2321707,330.3830885,36.41735549,18.26979387,317.5196668,-15.0977976,48.37768291
4/7/2025 16:15,316.8886749,326.7625348,36.40235396,18.2949154,313.9258102,-15.12419848,48.27143157
4/7/2025 16:16,313.5457132,323.1412715,36.3870711,18.32067345,310.3325535,-15.15089706,48.1648359
4/7/2025 16:17,310.2035322,319.5195634,36.37150682,18.34706869,306.7401563,-15.17789258,48.0579014
4/7/2025 16:18,306.862379,315.8976759,36.35566106,18.37410166,303.1488793,-15.20518422,47.95063366
4/7/2025 16:19,303.5225014,312.2758757,36.33953382,18.40177282,299.5589835,-15.23277107,47.84303834
4/7/2025 16:20,300.1841476,308.6544301,36.32312513,18.43008252,295.9707307,-15.26065216,47.73512117
4/7/2025 16:21,296.8475662,305.0336072,36.30643508,18.45903098,292.3843831,-15.28882646,47.62688796
4/7/2025 16:22,293.5130063,301.4136761,36.28946382,18.48861834,288.8002037,-15.31729285,47.5183446
4/7/2025 16:23,290.1807174,297.7949063,36.27221152,18.51884463,285.2184558,-15.34605016,47.40949704
4/7/2025 16:24,286.8509493,294.1775682,36.25467841,18.54970976,281.6394032,-15.37509714,47.30035131
4/7/2025 16:25,283.5239521,290.5619327,36.23686478,18.58121355,278.0633101,-15.40443247,47.19091351
4/7/2025 16:26,280.1999761,286.9482713,36.21877095,18.61335569,274.490441,-15.43405477,47.08118982
4/7/2025 16:27,276.8792719,283.3368562,36.2003973,18.64613579,270.9210609,-15.46396258,46.97118648
4/7/2025 16:28,273.5620902,279.7279599,36.18174424,18.67955333,267.3554348,-15.49415438,46.86090981
4/7/2025 16:29,270.2486819,276.1218554,36.16281226,18.71360769,263.7938283,-15.52462859,46.75036619
4/7/2025 16:30,266.9392978,272.5188163,36.14360187,18.74829813,260.2365068,-15.55538354,46.63956207
4/7/2025 16:31,263.6341891,268.9191163,36.12411363,18.78362384,256.6837361,-15.58641751,46.52850397
4/7/2025 16:32,260.3336065,265.3230296,36.10434815,18.81958384,253.1357821,-15.61772871,46.41719848
4/7/2025 16:33,257.0378011,261.7308305,36.08430611,18.85617711,249.5929106,-15.64931529,46.30565224
4/7/2025 16:34,253.7470237,258.1427937,36.06398821,18.89340246,246.0553875,-15.68117533,46.19387198
4/7/2025 16:35,250.461525,254.559194,36.0433952,18.93125862,242.5234787,-15.71330683,46.08186447
4/7/2025 16:36,247.1815554,250.9803064,36.02252789,18.96974422,238.99745,-15.74570774,45.96963655
4/7/2025 16:37,243.9073654,247.4064057,36.00138713,19.00885778,235.477567,-15.77837596,45.85719514
4/7/2025 16:38,240.6392049,243.8377672,35.97997382,19.04859768,231.9640952,-15.8113093,45.74454719
4/7/2025 16:39,237.3773236,240.2746658,35.9582889,19.08896223,228.4572998,-15.84450551,45.63169973
4/7/2025 16:40,234.1219709,236.7173765,35.93633337,19.12994961,224.9574458,-15.87796231,45.51865985
4/7/2025 16:41,230.8733958,233.1661741,35.91410826,19.1715579,221.464798,-15.9116773,45.40543468
4/7/2025 16:42,227.6318468,229.6213334,35.89161465,19.21378508,217.9796206,-15.94564808,45.29203142
4/7/2025 16:43,224.3975718,226.0831289,35.86885368,19.256629,214.5021775,-15.97987215,45.17845732
4/7/2025 16:44,221.1708185,222.5518347,35.84582652,19.30008743,211.0327322,-16.01434695,45.0647197
4/7/2025 16:45,217.9518336,219.0277248,35.8225344,19.34415802,207.5715476,-16.04906989,44.9508259
4/7/2025 16:46,214.7408635,215.5110728,35.79897858,19.38883831,204.1188862,-16.0840383,44.83678335
4/7/2025 16:47,211.5381538,212.0021518,35.77516038,19.43412574,200.6750097,-16.11924944,44.7225995
4/7/2025 16:48,208.3439493,208.5012344,35.75108116,19.48001764,197.2401792,-16.15470054,44.60828186
4/7/2025 16:49,205.1584942,205.008593,35.72674231,19.52651125,193.8146552,-16.19038875,44.49383799
4/7/2025 16:50,201.9820318,201.5244991,35.70214528,19.57360369,190.3986975,-16.22631118,44.3792755
4/7/2025 16:51,198.8148046,198.0492237,35.67729157,19.62129197,186.9925649,-16.26246488,44.26460205
4/7/2025 16:52,195.6570541,194.5830372,35.65218271,19.66957302,183.5965155,-16.29884684,44.14982531
4/7/2025 16:53,192.5090209,191.1262092,35.62682028,19.71844365,180.2108065,-16.335454,44.03495304
4/7/2025 16:54,189.3709447,187.6790086,35.60120589,19.76790057,176.8356942,-16.37228325,43.919993
4/7/2025 16:55,186.2430641,184.2417035,35.57534122,19.81794039,173.4714339,-16.40933142,43.80495302
4/7/2025 16:56,183.1256165,180.8145611,35.54922798,19.86855962,170.1182797,-16.4465953,43.68984096
4/7/2025 16:57,180.0188384,177.3978476,35.5228679,19.91975468,166.7764849,-16.48407161,43.57466471
4/7/2025 16:58,176.9229649,173.9918284,35.49626278,19.97152187,163.4463014,-16.52175705,43.4594322
4/7/2025 16:59,173.8382301,170.5967677,35.46941445,20.02385741,160.1279801,-16.55964824,43.34415139
4/7/2025 17:00,169.8702482,165.9203473,35.44166709,20.08927773,155.6614941,-16.61979033,43.18993156
4/7/2025 17:01,166.8084875,162.5479924,35.414338,20.1427382,152.3676448,-16.65808274,43.07457818
4/7/2025 17:02,163.7585597,159.1873824,35.38677145,20.19675507,149.0864028,-16.69657053,42.95920059
4/7/2025 17:03,160.7206935,155.838777,35.35896941,20.25132416,145.8180136,-16.73525013,42.84380686
4/7/2025 17:04,157.6951161,152.5024347,35.33093393,20.3064412,142.5627214,-16.77411794,42.72840512
4/7/2025 17:05,154.6820531,149.1786126,35.30266708,20.36210184,139.3207692,-16.81317034,42.61300351
4/7/2025 17:06,151.6817289,145.8675664,35.27417096,20.41830162,136.0923981,-16.85240363,42.49761018
4/7/2025 17:07,148.6943662,142.5695505,35.24544771,20.47503599,132.8778478,-16.89181409,42.38223331
4/7/2025 17:08,145.7201858,139.2848178,35.21649954,20.53230031,129.6773565,-16.93139795,42.26688112
4/7/2025 17:09,142.7594072,136.0136195,35.18732864,20.59008986,126.4911605,-16.9711514,42.15156181
4/7/2025 17:10,139.812248,132.7562056,35.15793728,20.64839983,123.3194946,-17.01107061,42.03628365
4/7/2025 17:11,136.8789242,129.512824,35.12832776,20.70722531,120.1625918,-17.05115167,41.92105487
4/7/2025 17:12,133.9596499,126.2837213,35.0985024,20.76656131,117.0206832,-17.09139069,41.80588374
4/7/2025 17:13,131.0546374,123.0691422,35.06846356,20.82640277,113.8939982,-17.13178369,41.69077856
4/7/2025 17:14,128.164097,119.8693297,35.03821363,20.88674452,110.7827644,-17.17232669,41.57574761
4/7/2025 17:15,125.2882373,116.684525,35.00775506,20.94758133,107.6872071,-17.21301567,41.46079919
4/7/2025 17:16,122.4272648,113.5149673,34.97709029,21.00890787,104.60755,-17.25384656,41.34594162
4/7/2025 17:17,119.581384,110.3608939,34.94622183,21.07071875,101.5440145,-17.29481528,41.2311832
4/7/2025 17:18,116.7507975,107.2225404,34.91515221,21.13300848,98.49682016,-17.33591771,41.11653225
4/7/2025 17:19,113.9357057,104.10014,34.88388398,21.1957715,95.46618427,-17.3771497,41.0019971
4/7/2025 17:20,111.1363068,100.9939241,34.85241972,21.25900218,92.45232204,-17.41850707,40.88758607
4/7/2025 17:21,108.3527969,97.90412192,34.82076207,21.32269482,89.45544644,-17.45998562,40.77330747
4/7/2025 17:22,105.58537,94.83096044,34.78891367,21.38684362,86.47576817,-17.50158111,40.65916962
4/7/2025 17:23,102.8342179,91.77466457,34.75687719,21.45144273,83.51349572,-17.54328928,40.54518084
4/7/2025 17:24,100.0995297,88.73545687,34.72465534,21.51648622,80.56883518,-17.58510587,40.43134943
4/7/2025 17:25,97.38149268,85.71355764,34.69225086,21.58196811,77.64199026,-17.62702655,40.31768369
4/7/2025 17:26,94.68029152,82.70918484,34.65966651,21.64788231,74.73316233,-17.66904702,40.20419191
4/7/2025 17:27,91.99610852,79.72255403,34.62690506,21.71422271,71.8425502,-17.71116291,40.09088237
4/7/2025 17:28,89.32912359,76.75387835,34.59396934,21.78098309,68.97035026,-17.75336986,39.97776332
4/7/2025 17:29,86.67951414,73.80336844,34.56086218,21.84815721,66.11675633,-17.79566348,39.86484302
4/7/2025 17:30,84.04745508,70.87123244,34.52758644,21.91573874,63.28195962,-17.83803939,39.7521297
4/7/2025 17:31,81.43311879,67.95767592,34.49414501,21.9837213,60.46614878,-17.88049314,39.63963158
4/7/2025 17:32,78.83667506,65.06290184,34.46054079,22.05209844,57.66950975,-17.92302031,39.52735684
4/7/2025 17:33,76.25829105,62.18711049,34.42677672,22.12086365,54.89222577,-17.96561646,39.41531365
4/7/2025 17:34,73.69813132,59.3304995,34.39285574,22.19001039,52.13447737,-18.00827711,39.30351017
4/7/2025 17:35,71.1563577,56.49326373,34.35878084,22.25953204,49.39644228,-18.05099779,39.19195452
4/7/2025 17:36,68.63312934,53.6755953,34.324555,22.32942194,46.67829544,-18.09377403,39.08065479
4/7/2025 17:37,66.12860263,50.87768348,34.29018123,22.39967336,43.98020891,-18.13660132,38.96961905
4/7/2025 17:38,63.64293115,48.09971467,34.25566258,22.47027955,41.30235186,-18.17947517,38.85885533
4/7/2025 17:39,61.17626573,45.34187245,34.22100208,22.54123368,38.64489059,-18.22239106,38.74837163
4/7/2025 17:40,58.72875432,42.60433737,34.1862028,22.6125289,36.00798837,-18.26534448,38.63817593
4/7/2025 17:41,56.30054197,39.88728703,34.15126783,22.68415829,33.3918055,-18.30833091,38.52827616
4/7/2025 17:42,53.8917709,37.19089607,34.11620027,22.75611492,30.79649929,-18.35134582,38.41868021
4/7/2025 17:43,51.50258032,34.51533601,34.08100323,22.82839179,28.22222393,-18.39438469,38.30939593
4/7/2025 17:44,49.13310653,31.86077533,34.04567985,22.90098186,25.66913055,-18.43744298,38.20043115
4/7/2025 17:45,46.78348282,29.22737937,34.01023325,22.97387807,23.13736716,-18.48051618,38.09179363
4/7/2025 17:46,44.45383945,26.61531027,33.97466661,23.04707332,20.62707857,-18.52359974,37.9834911
4/7/2025 17:47,42.14430367,24.02472706,33.93898309,23.12056045,18.13840645,-18.56668915,37.87553124
4/7/2025 17:48,39.85499962,21.45578547,33.90318586,23.19433231,15.67148921,-18.60977988,37.76792169
4/7/2025 17:49,37.58604836,18.90863798,33.86727813,23.26838168,13.22646202,-18.65286741,37.66067003
4/7/2025 17:50,35.33756784,16.38343382,33.83126309,23.34270133,10.80345679,-18.69594723,37.55378378
4/7/2025 17:51,33.10967284,13.88031883,33.79514394,23.41728399,8.402602082,-18.73901483,37.44727044
4/7/2025 17:52,30.90247499,11.39943553,33.75892392,23.49212238,6.024023171,-18.78206571,37.34113742
4/7/2025 17:53,28.71608271,8.940923047,33.72260625,23.56720919,3.667841936,-18.82509538,37.2353921
4/7/2025 17:54,26.55060119,6.504917043,33.68619415,23.64253708,1.334176846,-18.86809937,37.13004178
4/7/2025 17:55,24.40613244,4.091549815,33.64969088,23.71809869,-0.976856973,-18.91107319,37.02509372
4/7/2025 17:56,22.28277515,1.700950098,33.61309967,23.79388665,-3.265147913,-18.95401239,36.92055511
4/7/2025 17:57,20.18062475,-0.666756849,33.57642379,23.86989356,-5.5305878,-18.99691254,36.81643306
4/7/2025 17:58,18.09977339,-3.011449284,33.53966647,23.94611203,-7.773071931,-19.03976919,36.71273466
4/7/2025 17:59,16.04030986,-5.333009061,33.50283098,24.02253462,-9.992499153,-19.08257793,36.60946689
4/7/2025 18:00,13.10770124,-8.923903173,33.46526289,24.11167424,-13.3490483,-19.14738293,36.46773797
4/7/2025 18:01,11.0912665,-11.19885747,33.42828085,24.18848278,-15.52207229,-19.19008269,36.36535219
4/7/2025 18:02,9.096465968,-13.45034623,33.39123043,24.26547311,-17.67175712,-19.2327214,36.26341762
4/7/2025 18:03,7.123375018,-15.67826577,33.35411489,24.34263779,-19.79801587,-19.27529472,36.16194099
4/7/2025 18:04,5.172065608,-17.8825161,33.31693749,24.41996935,-21.90076524,-19.31779833,36.06092894
4/7/2025 18:05,3.242606301,-20.06300095,33.27970151,24.49746031,-23.97992555,-19.36022794,35.96038804
4/7/2025 18:06,1.335062211,-22.21962774,33.24241019,24.57510322,-26.03542078,-19.40257926,35.86032478
4/7/2025 18:07,-0.550504993,-24.35230769,33.2050668,24.65289061,-28.06717859,-19.44484805,35.76074558
4/7/2025 18:08,-2.414037074,-26.46095572,33.16767459,24.73081502,-30.07513029,-19.48703008,35.66165677
4/7/2025 18:09,-4.255479283,-28.54549058,33.13023682,24.80886898,-32.05921091,-19.52912114,35.56306461
4/7/2025 18:10,-6.074780351,-30.60583481,33.09275673,24.88704504,-34.0193592,-19.57111708,35.46497528
4/7/2025 18:11,-7.871892475,-32.64191477,33.05523756,24.96533575,-35.95551761,-19.61301373,35.36739486
4/7/2025 18:12,-9.64677137,-34.65366064,33.01768254,25.04373368,-37.86763234,-19.65480698,35.27032935
4/7/2025 18:13,-11.39937624,-36.64100646,32.9800949,25.12223141,-39.75565333,-19.69649276,35.17378467
4/7/2025 18:14,-13.12966981,-38.60389013,32.94247787,25.20082151,-41.61953429,-19.738067,35.07776666
4/7/2025 18:15,-14.83761835,-40.54225346,32.90483464,25.2794966,-43.45923271,-19.77952569,34.98228106
4/7/2025 18:16,-16.52319158,-42.45604209,32.86716844,25.35824929,-45.27470983,-19.82086483,34.88733351
4/7/2025 18:17,-18.18636284,-44.34520561,32.82948244,25.43707222,-47.0659307,-19.86208047,34.79292958
4/7/2025 18:18,-19.82710895,-46.20969752,32.79177983,25.51595804,-48.83286417,-19.90316869,34.69907474
4/7/2025 18:19,-21.44541029,-48.04947521,32.75406378,25.59489944,-50.57548287,-19.94412561,34.60577435
4/7/2025 18:20,-23.04125077,-49.86450004,32.71633744,25.67388913,-52.29376325,-19.98494738,34.51303369
4/7/2025 18:21,-24.61461785,-51.65473727,32.67860397,25.75291981,-53.98768557,-20.02563019,34.42085795
4/7/2025 18:22,-26.16550252,-53.42015615,32.6408665,25.83198426,-55.6572339,-20.06617028,34.32925222
4/7/2025 18:23,-27.69389935,-55.16072987,32.60312814,25.91107525,-57.30239615,-20.10656391,34.23822146
4/7/2025 18:24,-29.19980642,-56.87643555,32.565392,25.9901856,-58.92316404,-20.14680739,34.14777058
4/7/2025 18:25,-30.68322536,-58.56725433,32.52766117,26.06930815,-60.5195331,-20.18689708,34.05790435
4/7/2025 18:26,-32.14416136,-60.23317126,32.48993872,26.14843579,-62.09150271,-20.22682937,33.96862746
4/7/2025 18:27,-33.58262312,-61.8741754,32.4522277,26.22756141,-63.63907604,-20.26660069,33.87994449
4/7/2025 18:28,-34.9986229,-63.49025978,32.41453116,26.30667799,-65.16226013,-20.30620753,33.79185991
4/7/2025 18:29,-36.39217646,-65.08142138,32.37685212,26.3857785,-66.6610658,-20.34564642,33.70437809
4/7/2025 18:30,-37.76330312,-66.64766116,32.33919357,26.46485597,-68.13550769,-20.38491392,33.61750331
4/7/2025 18:31,-39.11202571,-68.18898409,32.3015585,26.54390349,-69.58560429,-20.42400666,33.53123971
4/7/2025 18:32,-40.43837054,-69.70539905,32.26394987,26.62291415,-71.01137785,-20.46292129,33.44559135
4/7/2025 18:33,-41.74236746,-71.19691893,32.22637063,26.70188112,-72.41285446,-20.50165454,33.36056217
4/7/2025 18:34,-43.0240498,-72.66356059,32.1888237,26.7807976,-73.790064,-20.54020316,33.276156
4/7/2025 18:35,-44.28345438,-74.10534481,32.15131196,26.85965685,-75.14304012,-20.57856397,33.19237657
4/7/2025 18:36,-45.52062149,-75.52229638,32.11383832,26.93845217,-76.47182029,-20.61673382,33.10922748
4/7/2025 18:37,-46.73559488,-76.91444396,32.07640561,27.01717691,-77.77644569,-20.65470963,33.02671224
4/7/2025 18:38,-47.92842177,-78.28182024,32.03901666,27.09582448,-79.05696133,-20.69248837,32.94483422
4/7/2025 18:39,-49.0991528,-79.6244618,32.00167429,27.17438834,-80.31341594,-20.73006704,32.86359671
4/7/2025 18:40,-50.24784206,-80.94240911,31.96438128,27.252862,-81.54586198,-20.76744271,32.78300286
4/7/2025 18:41,-51.37454703,-82.23570662,31.92714037,27.33123903,-82.75435567,-20.80461252,32.70305572
4/7/2025 18:42,-52.4793286,-83.50440263,31.88995432,27.40951306,-83.9389569,-20.84157363,32.62375821
4/7/2025 18:43,-53.56225102,-84.74854937,31.85282581,27.48767779,-85.0997293,-20.87832327,32.54511315
4/7/2025 18:44,-54.62338195,-85.96820291,31.81575752,27.56572696,-86.23674016,-20.91485873,32.46712323
4/7/2025 18:45,-55.66279235,-87.1634232,31.77875212,27.64365438,-87.35006044,-20.95117735,32.38979104
4/7/2025 18:46,-56.68055654,-88.33427406,31.74181221,27.72145392,-88.43976477,-20.98727654,32.31311904
4/7/2025 18:47,-57.67675213,-89.48082311,31.7049404,27.79911954,-89.50593139,-21.02315373,32.23710956
4/7/2025 18:48,-58.65146003,-90.60314181,31.66813924,27.87664523,-90.54864217,-21.05880646,32.16176484
4/7/2025 18:49,-59.60476443,-91.7013054,31.63141128,27.95402506,-91.56798257,-21.09423228,32.08708698
4/7/2025 18:50,-60.53675274,-92.77539292,31.59475902,28.03125319,-92.56404161,-21.12942884,32.01307797
4/7/2025 18:51,-61.44751562,-93.82548716,31.55818494,28.10832381,-93.5369119,-21.1643938,31.93973967
4/7/2025 18:52,-62.33714696,-94.85167468,31.52169148,28.18523122,-94.48668956,-21.19912493,31.86707384
4/7/2025 18:53,-63.20574375,-95.8540457,31.48528105,28.26196977,-95.4134742,-21.23362003,31.79508209
4/7/2025 18:54,-64.05340622,-96.8326942,31.44895605,28.33853389,-96.31736895,-21.26787696,31.72376595
4/7/2025 18:55,-64.88023769,-97.78771782,31.41271881,28.41491808,-97.19848039,-21.30189366,31.65312678
4/7/2025 18:56,-65.68634458,-98.71921784,31.37657165,28.49111692,-98.05691851,-21.33566811,31.58316585
4/7/2025 18:57,-66.47183641,-99.62729918,31.34051686,28.56712507,-98.89279675,-21.36919836,31.51388432
4/7/2025 18:58,-67.23682574,-100.5120704,31.3045567,28.64293725,-99.70623191,-21.40248253,31.44528319
4/7/2025 18:59,-67.98142816,-101.3736435,31.26869337,28.71854828,-100.4973441,-21.43551879,31.37736338
4/7/2025 19:00,-69.6003807,-103.5047158,31.23227136,28.80647338,-102.4265334,-21.49035394,31.27122693
4/7/2025 19:01,-70.304568,-104.3202432,31.19660822,28.88166687,-103.1733735,-21.52288915,31.20467195
4/7/2025 19:02,-70.988733,-105.1129301,31.16104837,28.95664413,-103.898271,-21.55517135,31.13880025
4/7/2025 19:03,-71.65300309,-105.8829025,31.12559387,29.03140029,-104.6013592,-21.58719897,31.07361225
4/7/2025 19:04,-72.29750853,-106.63029,31.09024678,29.10593057,-105.2827744,-21.61897049,31.00910823
4/7/2025 19:05,-72.92238242,-107.3552256,31.05500911,29.18023028,-105.9426565,-21.65048446,30.94528836
4/7/2025 19:06,-73.52776066,-108.0578455,31.01988281,29.25429482,-106.5811482,-21.68173951,30.8821527
4/7/2025 19:07,-74.11378196,-108.7382896,30.98486984,29.32811964,-107.1983954,-21.71273431,30.81970117
4/7/2025 19:08,-74.68058774,-109.3967007,30.94997208,29.40170033,-107.794547,-21.7434676,30.75793358
4/7/2025 19:09,-75.22832212,-110.0332251,30.9151914,29.47503253,-108.3697551,-21.77393821,30.69684962
4/7/2025 19:10,-75.75713193,-110.6480122,30.88052961,29.54811197,-108.9241747,-21.80414499,30.63644884
4/7/2025 19:11,-76.26716659,-111.2412149,30.84598851,29.62093449,-109.4579637,-21.8340869,30.57673069
4/7/2025 19:12,-76.75857817,-111.8129888,30.81156985,29.693496,-109.971283,-21.86376293,30.5176945
4/7/2025 19:13,-77.23152124,-112.363493,30.77727533,29.76579252,-110.4642965,-21.89317214,30.45933947
4/7/2025 19:14,-77.68615295,-112.8928895,30.74310663,29.83782014,-110.9371706,-21.92231369,30.40166468
4/7/2025 19:15,-78.12263291,-113.4013434,30.70906537,29.90957506,-111.3900748,-21.95118675,30.3446691
4/7/2025 19:16,-78.54112317,-113.8890228,30.67515316,29.98105355,-111.8231814,-21.9797906,30.28835158
4/7/2025 19:17,-78.94178821,-114.3560989,30.64137154,30.052252,-112.2366653,-22.00812456,30.23271084
4/7/2025 19:18,-79.32479485,-114.8027455,30.60772204,30.12316687,-112.630704,-22.03618802,30.17774549
4/7/2025 19:19,-79.69031226,-115.2291396,30.57420613,30.19379474,-113.0054778,-22.06398045,30.12345403
4/7/2025 19:20,-80.03851189,-115.635461,30.54082525,30.26413225,-113.3611696,-22.09150136,30.06983483
4/7/2025 19:21,-80.36956743,-116.0218921,30.50758079,30.33417616,-113.6979647,-22.11875034,30.01688615
4/7/2025 19:22,-80.68365477,-116.3886182,30.47447413,30.40392332,-114.0160512,-22.14572704,29.96460613
4/7/2025 19:23,-80.98095196,-116.7358273,30.44150656,30.47337067,-114.3156192,-22.17243118,29.91299281
4/7/2025 19:24,-81.26163918,-117.0637101,30.40867938,30.54251526,-114.5968618,-22.19886255,29.8620441
4/7/2025 19:25,-81.52589866,-117.3724599,30.37599382,30.61135422,-114.859974,-22.22502097,29.8117578
4/7/2025 19:26,-81.77391468,-117.6622725,30.34345108,30.67988478,-115.1051534,-22.25090638,29.76213159
4/7/2025 19:27,-82.00587349,-117.9333464,30.31105232,30.74810427,-115.3325997,-22.27651873,29.71316306
4/7/2025 19:28,-82.22196328,-118.1858822,30.27879866,30.81601011,-115.542515,-22.30185806,29.66484967
4/7/2025 19:29,-82.42237415,-118.4200835,30.24669117,30.88359984,-115.7351036,-22.32692447,29.61718877
4/7/2025 19:30,-82.60729802,-118.6361557,30.21473089,30.95087108,-115.9105718,-22.35171814,29.5701776
4/7/2025 19:31,-82.77692863,-118.8343071,30.18291883,31.01782153,-116.069128,-22.37623928,29.52381331
4/7/2025 19:32,-82.93146148,-119.0147477,30.15125592,31.08444903,-116.2109828,-22.40048818,29.47809291
4/7/2025 19:33,-83.07109376,-119.1776903,30.1197431,31.15075147,-116.3363487,-22.4244652,29.43301332
4/7/2025 19:34,-83.19602433,-119.3233494,30.08838124,31.21672689,-116.44544,-22.44817075,29.38857136
4/7/2025 19:35,-83.30645367,-119.4519419,30.05717117,31.28237337,-116.5384731,-22.4716053,29.34476375
4/7/2025 19:36,-83.40258381,-119.5636868,30.02611369,31.34768914,-116.6156662,-22.4947694,29.30158707
4/7/2025 19:37,-83.48461831,-119.6588049,29.99520955,31.4126725,-116.6772392,-22.51766364,29.25903783
4/7/2025 19:38,-83.55276218,-119.7375193,29.96445947,31.47732184,-116.7234138,-22.54028868,29.21711243
4/7/2025 19:39,-83.60722187,-119.8000547,29.93386413,31.54163568,-116.7544135,-22.56264524,29.17580717
4/7/2025 19:40,-83.64820519,-119.8466379,29.90342415,31.60561262,-116.7704631,-22.5847341,29.13511824
4/7/2025 19:41,-83.67592125,-119.8774975,29.87314013,31.66925133,-116.7717893,-22.6065561,29.09504174
4/7/2025 19:42,-83.69058046,-119.8928636,29.84301263,31.73255063,-116.7586202,-22.62811215,29.05557367
4/7/2025 19:43,-83.69239443,-119.8929683,29.81304215,31.7955094,-116.7311854,-22.64940319,29.01670993
4/7/2025 19:44,-83.68157595,-119.8780452,29.78322919,31.85812662,-116.6897158,-22.67043024,28.97844634
4/7/2025 19:45,-83.65833891,-119.8483295,29.75357416,31.92040139,-116.6344439,-22.69119438,28.94077861
4/7/2025 19:46,-83.62289829,-119.8040582,29.72407747,31.98233287,-116.5656033,-22.71169674,28.90370235
4/7/2025 19:47,-83.57547007,-119.7454693,29.69473948,32.04392036,-116.4834289,-22.7319385,28.8672131
4/7/2025 19:48,-83.5162712,-119.6728025,29.66556049,32.10516321,-116.3881569,-22.75192091,28.8313063
4/7/2025 19:49,-83.44551953,-119.586299,29.63654079,32.16606089,-116.2800244,-22.77164527,28.7959773
4/7/2025 19:50,-83.3634338,-119.4862011,29.60768063,32.22661297,-116.15927,-22.79111293,28.76122136
4/7/2025 19:51,-83.27023353,-119.3727523,29.57898019,32.2868191,-116.0261328,-22.8103253,28.72703365
4/7/2025 19:52,-83.16613902,-119.2461975,29.55043965,32.34667903,-115.8808534,-22.82928385,28.69340927
4/7/2025 19:53,-83.05137126,-119.1067827,29.52205913,32.4061926,-115.7236729,-22.84799009,28.66034323
4/7/2025 19:54,-82.92615189,-118.9547548,29.49383871,32.46535976,-115.5548336,-22.86644558,28.62783044
4/7/2025 19:55,-82.79070318,-118.790362,29.46577845,32.52418052,-115.3745782,-22.88465196,28.59586577
4/7/2025 19:56,-82.64524792,-118.6138532,29.43787835,32.58265501,-115.1831506,-22.90261089,28.56444396
4/7/2025 19:57,-82.4900094,-118.4254783,29.41013839,32.64078344,-114.9807951,-22.9203241,28.53355972
4/7/2025 19:58,-82.32521136,-118.2254881,29.38255852,32.69856612,-114.7677567,-22.93779336,28.50320764
4/7/2025 19:59,-82.15107793,-118.0141341,29.35513862,32.75600343,-114.544281,-22.9550205,28.47338228
4/7/2025 20:00,-82.86245203,-119.0842502,29.32722087,32.82561618,-115.4708906,-22.99405593,28.40517937
4/7/2025 20:01,-82.67032152,-118.8509261,29.30012049,32.88236429,-115.2272791,-23.01080448,28.37639075
4/7/2025 20:02,-82.46952983,-118.6069971,29.27317958,32.93876874,-114.9739699,-23.02731666,28.34811201
4/7/2025 20:03,-82.26030213,-118.352717,29.24639789,32.99483029,-114.7112104,-23.04359449,28.32033742
4/7/2025 20:04,-82.04286372,-118.0883407,29.21977515,33.05054976,-114.4392482,-23.05964003,28.29306116
4/7/2025 20:05,-81.81743997,-117.8141229,29.19331105,33.10592806,-114.1583311,-23.07545538,28.26627735
4/7/2025 20:06,-81.58425627,-117.5303192,29.16700523,33.16096621,-113.8687071,-23.09104269,28.23998006
4/7/2025 20:07,-81.343538,-117.2371852,29.14085732,33.21566528,-113.5706244,-23.10640416,28.21416327
4/7/2025 20:08,-81.09551044,-116.9349768,29.1148669,33.27002645,-113.2643312,-23.12154202,28.18882093
4/7/2025 20:09,-80.84039874,-116.6239502,29.08903353,33.32405096,-112.9500756,-23.13645855,28.16394692
4/7/2025 20:10,-80.57842787,-116.3043616,29.06335672,33.37774016,-112.6281058,-23.15115606,28.13953505
4/7/2025 20:11,-80.30982256,-115.9764672,29.03783596,33.43109545,-112.2986698,-23.16563692,28.1155791
4/7/2025 20:12,-80.03480725,-115.6405236,29.01247071,33.48411833,-111.9620156,-23.17990353,28.09207278
4/7/2025 20:13,-79.75360604,-115.2967869,28.98726038,33.53681037,-111.6183906,-23.19395832,28.06900975
4/7/2025 20:14,-79.46644263,-114.9455132,28.96220438,33.58917321,-111.2680423,-23.20780377,28.04638362
4/7/2025 20:15,-79.17354029,-114.5869587,28.93730205,33.64120859,-110.9112177,-23.22144239,28.02418795
4/7/2025 20:16,-78.87512179,-114.221379,28.91255273,33.69291829,-110.5481634,-23.23487674,28.00241627
4/7/2025 20:17,-78.57140934,-113.8490297,28.88795572,33.74430421,-110.1791256,-23.24810938,27.98106205
4/7/2025 20:18,-78.26262458,-113.4701659,28.86351029,33.79536828,-109.8043498,-23.26114295,27.96011871
4/7/2025 20:19,-77.94898849,-113.0850423,28.83921567,33.84611253,-109.4240812,-23.27398009,27.93957966
4/7/2025 20:20,-77.63072134,-112.6939131,28.81507109,33.89653904,-109.0385643,-23.28662349,27.91943823
4/7/2025 20:21,-77.30804266,-112.2970322,28.79107572,33.94664999,-108.6480428,-23.29907587,27.89968775
4/7/2025 20:22,-76.98117121,-111.8946527,28.76722873,33.9964476,-108.2527598,-23.31133997,27.88032149
4/7/2025 20:23,-76.65032486,-111.4870271,28.74352923,34.04593416,-107.8529575,-23.32341856,27.86133269
4/7/2025 20:24,-76.31572062,-111.0744073,28.71997633,34.09511205,-107.4488775,-23.33531446,27.84271458
4/7/2025 20:25,-75.97757453,-110.6570443,28.6965691,34.14398369,-107.0407601,-23.3470305,27.82446032
4/7/2025 20:26,-75.63610165,-110.2351883,28.6733066,34.19255159,-106.628845,-23.35856953,27.80656309
4/7/2025 20:27,-75.29151601,-109.8090888,28.65018784,34.24081828,-106.2133707,-23.36993446,27.789016
4/7/2025 20:28,-74.94403054,-109.3789943,28.62721183,34.2887864,-105.7945749,-23.38112818,27.77181216
4/7/2025 20:29,-74.59385702,-108.9451521,28.60437754,34.33645862,-105.3726937,-23.39215363,27.75494466
4/7/2025 20:30,-74.24120607,-108.5078088,28.58168392,34.38383768,-104.9479626,-23.40301378,27.73840655
4/7/2025 20:31,-73.88628708,-108.0672097,28.5591299,34.43092638,-104.5206155,-23.41371161,27.72219088
4/7/2025 20:32,-73.52930814,-107.6235991,28.53671438,34.47772756,-104.0908852,-23.42425012,27.70629067
4/7/2025 20:33,-73.17047605,-107.1772198,28.51443624,34.52424414,-103.6590031,-23.43463234,27.69069894
4/7/2025 20:34,-72.80999622,-106.7283137,28.49229434,34.57047907,-103.2251992,-23.4448613,27.67540869
4/7/2025 20:35,-72.44807266,-106.2771211,28.47028752,34.61643537,-102.7897022,-23.45494008,27.66041289
4/7/2025 20:36,-72.08490791,-105.8238811,28.4484146,34.66211611,-102.3527393,-23.46487174,27.64570454
4/7/2025 20:37,-71.72070304,-105.3688314,28.42667438,34.70752439,-101.914536,-23.47465939,27.6312766
4/7/2025 20:38,-71.35565753,-104.9122082,28.40506563,34.75266338,-101.4753165,-23.48430615,27.61712203
4/7/2025 20:39,-70.98996933,-104.454246,28.3835871,34.79753629,-101.0353032,-23.49381512,27.6032338
4/7/2025 20:40,-70.6238347,-103.9951779,28.36223756,34.84214638,-100.5947169,-23.50318946,27.58960486
4/7/2025 20:41,-70.25744827,-103.5352353,28.3410157,34.88649694,-100.1537766,-23.51243232,27.57622818
4/7/2025 20:42,-69.89100295,-103.074648,28.31992024,34.93059131,-99.71269959,-23.52154687,27.56309672
4/7/2025 20:43,-69.52468988,-102.6136441,28.29894987,34.97443288,-99.27170136,-23.53053626,27.55020345
4/7/2025 20:44,-69.15869842,-102.1524496,28.27810326,35.01802507,-98.83099553,-23.53940371,27.53754132
4/7/2025 20:45,-68.79321609,-101.6912892,28.25737905,35.06137134,-98.39079381,-23.54815238,27.52510333
4/7/2025 20:46,-68.42842854,-101.2303852,28.2367759,35.10447519,-97.95130595,-23.55678549,27.51288246
4/7/2025 20:47,-68.0645195,-100.7699583,28.21629243,35.14734015,-97.51273973,-23.56530625,27.50087172
4/7/2025 20:48,-67.70167075,-100.3102272,28.19592725,35.18996979,-97.07530087,-23.57371786,27.4890641
4/7/2025 20:49,-67.3400621,-99.85140833,28.17567896,35.23236771,-96.63919301,-23.58202355,27.47745265
4/7/2025 20:50,-66.97987131,-99.39371634,28.15554614,35.27453754,-96.20461767,-23.59022654,27.4660304
4/7/2025 20:51,-66.62127408,-98.93736363,28.13552737,35.31648295,-95.77177421,-23.59833004,27.45479043
4/7/2025 20:52,-66.26444403,-98.48256047,28.1156212,35.35820761,-95.34085977,-23.6063373,27.4437258
4/7/2025 20:53,-65.90955263,-98.02951491,28.09582619,35.39971525,-94.91206924,-23.61425153,27.43282963
4/7/2025 20:54,-65.55676919,-97.57843276,28.07614088,35.4410096,-94.48559522,-23.62207597,27.42209505
4/7/2025 20:55,-65.20626082,-97.12951756,28.0565638,35.48209442,-94.06162798,-23.62981384,27.41151521
4/7/2025 20:56,-64.8581924,-96.68297048,28.03709346,35.52297351,-93.64035544,-23.63746836,27.40108329
4/7/2025 20:57,-64.51272652,-96.23899034,28.01772838,35.56365068,-93.22196307,-23.64504276,27.39079251
4/7/2025 20:58,-64.1700235,-95.79777354,27.99846706,35.60412973,-92.80663395,-23.65254025,27.38063611
4/7/2025 20:59,-63.8302413,-95.359514,27.979308,35.64441452,-92.39454864,-23.65996404,27.37060736
4/7/2025 21:00,-64.388154,-96.21698479,27.95959198,35.69702924,-93.14616171,-23.6893659,27.32180086
4/7/2025 21:01,-64.05467794,-95.78521159,27.94063289,35.7369371,-92.74109563,-23.69665192,27.31200739
4/7/2025 21:02,-63.72458235,-95.35696235,27.92177149,35.77666231,-92.33979983,-23.70387384,27.30232161
4/7/2025 21:03,-63.3980156,-94.93242079,27.90300627,35.81620878,-91.94244461,-23.71103485,27.29273695
4/7/2025 21:04,-63.07512357,-94.51176797,27.88433568,35.8555804,-91.54919761,-23.71813811,27.28324688
4/7/2025 21:05,-62.75604965,-94.09518229,27.8657582,35.89478111,-91.16022377,-23.7251868,27.2738449
4/7/2025 21:06,-62.44093468,-93.68283942,27.84727226,35.93381481,-90.77568535,-23.73218406,27.26452456
4/7/2025 21:07,-62.12991696,-93.27491228,27.82887634,35.97268544,-90.39574181,-23.73913303,27.25527946
4/7/2025 21:08,-61.82313221,-92.87157098,27.81056888,36.01139694,-90.02054988,-23.74603684,27.24610325
4/7/2025 21:09,-61.52071355,-92.47298285,27.79234833,36.04995323,-89.65026346,-23.7528986,27.23698963
4/7/2025 21:10,-61.22279146,-92.07931234,27.77421314,36.08835825,-89.28503361,-23.75972141,27.22793233
4/7/2025 21:11,-60.92949379,-91.69072102,27.75616176,36.12661594,-88.92500853,-23.76650834,27.21892517
4/7/2025 21:12,-60.64094571,-91.30736755,27.73819264,36.16473023,-88.57033354,-23.77326247,27.20996198
4/7/2025 21:13,-60.3572697,-90.92940766,27.72030422,36.20270506,-88.22115103,-23.77998683,27.20103668
4/7/2025 21:14,-60.07858553,-90.55699409,27.70249496,36.24054434,-87.87760047,-23.78668446,27.19214324
4/7/2025 21:15,-59.80501023,-90.19027659,27.68476329,36.278252,-87.53981833,-23.79335836,27.18327567
4/7/2025 21:16,-59.5366581,-89.82940187,27.66710769,36.31583195,-87.20793812,-23.80001152,27.17442807
4/7/2025 21:17,-59.27364065,-89.47451361,27.64952659,36.35328808,-86.88209034,-23.80664691,27.16559457
4/7/2025 21:18,-59.01606664,-89.1257524,27.63201846,36.39062431,-86.56240244,-23.81326748,27.15676938
4/7/2025 21:19,-58.76404199,-88.78325574,27.61458176,36.42784449,-86.24899882,-23.81987613,27.14794677
4/7/2025 21:20,-58.51766984,-88.44715799,27.59721495,36.4649525,-85.94200083,-23.82647578,27.13912108
4/7/2025 21:21,-58.27705047,-88.11759036,27.57991651,36.50195218,-85.64152669,-23.8330693,27.13028672
4/7/2025 21:22,-58.04228133,-87.79468092,27.56268491,36.53884738,-85.34769154,-23.83965954,27.12143815
4/7/2025 21:23,-57.81345703,-87.47855452,27.54551863,36.57564192,-85.06060739,-23.84624932,27.11256992
4/7/2025 21:24,-57.59066929,-87.16933281,27.52841616,36.61233958,-84.78038308,-23.85284143,27.10367664
4/7/2025 21:25,-57.37400695,-86.86713422,27.51137599,36.64894414,-84.50712432,-23.85943866,27.09475299
4/7/2025 21:26,-57.16355598,-86.57207393,27.49439662,36.68545937,-84.24093364,-23.86604373,27.08579373
4/7/2025 21:27,-56.95939942,-86.28426386,27.47747656,36.72188899,-83.98191036,-23.87265936,27.07679369
4/7/2025 21:28,-56.76161743,-86.00381264,27.46061433,36.75823672,-83.73015064,-23.87928824,27.06774777
4/7/2025 21:29,-56.57028724,-85.73082561,27.44380846,36.79450623,-83.48574738,-23.88593301,27.05865097
4/7/2025 21:30,-56.38548316,-85.46540481,27.42705747,36.83070119,-83.24879031,-23.89259631,27.04949834
4/7/2025 21:31,-56.20727656,-85.20764896,27.41035992,36.86682521,-83.01936587,-23.89928071,27.04028503
4/7/2025 21:32,-56.0357359,-84.95765344,27.39371435,36.9028819,-82.7975573,-23.90598878,27.03100624
4/7/2025 21:33,-55.87092667,-84.71551027,27.37711934,36.93887482,-82.58344458,-23.91272305,27.0216573
4/7/2025 21:34,-55.71291143,-84.48130814,27.36057346,36.97480751,-82.37710442,-23.91948599,27.01223357
4/7/2025 21:35,-55.56174979,-84.25513237,27.34407529,37.01068348,-82.17861028,-23.92628008,27.00273053
4/7/2025 21:36,-55.41749843,-84.03706489,27.32762344,37.04650618,-81.98803234,-23.93310773,26.99314373
4/7/2025 21:37,-55.28021105,-83.82718426,27.31121652,37.08227905,-81.8054375,-23.93997132,26.98346879
4/7/2025 21:38,-55.14993841,-83.62556566,27.29485315,37.11800548,-81.63088941,-23.94687322,26.97370146
4/7/2025 21:39,-55.02672833,-83.43228087,27.27853197,37.15368883,-81.46444841,-23.95381573,26.96383753
4/7/2025 21:40,-54.91062568,-83.24739827,27.26225164,37.18933242,-81.30617156,-23.96080113,26.9538729
4/7/2025 21:41,-54.80167236,-83.07098283,27.24601082,37.22493953,-81.15611267,-23.96783166,26.94380355
4/7/2025 21:42,-54.69990736,-82.90309614,27.22980818,37.26051339,-81.01432221,-23.97490952,26.93362557
4/7/2025 21:43,-54.6053667,-82.74379635,27.21364243,37.29605718,-80.88084743,-23.98203687,26.92333511
4/7/2025 21:44,-54.51808347,-82.59313824,27.19751227,37.33157408,-80.75573225,-23.98921584,26.91292843
4/7/2025 21:45,-54.43808785,-82.45117314,27.18141644,37.36706717,-80.63901733,-23.9964485,26.90240188
4/7/2025 21:46,-54.36540707,-82.31794902,27.16535366,37.40253951,-80.53074007,-24.00373691,26.89175189
4/7/2025 21:47,-54.30006546,-82.19351041,27.14932271,37.43799413,-80.43093458,-24.01108305,26.88097501
4/7/2025 21:48,-54.24208442,-82.07789846,27.13332236,37.47343399,-80.33963172,-24.0184889,26.87006784
4/7/2025 21:49,-54.19148247,-81.9711509,27.11735139,37.508862,-80.25685907,-24.02595637,26.85902712
4/7/2025 21:50,-54.14827523,-81.8733021,27.10140862,37.54428102,-80.18264099,-24.03348733,26.84784966
4/7/2025 21:51,-54.11247544,-81.78438301,27.08549288,37.57969389,-80.11699859,-24.04108362,26.83653237
4/7/2025 21:52,-54.08409295,-81.70442121,27.06960301,37.61510335,-80.05994972,-24.04874704,26.82507225
4/7/2025 21:53,-54.06313478,-81.63344093,27.05373787,37.65051214,-80.01150905,-24.05647933,26.81346641
4/7/2025 21:54,-54.04960509,-81.571463,27.03789636,37.68592289,-79.971688,-24.06428219,26.80171204
4/7/2025 21:55,-54.0435052,-81.51850493,27.02207736,37.72133823,-79.94049482,-24.07215729,26.78980645
4/7/2025 21:56,-54.04483363,-81.47458085,27.0062798,37.7567607,-79.91793454,-24.08010624,26.77774701
4/7/2025 21:57,-54.05358607,-81.43970158,26.99050262,37.7921928,-79.90400906,-24.08813061,26.76553123
4/7/2025 21:58,-54.06975545,-81.41387463,26.97474478,37.82763697,-79.89871708,-24.09623194,26.75315669
4/7/2025 21:59,-54.0933319,-81.39710416,26.95900527,37.86309559,-79.90205416,-24.10441169,26.74062109
4/7/2025 22:00,-55.01892126,-82.6819727,26.94262538,37.91109132,-81.07428928,-24.13471987,26.68902348
4/7/2025 22:01,-55.05727129,-82.68331463,26.92691953,37.94658576,-81.09485873,-24.14306074,26.67615919
4/7/2025 22:02,-55.10298236,-82.69370592,26.91122906,37.98210144,-81.12402526,-24.15148422,26.66312748
4/7/2025 22:03,-55.15603372,-82.71313768,26.89555305,38.01764053,-81.16177204,-24.1599916,26.64992645
4/7/2025 22:04,-55.21640192,-82.74159779,26.87989057,38.0532051,-81.20807918,-24.16858413,26.63655427
4/7/2025 22:05,-55.28406085,-82.77907092,26.86424073,38.08879717,-81.26292374,-24.17726302,26.62300923
4/7/2025 22:06,-55.35898177,-82.82553854,26.84860266,38.12441873,-81.3262798,-24.18602942,26.6092897
4/7/2025 22:07,-55.44113334,-82.88097898,26.8329755,38.16007165,-81.3981184,-24.19488445,26.59539417
4/7/2025 22:08,-55.53048162,-82.94536739,26.81735844,38.1957578,-81.47840767,-24.20382917,26.58132123
4/7/2025 22:09,-55.62699008,-83.01867581,26.80175066,38.23147893,-81.56711274,-24.2128646,26.56706954
4/7/2025 22:10,-55.73061967,-83.10087316,26.78615138,38.26723677,-81.66419586,-24.2219917,26.5526379
4/7/2025 22:11,-55.84132884,-83.19192532,26.77055984,38.30303297,-81.76961636,-24.23121141,26.53802518
4/7/2025 22:12,-55.95907351,-83.29179507,26.7549753,38.3388691,-81.8833307,-24.24052459,26.52323037
4/7/2025 22:13,-56.08380716,-83.40044218,26.73939704,38.37474669,-82.00529252,-24.24993208,26.50825253
4/7/2025 22:14,-56.21548081,-83.51782341,26.72382438,38.41066718,-82.13545263,-24.25943466,26.49309086
4/7/2025 22:15,-56.3540431,-83.64389255,26.70825665,38.44663198,-82.27375903,-24.26903305,26.47774462
4/7/2025 22:16,-56.49944027,-83.77860045,26.69269319,38.48264239,-82.42015701,-24.27872794,26.4622132
4/7/2025 22:17,-56.6516162,-83.92189502,26.67713339,38.51869968,-82.5745891,-24.28851998,26.44649606
4/7/2025 22:18,-56.81051246,-84.07372128,26.66157665,38.55480504,-82.73699513,-24.29840974,26.43059278
4/7/2025 22:19,-56.97606833,-84.23402141,26.64602238,38.59095958,-82.90731228,-24.30839778,26.41450303
4/7/2025 22:20,-57.1482208,-84.40273474,26.63047004,38.62716437,-83.08547508,-24.31848459,26.39822657
4/7/2025 22:21,-57.32690466,-84.57979781,26.6149191,38.66342038,-83.27141547,-24.32867061,26.38176328
4/7/2025 22:22,-57.51205249,-84.76514439,26.59936905,38.69972855,-83.46506282,-24.33895625,26.3651131
4/7/2025 22:23,-57.70359471,-84.95870553,26.58381942,38.73608972,-83.66634394,-24.34934185,26.3482761
4/7/2025 22:24,-57.90145959,-85.16040957,26.56826973,38.77250468,-83.87518319,-24.35982774,26.33125242
4/7/2025 22:25,-58.10557331,-85.37018218,26.55271957,38.80897415,-84.09150241,-24.37041415,26.31404233
4/7/2025 22:26,-58.31585999,-85.58794641,26.53716852,38.84549877,-84.31522104,-24.38110132,26.29664615
4/7/2025 22:27,-58.53224172,-85.81362273,26.52161618,38.88207914,-84.54625614,-24.39188939,26.27906432
4/7/2025 22:28,-58.75463858,-86.04712903,26.50606221,38.91871576,-84.78452238,-24.4027785,26.26129738
4/7/2025 22:29,-58.98296871,-86.28838069,26.49050625,38.95540907,-85.02993214,-24.41376871,26.24334595
4/7/2025 22:30,-59.21714832,-86.53729061,26.47494799,38.99215947,-85.2823955,-24.42486006,26.22521073
4/7/2025 22:31,-59.45709173,-86.79376925,26.45938715,39.02896726,-85.54182033,-24.43605251,26.20689255
4/7/2025 22:32,-59.70271142,-87.05772467,26.44382345,39.06583267,-85.80811225,-24.44734602,26.18839228
4/7/2025 22:33,-59.95391804,-87.32906256,26.42825664,39.1027559,-86.08117478,-24.45874046,26.16971093
4/7/2025 22:34,-60.21062049,-87.60768628,26.41268651,39.13973704,-86.36090927,-24.47023568,26.15084956
4/7/2025 22:35,-60.47272592,-87.89349693,26.39711285,39.17677614,-86.64721501,-24.48183149,26.13180935
4/7/2025 22:36,-60.74013979,-88.18639336,26.3815355,39.21387317,-86.93998927,-24.49352763,26.11259153
4/7/2025 22:37,-61.01276591,-88.48627221,26.36595429,39.25102803,-87.23912729,-24.50532383,26.09319746
4/7/2025 22:38,-61.29050647,-88.79302798,26.3503691,39.28824058,-87.54452238,-24.51721974,26.07362855
4/7/2025 22:39,-61.57326207,-89.10655305,26.33477983,39.32551058,-87.85606593,-24.52921499,26.05388632
4/7/2025 22:40,-61.86093181,-89.42673775,26.31918639,39.36283774,-88.17364749,-24.54130916,26.03397236
4/7/2025 22:41,-62.15341325,-89.75347036,26.30358871,39.4002217,-88.49715475,-24.55350179,26.01388835
4/7/2025 22:42,-62.45060254,-90.08663719,26.28798677,39.43766205,-88.82647366,-24.56579238,25.99363604
4/7/2025 22:43,-62.7523944,-90.42612263,26.27238054,39.47515828,-89.16148842,-24.57818037,25.97321728
4/7/2025 22:44,-63.05868217,-90.77180918,26.25677004,39.51270986,-89.50208153,-24.59066518,25.95263398
4/7/2025 22:45,-63.36935788,-91.12357748,26.24115528,39.55031617,-89.84813388,-24.60324619,25.93188815
4/7/2025 22:46,-63.68431228,-91.4813064,26.22553633,39.58797652,-90.19952475,-24.61592271,25.91098187
4/7/2025 22:47,-64.00343486,-91.84487304,26.20991325,39.62569018,-90.55613187,-24.62869404,25.88991728
4/7/2025 22:48,-64.32661393,-92.21415283,26.19428614,39.66345633,-90.91783148,-24.64155943,25.86869663
4/7/2025 22:49,-64.65373663,-92.58901951,26.17865511,39.70127411,-91.28449835,-24.65451809,25.84732221
4/7/2025 22:50,-64.984689,-92.96934525,26.16302031,39.73914259,-91.65600587,-24.66756919,25.8257964
4/7/2025 22:51,-65.31935601,-93.35500065,26.14738187,39.77706078,-92.03222604,-24.68071186,25.80412165
4/7/2025 22:52,-65.65762162,-93.74585482,26.13174,39.81502763,-92.41302957,-24.6939452,25.78230049
4/7/2025 22:53,-65.99936878,-94.14177538,26.11609487,39.85304202,-92.79828592,-24.70726826,25.76033551
4/7/2025 22:54,-66.34447954,-94.54262859,26.10044672,39.8911028,-93.18786331,-24.72068007,25.73822937
4/7/2025 22:55,-66.69283504,-94.94827932,26.08479577,39.92920872,-93.58162883,-24.73417961,25.71598479
4/7/2025 22:56,-67.04431559,-95.35859114,26.0691423,39.9673585,-93.97944842,-24.74776582,25.69360458
4/7/2025 22:57,-67.39880068,-95.77342638,26.05348656,40.00555079,-94.38118698,-24.76143763,25.67109158
4/7/2025 22:58,-67.75616908,-96.19264616,26.03782887,40.04378421,-94.7867084,-24.7751939,25.64844872
4/7/2025 22:59,-68.11629881,-96.61611043,26.02216954,40.08205729,-95.19587559,-24.78903349,25.62567899
4/7/2025 23:00,-69.37368572,-98.33625967,26.0058512,40.13288884,-96.76882707,-24.82500376,25.56388671
4/7/2025 23:01,-69.73896965,-98.76778848,25.9901896,40.17123665,-97.18487094,-24.83900638,25.54087242
4/7/2025 23:02,-70.10664526,-99.20313529,25.97452742,40.20961943,-97.60414404,-24.85308864,25.51774057
4/7/2025 23:03,-70.4765882,-99.64215595,25.95886503,40.2480355,-98.02650594,-24.86724927,25.49449438
4/7/2025 23:04,-70.84867366,-100.0847055,25.94320286,40.28648315,-98.4518155,-24.88148694,25.47113712
4/7/2025 23:05,-71.22277637,-100.5306379,25.92754131,40.32496059,-98.87993089,-24.89580031,25.44767211
4/7/2025 23:06,-71.59877071,-100.9798068,25.91188084,40.36346601,-99.31070971,-24.91018801,25.42410274
4/7/2025 23:07,-71.97653068,-101.4320645,25.89622189,40.40199753,-99.74400896,-24.92464862,25.40043244
4/7/2025 23:08,-72.35593001,-101.8872631,25.88056494,40.44055324,-100.1796852,-24.93918071,25.37666469
4/7/2025 23:09,-72.73684216,-102.3452539,25.86491047,40.47913115,-100.6175944,-24.95378283,25.35280301
4/7/2025 23:10,-73.11914039,-102.8058876,25.84925899,40.51772927,-101.0575923,-24.96845348,25.32885098
4/7/2025 23:11,-73.50269779,-103.2690143,25.83361102,40.55634553,-101.4995341,-24.98319114,25.30481222
4/7/2025 23:12,-73.88738737,-103.7344839,25.81796708,40.59497782,-101.9432749,-24.99799429,25.28069038
4/7/2025 23:13,-74.27308203,-104.2021456,25.80232773,40.633624,-102.3886693,-25.01286134,25.25648918
4/7/2025 23:14,-74.65965467,-104.6718483,25.78669352,40.67228189,-102.835572,-25.02779072,25.23221235
4/7/2025 23:15,-75.0469782,-105.1434408,25.77106503,40.71094924,-103.2838373,-25.04278081,25.20786368
4/7/2025 23:16,-75.43492561,-105.6167713,25.75544285,40.7496238,-103.7333196,-25.05782998,25.18344698
4/7/2025 23:17,-75.82336999,-106.0916881,25.73982758,40.78830324,-104.1838729,-25.07293656,25.1589661
4/7/2025 23:18,-76.21218459,-106.5680391,25.72421982,40.82698523,-104.6353517,-25.08809888,25.13442495
4/7/2025 23:19,-76.60124288,-107.0456722,25.70862021,40.86566737,-105.0876102,-25.10331524,25.10982742
4/7/2025 23:20,-76.99041855,-107.5244354,25.69302938,40.90434726,-105.5405027,-25.11858392,25.08517748
4/7/2025 23:21,-77.37958561,-108.0041765,25.67744797,40.94302243,-105.993884,-25.13390318,25.0604791
4/7/2025 23:22,-77.76861837,-108.4847435,25.66187665,40.98169039,-106.4476086,-25.14927127,25.03573629
4/7/2025 23:23,-78.15739155,-108.9659843,25.64631609,41.02034864,-106.9015317,-25.16468641,25.01095307
4/7/2025 23:24,-78.5457803,-109.4477472,25.63076695,41.0589946,-107.3555085,-25.18014682,24.9861335
4/7/2025 23:25,-78.9336602,-109.9298806,25.61522993,41.09762572,-107.8093948,-25.19565068,24.96128167
4/7/2025 23:26,-79.32090737,-110.4122332,25.59970573,41.13623936,-108.2630466,-25.21119618,24.93640165
4/7/2025 23:27,-79.70739849,-110.894654,25.58419505,41.1748329,-108.7163205,-25.22678148,24.91149758
4/7/2025 23:28,-80.09301082,-111.3769924,25.56869861,41.21340367,-109.1690735,-25.24240474,24.88657359
4/7/2025 23:29,-80.47762226,-111.8590981,25.55321712,41.25194898,-109.6211632,-25.25806408,24.86163381
4/7/2025 23:30,-80.8611114,-112.3408215,25.53775132,41.29046613,-110.0724477,-25.27375765,24.83668243
4/7/2025 23:31,-81.24335755,-112.8220134,25.52230194,41.32895237,-110.522786,-25.28948355,24.8117236
4/7/2025 23:32,-81.6242408,-113.302525,25.50686972,41.36740494,-110.9720376,-25.30523989,24.78676152
4/7/2025 23:33,-82.00364202,-113.7822085,25.49145541,41.40582107,-111.4200627,-25.32102476,24.76180037
4/7/2025 23:34,-82.38144296,-114.2609164,25.47605977,41.44419797,-111.8667224,-25.33683625,24.73684437
4/7/2025 23:35,-82.75752622,-114.7385023,25.46068355,41.48253282,-112.3118787,-25.35267245,24.71189771
4/7/2025 23:36,-83.13177537,-115.2148201,25.44532752,41.52082279,-112.7553942,-25.36853142,24.68696461
4/7/2025 23:37,-83.50407493,-115.6897251,25.42999244,41.55906504,-113.1971329,-25.38441123,24.66204927
4/7/2025 23:38,-83.87431041,-116.1630729,25.41467909,41.5972567,-113.6369593,-25.40030994,24.63715591
4/7/2025 23:39,-84.24236841,-116.6347204,25.39938825,41.63539491,-114.0747392,-25.4162256,24.61228875
4/7/2025 23:40,-84.60813657,-117.1045254,25.38412068,41.67347678,-114.5103393,-25.43215627,24.58745198
4/7/2025 23:41,-84.9715037,-117.5723465,25.36887717,41.71149942,-114.9436277,-25.44809999,24.56264981
4/7/2025 23:42,-85.33235972,-118.0380438,25.35365851,41.74945994,-115.3744733,-25.46405482,24.53788644
4/7/2025 23:43,-85.69059581,-118.501478,25.33846548,41.78735542,-115.8027465,-25.48001879,24.51316605
4/7/2025 23:44,-86.04610432,-118.9625113,25.32329885,41.82518296,-116.2283186,-25.49598995,24.48849284
4/7/2025 23:45,-86.39877893,-119.421007,25.30815943,41.86293962,-116.6510626,-25.51196635,24.46387095
4/7/2025 23:46,-86.7485146,-119.8768296,25.29304798,41.9006225,-117.0708526,-25.52794603,24.43930456
4/7/2025 23:47,-87.09520764,-120.329845,25.27796531,41.93822867,-117.487564,-25.54392703,24.41479779
4/7/2025 23:48,-87.43875573,-120.7799203,25.26291219,41.9757552,-117.9010737,-25.55990741,24.39035478
4/7/2025 23:49,-87.77905797,-121.2269241,25.2478894,42.01319918,-118.3112601,-25.57588522,24.36597963
4/7/2025 23:50,-88.11601492,-121.6707264,25.23289773,42.05055768,-118.7180031,-25.59185852,24.34167642
4/7/2025 23:51,-88.44952859,-122.1111985,25.21793797,42.08782778,-119.121184,-25.60782537,24.31744922
4/7/2025 23:52,-88.77950253,-122.5482135,25.20301087,42.12500658,-119.5206858,-25.62378383,24.29330208
4/7/2025 23:53,-89.10584181,-122.9816458,25.18811723,42.16209117,-119.916393,-25.63973198,24.269239
4/7/2025 23:54,-89.42845311,-123.4113716,25.17325781,42.19907865,-120.3081919,-25.65566791,24.245264
4/7/2025 23:55,-89.74724468,-123.8372685,25.15843337,42.23596612,-120.6959703,-25.67158969,24.22138102
4/7/2025 23:56,-90.06212643,-124.2592159,25.14364468,42.27275072,-121.0796179,-25.68749544,24.19759402
4/7/2025 23:57,-90.37300994,-124.677095,25.1288925,42.30942956,-121.459026,-25.70338325,24.17390688
4/7/2025 23:58,-90.67980847,-125.0907885,25.11417759,42.3459998,-121.8340878,-25.71925125,24.15032349
4/7/2025 23:59,-90.98243702,-125.5001811,25.09950067,42.3824586,-122.2046982,-25.73509756,24.12684769
5/7/2025 0:00,-70.70458814,-96.17578233,25.09998954,42.1308356,-95.88439437,-25.24380352,24.99815381
5/7/2025 0:01,-70.99862874,-96.57623435,25.08539086,42.16706304,-96.24579466,-25.2596009,24.97490456
5/7/2025 0:02,-71.28825498,-96.97205045,25.07083239,42.2031706,-96.6024399,-25.27537105,24.9517742
5/7/2025 0:03,-71.57338901,-97.36312275,25.05631484,42.23915552,-96.95423274,-25.29111216,24.92876643
5/7/2025 0:04,-71.85395487,-97.74934537,25.04183894,42.27501504,-97.3010778,-25.30682243,24.90588488
5/7/2025 0:05,-72.12987846,-98.13061441,25.02740538,42.31074643,-97.64288172,-25.32250005,24.88313317
5/7/2025 0:06,-72.40108759,-98.50682802,25.01301486,42.34634699,-97.97955321,-25.33814327,24.86051487
5/7/2025 0:07,-72.66751202,-98.87788639,24.99866807,42.38181403,-98.31100305,-25.35375032,24.83803348
5/7/2025 0:08,-72.92908345,-99.24369183,24.98436568,42.41714489,-98.63714412,-25.36931947,24.81569249
5/7/2025 0:09,-73.18573555,-99.60414876,24.97010836,42.45233694,-98.95789146,-25.384849,24.79349532
5/7/2025 0:10,-73.43740399,-99.95916377,24.95589677,42.48738758,-99.27316225,-25.4003372,24.77144534
5/7/2025 0:11,-73.68402646,-100.3086456,24.94173155,42.52229424,-99.58287588,-25.41578239,24.74954588
5/7/2025 0:12,-73.92554269,-100.6525054,24.92761334,42.55705438,-99.88695395,-25.43118292,24.7278002
5/7/2025 0:13,-74.16189445,-100.9906562,24.91354277,42.59166548,-100.1853203,-25.44653714,24.70621154
5/7/2025 0:14,-74.39302561,-101.3230136,24.89952043,42.62612506,-100.477901,-25.46184344,24.68478304
5/7/2025 0:15,-74.6188821,-101.6494954,24.88554694,42.66043068,-100.7646245,-25.47710022,24.66351783
5/7/2025 0:16,-74.83941199,-101.9700217,24.87162288,42.69457994,-101.0454214,-25.4923059,24.64241894
5/7/2025 0:17,-75.05456544,-102.284515,24.85774882,42.72857045,-101.3202248,-25.50745893,24.62148939
5/7/2025 0:18,-75.26429479,-102.5929002,24.84392533,42.76239989,-101.5889702,-25.52255779,24.60073209
5/7/2025 0:19,-75.46855451,-102.8951044,24.83015295,42.79606596,-101.8515951,-25.53760098,24.58014993
5/7/2025 0:20,-75.66730124,-103.1910574,24.81643221,42.82956639,-102.1080399,-25.55258703,24.55974572
5/7/2025 0:21,-75.86049381,-103.4806913,24.80276364,42.86289898,-102.358247,-25.56751447,24.5395222
5/7/2025 0:22,-76.04809324,-103.7639406,24.78914774,42.89606155,-102.6021614,-25.58238189,24.51948207
5/7/2025 0:23,-76.23006275,-104.0407423,24.775585,42.92905197,-102.8397306,-25.59718789,24.49962793
5/7/2025 0:24,-76.40636779,-104.311036,24.76207589,42.96186815,-103.0709044,-25.61193111,24.47996236
5/7/2025 0:25,-76.57697603,-104.5747638,24.74862087,42.99450804,-103.2956353,-25.62661019,24.46048782
5/7/2025 0:26,-76.74185738,-104.8318702,24.73522039,43.02696966,-103.513878,-25.64122383,24.44120675
5/7/2025 0:27,-76.90098399,-105.0823023,24.72187486,43.05925106,-103.7255899,-25.65577075,24.4221215
5/7/2025 0:28,-77.05433025,-105.3260099,24.70858471,43.09135033,-103.9307309,-25.67024969,24.40323434
5/7/2025 0:29,-77.20187284,-105.5629453,24.69535032,43.12326562,-104.1292633,-25.68465942,24.38454749
5/7/2025 0:30,-77.34359069,-105.7930632,24.68217206,43.15499513,-104.3211522,-25.69899876,24.36606308
5/7/2025 0:31,-77.479465,-106.0163212,24.6690503,43.18653711,-104.506365,-25.71326654,24.34778318
5/7/2025 0:32,-77.60947923,-106.2326795,24.65598539,43.21788986,-104.6848716,-25.72746163,24.32970978
5/7/2025 0:33,-77.73361916,-106.4421006,24.64297763,43.24905173,-104.8566448,-25.74158293,24.3118448
5/7/2025 0:34,-77.85187281,-106.64455,24.63002733,43.28002113,-105.0216596,-25.75562937,24.29419009
5/7/2025 0:35,-77.96423052,-106.8399956,24.61713479,43.31079653,-105.1798938,-25.76959993,24.2767474
5/7/2025 0:36,-78.07068489,-107.0284083,24.60430027,43.34137643,-105.3313278,-25.78349359,24.25951844
5/7/2025 0:37,-78.17123082,-107.2097612,24.59152402,43.37175942,-105.4759444,-25.7973094,24.24250481
5/7/2025 0:38,-78.26586549,-107.3840303,24.57880626,43.40194412,-105.6137291,-25.81104643,24.22570805
5/7/2025 0:39,-78.35458838,-107.5511945,24.56614722,43.43192923,-105.7446701,-25.82470376,24.20912961
5/7/2025 0:40,-78.43740123,-107.7112349,24.55354707,43.46171348,-105.868758,-25.83828054,24.19277088
5/7/2025 0:41,-78.51430809,-107.8641357,24.541006,43.49129568,-105.985986,-25.85177594,24.17663315
5/7/2025 0:42,-78.58531526,-108.0098836,24.52852415,43.5206747,-106.0963501,-25.86518917,24.16071764
5/7/2025 0:43,-78.65043134,-108.148468,24.51610165,43.54984946,-106.1998488,-25.87851946,24.14502549
5/7/2025 0:44,-78.70966719,-108.2798809,24.50373862,43.57881896,-106.2964831,-25.89176609,24.12955775
5/7/2025 0:45,-78.76303592,-108.4041173,24.49143514,43.60758223,-106.3862566,-25.90492839,24.11431539
5/7/2025 0:46,-78.81055292,-108.5211745,24.47919129,43.63613839,-106.4691757,-25.91800569,24.09929931
5/7/2025 0:47,-78.85223581,-108.6310528,24.46700712,43.66448662,-106.5452491,-25.93099739,24.08451032
5/7/2025 0:48,-78.88810447,-108.733755,24.45488265,43.69262616,-106.6144882,-25.9439029,24.06994914
5/7/2025 0:49,-78.91818099,-108.8292866,24.4428179,43.7205563,-106.6769071,-25.9567217,24.05561641
5/7/2025 0:50,-78.94248972,-108.9176558,24.43081284,43.74827641,-106.7325222,-25.96945328,24.04151269
5/7/2025 0:51,-78.96105718,-108.9988736,24.41886745,43.77578593,-106.7813526,-25.98209717,24.02763847
5/7/2025 0:52,-78.97391213,-109.0729535,24.40698167,43.80308435,-106.8234201,-25.99465295,24.01399411
5/7/2025 0:53,-78.9810855,-109.1399116,24.39515541,43.83017124,-106.8587487,-26.00712024,24.00057994
5/7/2025 0:54,-78.9826104,-109.1997669,24.38338859,43.85704622,-106.8873653,-26.01949867,23.98739617
5/7/2025 0:55,-78.9785221,-109.2525408,24.37168109,43.883709,-106.909299,-26.03178795,23.97444294
5/7/2025 0:56,-78.96885804,-109.2982574,24.36003275,43.91015935,-106.9245816,-26.04398779,23.9617203
5/7/2025 0:57,-78.95365777,-109.3369435,24.34844343,43.93639708,-106.9332472,-26.05609796,23.94922822
5/7/2025 0:58,-78.93296298,-109.3686285,24.33691292,43.96242211,-106.9353327,-26.06811827,23.93696657
5/7/2025 0:59,-78.90681745,-109.3933442,24.32544103,43.98823439,-106.9308771,-26.08004855,23.92493516
5/7/2025 1:00,-79.7698855,-110.7037068,24.31336983,44.02635431,-108.0801986,-26.11393725,23.87423496
5/7/2025 1:01,-79.73297817,-110.7145903,24.30201447,44.0517413,-108.0627883,-26.12568716,23.86266306
5/7/2025 1:02,-79.69076391,-110.7186157,24.29071697,44.07691587,-108.038969,-26.13734681,23.85132025
5/7/2025 1:03,-79.64329472,-110.7158254,24.27947704,44.10187827,-108.0087898,-26.1489162,23.84020601
5/7/2025 1:04,-79.59062465,-110.706264,24.26829437,44.1266288,-107.9723016,-26.16039535,23.82931971
5/7/2025 1:05,-79.53280971,-110.6899787,24.25716862,44.15116786,-107.9295583,-26.17178435,23.81866061
5/7/2025 1:06,-79.46990788,-110.6670192,24.24609942,44.17549589,-107.8806157,-26.1830833,23.80822794
5/7/2025 1:07,-79.40197912,-110.6374377,24.23508641,44.19961341,-107.825532,-26.19429237,23.79802079
5/7/2025 1:08,-79.32908526,-110.6012886,24.22412917,44.22352102,-107.7643679,-26.20541173,23.78803821
5/7/2025 1:09,-79.25129007,-110.5586291,24.21322728,44.24721939,-107.697186,-26.21644162,23.77827914
5/7/2025 1:10,-79.16865919,-110.5095186,24.2023803,44.27070923,-107.6240515,-26.22738231,23.76874244
5/7/2025 1:11,-79.0812601,-110.4540187,24.19158776,44.29399136,-107.5450316,-26.2382341,23.7594269
5/7/2025 1:12,-78.98916211,-110.3921937,24.18084918,44.31706663,-107.4601958,-26.24899734,23.75033121
5/7/2025 1:13,-78.89243633,-110.32411,24.17016404,44.33993601,-107.3696158,-26.25967242,23.74145399
5/7/2025 1:14,-78.79115565,-110.2498363,24.15953182,44.36260048,-107.2733653,-26.27025974,23.73279377
5/7/2025 1:15,-78.68539469,-110.1694438,24.14895195,44.38506114,-107.1715202,-26.28075978,23.72434901
5/7/2025 1:16,-78.5752298,-110.0830056,24.13842388,44.40731913,-107.0641586,-26.29117302,23.71611807
5/7/2025 1:17,-78.46073902,-109.9905973,24.12794701,44.42937567,-106.9513605,-26.3015,23.70809925
5/7/2025 1:18,-78.34200204,-109.8922967,24.11752073,44.45123204,-106.8332079,-26.3117413,23.70029074
5/7/2025 1:19,-78.21910018,-109.7881835,24.10714439,44.4728896,-106.7097851,-26.32189752,23.6926907
5/7/2025 1:20,-78.09211638,-109.6783397,24.09681736,44.49434977,-106.5811779,-26.3319693,23.68529715
5/7/2025 1:21,-77.96113512,-109.5628495,24.08653895,44.51561405,-106.4474745,-26.34195733,23.67810809
5/7/2025 1:22,-77.82624243,-109.4417991,24.07630847,44.53668398,-106.3087646,-26.35186233,23.6711214
5/7/2025 1:23,-77.68752584,-109.3152765,24.06612521,44.5575612,-106.1651401,-26.36168505,23.6643349
5/7/2025 1:24,-77.54507437,-109.1833722,24.05598844,44.5782474,-106.0166945,-26.37142627,23.65774634
5/7/2025 1:25,-77.39897846,-109.0461782,24.0458974,44.59874433,-105.8635233,-26.38108683,23.65135338
5/7/2025 1:26,-77.24932996,-108.9037887,24.03585132,44.61905383,-105.7057237,-26.39066759,23.64515361
5/7/2025 1:27,-77.09622208,-108.7562997,24.02584941,44.63917778,-105.5433944,-26.40016944,23.63914456
5/7/2025 1:28,-76.93974939,-108.6038091,24.01589088,44.65911813,-105.3766362,-26.40959331,23.63332367
5/7/2025 1:29,-76.78000774,-108.4464166,24.00597487,44.67887691,-105.2055512,-26.41894017,23.62768832
5/7/2025 1:30,-76.61709427,-108.2842239,23.99610057,44.69845619,-105.0302434,-26.42821101,23.6222358
5/7/2025 1:31,-76.45110731,-108.1173341,23.9862671,44.71785814,-104.8508183,-26.43740686,23.61696335
5/7/2025 1:32,-76.28214642,-107.9458522,23.97647358,44.73708494,-104.6673827,-26.4465288,23.61186814
5/7/2025 1:33,-76.11031229,-107.769885,23.96671911,44.75613889,-104.4800452,-26.4555779,23.60694725
5/7/2025 1:34,-75.93570674,-107.5895408,23.95700279,44.7750223,-104.2889158,-26.46455531,23.60219772
5/7/2025 1:35,-75.75843266,-107.4049295,23.94732368,44.79373758,-104.0941059,-26.47346219,23.59761651
5/7/2025 1:36,-75.578594,-107.2161626,23.93768083,44.81228717,-103.8957283,-26.48229972,23.59320051
5/7/2025 1:37,-75.39629569,-107.023353,23.92807329,44.8306736,-103.693897,-26.49106914,23.58894657
5/7/2025 1:38,-75.21164363,-106.8266153,23.91850008,44.84889942,-103.4887274,-26.49977168,23.58485144
5/7/2025 1:39,-75.02474466,-106.6260654,23.90896019,44.86696728,-103.2803364,-26.50840864,23.58091183
5/7/2025 1:40,-74.83570646,-106.4218205,23.89945263,44.88487986,-103.0688417,-26.51698133,23.5771244
5/7/2025 1:41,-74.64463761,-106.2139994,23.88997637,44.9026399,-102.8543624,-26.52549108,23.57348573
5/7/2025 1:42,-74.45164745,-106.002722,23.88053038,44.92025019,-102.6370186,-26.53393927,23.56999235
5/7/2025 1:43,-74.25684609,-105.7881094,23.87111359,44.9377136,-102.4169318,-26.5423273,23.56664073
5/7/2025 1:44,-74.06034437,-105.5702843,23.86172496,44.95503302,-102.1942241,-26.55065658,23.56342729
5/7/2025 1:45,-73.8622538,-105.3493701,23.8523634,44.97221141,-101.9690188,-26.55892858,23.5603484
5/7/2025 1:46,-73.66268653,-105.1254915,23.84302782,44.98925179,-101.7414403,-26.56714476,23.55740036
5/7/2025 1:47,-73.4617553,-104.8987745,23.83371711,45.00615722,-101.5116136,-26.57530664,23.55457943
5/7/2025 1:48,-73.2595734,-104.6693457,23.82443018,45.02293079,-101.2796647,-26.58341573,23.55188182
5/7/2025 1:49,-73.05625464,-104.4373331,23.81516588,45.03957569,-101.0457206,-26.59147359,23.54930368
5/7/2025 1:50,-72.85191328,-104.2028655,23.80592309,45.05609509,-100.8099086,-26.59948179,23.54684114
5/7/2025 1:51,-72.64666401,-103.9660724,23.79670065,45.07249227,-100.5723572,-26.60744195,23.54449025
5/7/2025 1:52,-72.4406219,-103.7270843,23.78749741,45.08877052,-100.3331952,-26.61535566,23.54224703
5/7/2025 1:53,-72.23390235,-103.4860326,23.7783122,45.10493318,-100.0925523,-26.62322459,23.54010746
5/7/2025 1:54,-72.02662105,-103.2430492,23.76914385,45.12098363,-99.85055856,-26.63105039,23.53806748
5/7/2025 1:55,-71.81889395,-102.9982669,23.75999116,45.13692531,-99.60734465,-26.63883475,23.53612298
5/7/2025 1:56,-71.61083719,-102.7518191,23.75085295,45.15276168,-99.36304172,-26.64657937,23.53426981
5/7/2025 1:57,-71.40256706,-102.5038398,23.74172802,45.16849624,-99.11778131,-26.65428598,23.53250381
5/7/2025 1:58,-71.1942,-102.2544633,23.73261515,45.18413254,-98.87169538,-26.66195633,23.53082074
5/7/2025 1:59,-70.98585247,-102.0038248,23.72351314,45.19967417,-98.62491616,-26.66959216,23.52921635
5/7/2025 2:00,-71.67225945,-103.0446413,23.71376305,45.22764507,-99.53785273,-26.69924383,23.48878766
5/7/2025 2:01,-71.46430051,-102.7918855,23.70467906,45.24300823,-99.29008479,-26.706816,23.48732777
5/7/2025 2:02,-71.25671055,-102.5382751,23.69560224,45.25828768,-99.04202182,-26.71435904,23.48593363
5/7/2025 2:03,-71.04960587,-102.2839466,23.68653135,45.27348712,-98.79379686,-26.72187479,23.48460087
5/7/2025 2:04,-70.84310262,-102.0290367,23.67746514,45.28861032,-98.54554306,-26.72936507,23.48332508
5/7/2025 2:05,-70.63731677,-101.7736824,23.66840237,45.30366103,-98.29739358,-26.73683175,23.48210185
5/7/2025 2:06,-70.43236404,-101.5180208,23.65934179,45.31864308,-98.04948157,-26.74427668,23.48092674
5/7/2025 2:07,-70.22835983,-101.2621889,23.65028214,45.33356029,-97.80194007,-26.75170175,23.47979527
5/7/2025 2:08,-70.02541925,-101.0063239,23.64122218,45.34841652,-97.55490204,-26.75910885,23.47870297
5/7/2025 2:09,-69.823657,-100.750563,23.63216063,45.36321564,-97.30850023,-26.76649988,23.47764534
5/7/2025 2:10,-69.62318735,-100.4950432,23.62309625,45.37796157,-97.06286718,-26.77387673,23.47661785
5/7/2025 2:11,-69.42412413,-100.2399016,23.61402777,45.39265822,-96.81813513,-26.78124135,23.47561597
5/7/2025 2:12,-69.22658061,-99.98527497,23.60495393,45.40730954,-96.57443602,-26.78859564,23.47463517
5/7/2025 2:13,-69.03066954,-99.7312998,23.59587348,45.42191949,-96.33190139,-26.79594156,23.47367088
5/7/2025 2:14,-68.83650304,-99.4781124,23.58678516,45.43649204,-96.09066235,-26.80328103,23.47271855
5/7/2025 2:15,-68.64419259,-99.22584874,23.5776877,45.45103118,-95.85084955,-26.810616,23.4717736
5/7/2025 2:16,-68.45384898,-98.97464439,23.56857986,45.46554093,-95.61259308,-26.81794843,23.47083147
5/7/2025 2:17,-68.26558224,-98.72463449,23.55946038,45.48002529,-95.37602246,-26.82528028,23.46988756
5/7/2025 2:18,-68.07950163,-98.47595369,23.55032801,45.49448829,-95.14126658,-26.8326135,23.46893731
5/7/2025 2:19,-67.89571559,-98.2287361,23.54118151,45.50893397,-94.90845364,-26.83995006,23.46797613
5/7/2025 2:20,-67.71433168,-97.98311525,23.53201963,45.52336637,-94.67771112,-26.84729192,23.46699945
5/7/2025 2:21,-67.53545653,-97.739224,23.52284114,45.53778953,-94.4491657,-26.85464105,23.46600269
5/7/2025 2:22,-67.35919584,-97.49719456,23.51364481,45.55220751,-94.22294323,-26.86199942,23.46498129
5/7/2025 2:23,-67.18565429,-97.25715834,23.5044294,45.56662436,-93.99916868,-26.86936898,23.46393068
5/7/2025 2:24,-67.01493551,-97.019246,23.49519371,45.58104414,-93.7779661,-26.87675172,23.46284631
5/7/2025 2:25,-66.84714204,-96.78358731,23.48593652,45.5954709,-93.55945852,-26.88414958,23.46172366
5/7/2025 2:26,-66.68237531,-96.55031117,23.47665662,45.60990869,-93.34376799,-26.89156453,23.46055818
5/7/2025 2:27,-66.52073555,-96.31954551,23.46735282,45.62436155,-93.13101543,-26.89899853,23.45934537
5/7/2025 2:28,-66.36232179,-96.09141727,23.45802393,45.63883353,-92.92132066,-26.90645352,23.45808073
5/7/2025 2:29,-66.20723179,-95.86605232,23.44866878,45.65332865,-92.71480231,-26.91393146,23.4567598
5/7/2025 2:30,-66.05556203,-95.64357543,23.43928619,45.66785096,-92.51157779,-26.92143428,23.4553781
5/7/2025 2:31,-65.90740761,-95.42411023,23.429875,45.68240445,-92.31176322,-26.92896391,23.45393122
5/7/2025 2:32,-65.7628623,-95.20777914,23.42043408,45.69699312,-92.11547343,-26.93652228,23.45241475
5/7/2025 2:33,-65.6220184,-94.99470331,23.41096229,45.71162097,-91.92282184,-26.94411131,23.45082429
5/7/2025 2:34,-65.48496677,-94.78500261,23.4014585,45.72629197,-91.73392049,-26.95173291,23.4491555
5/7/2025 2:35,-65.35179677,-94.57879555,23.3919216,45.74101006,-91.54887993,-26.95938897,23.44740405
5/7/2025 2:36,-65.22259622,-94.37619923,23.3823505,45.75577919,-91.36780921,-26.96708137,23.44556566
5/7/2025 2:37,-65.09745133,-94.17732931,23.37274411,45.77060326,-91.19081582,-26.97481199,23.44363605
5/7/2025 2:38,-64.97644672,-93.98229995,23.36310137,45.78548617,-91.01800566,-26.9825827,23.44161101
5/7/2025 2:39,-64.85966534,-93.79122377,23.35342123,45.80043178,-90.84948298,-26.99039533,23.43948635
5/7/2025 2:40,-64.74718845,-93.6042118,23.34370264,45.81544394,-90.68535032,-26.99825173,23.43725792
5/7/2025 2:41,-64.63909556,-93.42137341,23.33394459,45.83052645,-90.5257085,-27.00615371,23.43492161
5/7/2025 2:42,-64.53546442,-93.24281632,23.32414608,45.84568311,-90.37065656,-27.01410307,23.43247336
5/7/2025 2:43,-64.43637098,-93.06864648,23.3143061,45.86091766,-90.22029172,-27.0221016,23.42990916
5/7/2025 2:44,-64.34188934,-92.8989681,23.30442371,45.87623382,-90.07470932,-27.03015107,23.42722501
5/7/2025 2:45,-64.25209172,-92.73388355,23.29449794,45.89163529,-89.9340028,-27.03825323,23.42441701
5/7/2025 2:46,-64.16704841,-92.57349331,23.28452787,45.90712571,-89.79826365,-27.04640981,23.42148128
5/7/2025 2:47,-64.08682778,-92.41789601,23.27451258,45.9227087,-89.66758137,-27.05462252,23.41841398
5/7/2025 2:48,-64.0114962,-92.26718826,23.26445118,45.93838782,-89.5420434,-27.06289305,23.41521135
5/7/2025 2:49,-63.94111803,-92.12146472,23.2543428,45.95416662,-89.42173514,-27.07122306,23.41186967
5/7/2025 2:50,-63.87575557,-91.98081798,23.2441866,45.97004858,-89.30673987,-27.07961422,23.40838528
5/7/2025 2:51,-63.81546906,-91.84533857,23.23398173,45.98603714,-89.19713869,-27.08806814,23.40475458
5/7/2025 2:52,-63.7603166,-91.71511488,23.22372741,46.00213571,-89.09301054,-27.09658642,23.40097404
5/7/2025 2:53,-63.71035417,-91.59023315,23.21342284,46.01834764,-88.9944321,-27.10517064,23.39704017
5/7/2025 2:54,-63.66563555,-91.4707774,23.20306727,46.03467624,-88.90147781,-27.11382235,23.39294955
5/7/2025 2:55,-63.62621233,-91.35682941,23.19265996,46.05112475,-88.81421979,-27.12254308,23.38869884
5/7/2025 2:56,-63.59213387,-91.24846869,23.1822002,46.06769638,-88.73272781,-27.13133432,23.38428475
5/7/2025 2:57,-63.56344725,-91.1457724,23.1716873,46.08439427,-88.65706928,-27.14019756,23.37970408
5/7/2025 2:58,-63.54019726,-91.04881537,23.1611206,46.10122151,-88.58730918,-27.14913422,23.37495367
5/7/2025 2:59,-63.52242638,-90.95767001,23.15049947,46.11818114,-88.52351005,-27.15814573,23.37003046
5/7/2025 3:00,-64.40479318,-92.16498791,23.1391656,46.14779645,-89.62600847,-27.18928203,23.32603272
5/7/2025 3:01,-64.39809853,-92.08567338,23.12843381,46.16502972,-89.57430895,-27.19844736,23.32075497
5/7/2025 3:02,-64.39699622,-92.01237302,23.11764583,46.18240411,-89.52874301,-27.20769161,23.31529565
5/7/2025 3:03,-64.40151919,-91.94514932,23.10680116,46.19992242,-89.48936305,-27.21701606,23.30965199
5/7/2025 3:04,-64.41169792,-91.88406215,23.09589928,46.21758737,-89.45621889,-27.22642199,23.30382129
5/7/2025 3:05,-64.42756041,-91.82916881,23.08493973,46.23540161,-89.42935771,-27.23591062,23.29780095
5/7/2025 3:06,-64.44913218,-91.78052394,23.07392207,46.25336775,-89.40882398,-27.24548314,23.29158845
5/7/2025 3:07,-64.47643624,-91.73817952,23.06284589,46.2714883,-89.39465952,-27.25514072,23.28518134
5/7/2025 3:08,-64.50949302,-91.70218483,23.0517108,46.2897657,-89.3869034,-27.26488448,23.27857726
5/7/2025 3:09,-64.54832044,-91.67258639,23.04051646,46.30820234,-89.38559192,-27.27471553,23.27177396
5/7/2025 3:10,-64.5929338,-91.649428,23.02926255,46.32680051,-89.39075864,-27.28463491,23.26476924
5/7/2025 3:11,-64.64334583,-91.63275063,23.01794878,46.34556245,-89.40243427,-27.29464364,23.25756103
5/7/2025 3:12,-64.69956662,-91.62259245,23.0065749,46.36449031,-89.42064671,-27.30474272,23.25014731
5/7/2025 3:13,-64.76160363,-91.61898879,22.99514068,46.38358616,-89.445421,-27.31493308,23.24252619
5/7/2025 3:14,-64.82946168,-91.6219721,22.98364594,46.402852,-89.4767793,-27.32521564,23.23469584
5/7/2025 3:15,-64.90314289,-91.63157191,22.9720905,46.42228972,-89.51474087,-27.33559126,23.22665456
5/7/2025 3:16,-64.98264672,-91.64781488,22.96047426,46.44190118,-89.55932204,-27.34606078,23.21840072
5/7/2025 3:17,-65.06796992,-91.67072466,22.94879711,46.46168811,-89.61053619,-27.35662498,23.20993279
5/7/2025 3:18,-65.15910653,-91.70032198,22.93705901,46.48165218,-89.66839374,-27.36728462,23.20124936
5/7/2025 3:19,-65.25604785,-91.73662456,22.92525993,46.50179496,-89.73290213,-27.3780404,23.19234909
5/7/2025 3:20,-65.35878244,-91.7796471,22.91339989,46.52211794,-89.80406579,-27.38889301,23.18323076
5/7/2025 3:21,-65.46729612,-91.82940127,22.90147892,46.54262252,-89.88188611,-27.39984306,23.17389326
5/7/2025 3:22,-65.58157194,-91.88589568,22.88949712,46.56331002,-89.96636148,-27.41089114,23.16433555
5/7/2025 3:23,-65.70159016,-91.9491359,22.87745461,46.58418165,-90.0574872,-27.42203779,23.15455674
5/7/2025 3:24,-65.82732828,-92.01912436,22.86535154,46.60523854,-90.15525552,-27.43328352,23.144556
5/7/2025 3:25,-65.958761,-92.09586042,22.8531881,46.62648173,-90.2596556,-27.44462879,23.13433264
5/7/2025 3:26,-66.0958602,-92.1793403,22.84096452,46.64791215,-90.37067349,-27.45607399,23.12388607
5/7/2025 3:27,-66.23859497,-92.26955707,22.82868107,46.66953065,-90.48829215,-27.46761952,23.11321579
5/7/2025 3:28,-66.3869316,-92.36650068,22.81633805,46.69133797,-90.6124914,-27.47926569,23.10232143
5/7/2025 3:29,-66.54083353,-92.47015789,22.80393581,46.71333477,-90.74324794,-27.49101278,23.09120273
5/7/2025 3:30,-66.70026139,-92.58051227,22.79147471,46.7355216,-90.88053532,-27.50286103,23.07985953
5/7/2025 3:31,-66.86517298,-92.69754422,22.77895518,46.75789891,-91.02432394,-27.51481063,23.06829179
5/7/2025 3:32,-67.03552327,-92.82123093,22.76637767,46.78046705,-91.17458104,-27.52686171,23.05649957
5/7/2025 3:33,-67.2112644,-92.95154638,22.75374267,46.80322627,-91.3312707,-27.53901439,23.04448306
5/7/2025 3:34,-67.39234567,-93.08846131,22.74105072,46.82617672,-91.49435381,-27.55126872,23.03224256
5/7/2025 3:35,-67.57871354,-93.23194327,22.72830239,46.84931843,-91.66378809,-27.56362469,23.01977848
5/7/2025 3:36,-67.77031166,-93.38195654,22.71549828,46.87265135,-91.83952808,-27.57608227,23.00709135
5/7/2025 3:37,-67.9670808,-93.53846216,22.70263905,46.89617532,-92.02152514,-27.58864136,22.99418182
5/7/2025 3:38,-68.16895895,-93.70141795,22.68972538,46.91989005,-92.20972741,-27.60130184,22.98105064
5/7/2025 3:39,-68.37588123,-93.87077845,22.67675801,46.94379517,-92.40407989,-27.61406351,22.96769871
5/7/2025 3:40,-68.58777995,-94.04649496,22.66373769,46.9678902,-92.60452432,-27.62692615,22.954127
5/7/2025 3:41,-68.8045846,-94.2285155,22.65066525,46.99217453,-92.81099932,-27.63988948,22.94033665
5/7/2025 3:42,-69.02622186,-94.41678487,22.63754152,47.01664747,-93.02344026,-27.65295317,22.92632889
5/7/2025 3:43,-69.25261558,-94.61124459,22.62436739,47.0413082,-93.24177937,-27.66611685,22.91210508
5/7/2025 3:44,-69.48368682,-94.8118329,22.6111438,47.06615579,-93.46594565,-27.67938008,22.89766669
5/7/2025 3:45,-69.71935384,-95.01848482,22.5978717,47.09118921,-93.69586494,-27.6927424,22.88301531
5/7/2025 3:46,-69.95953212,-95.23113209,22.58455212,47.11640732,-93.93145991,-27.70620329,22.86815267
5/7/2025 3:47,-70.20413436,-95.44970322,22.57118609,47.14180885,-94.17265005,-27.71976218,22.8530806
5/7/2025 3:48,-70.45307048,-95.67412345,22.5577747,47.16739244,-94.41935168,-27.73341844,22.83780107
5/7/2025 3:49,-70.70624765,-95.90431478,22.54431909,47.19315659,-94.67147796,-27.74717142,22.82231615
5/7/2025 3:50,-70.96357031,-96.14019599,22.53082043,47.21909972,-94.92893891,-27.76102039,22.80662805
5/7/2025 3:51,-71.22494014,-96.38168262,22.51727992,47.2452201,-95.19164142,-27.77496459,22.7907391
5/7/2025 3:52,-71.49025613,-96.62868699,22.50369883,47.27151592,-95.45948922,-27.78900321,22.77465173
5/7/2025 3:53,-71.75941453,-96.88111822,22.49007843,47.29798522,-95.73238296,-27.80313538,22.75836854
5/7/2025 3:54,-72.03230894,-97.13888219,22.47642006,47.32462597,-96.01022014,-27.81736019,22.7418922
5/7/2025 3:55,-72.30883026,-97.40188165,22.4627251,47.35143597,-96.29289521,-27.83167669,22.72522553
5/7/2025 3:56,-72.58886673,-97.67001612,22.44899496,47.37841295,-96.58029952,-27.84608386,22.70837147
5/7/2025 3:57,-72.87230397,-97.94318197,22.43523108,47.4055545,-96.87232135,-27.86058064,22.69133308
5/7/2025 3:58,-73.15902496,-98.22127242,22.42143498,47.43285811,-97.16884593,-27.87516593,22.67411354
5/7/2025 3:59,-73.44891009,-98.50417755,22.40760817,47.46032113,-97.46975549,-27.88983857,22.65671616
5/7/2025 4:00,-74.63645561,-100.0843659,22.39309453,47.50046114,-98.93520572,-27.92664592,22.60024565
5/7/2025 4:01,-74.93229985,-100.3765582,22.37921108,47.52823462,-99.24451979,-27.94148961,22.58250299
5/7/2025 4:02,-75.23093397,-100.6732167,22.36530177,47.55615892,-99.55784744,-27.9564169,22.56459314
5/7/2025 4:03,-75.53222813,-100.9742192,22.3513683,47.58423092,-99.87505893,-27.97142644,22.54651988
5/7/2025 4:04,-75.83605003,-101.2794402,22.33741239,47.61244741,-100.1960216,-27.98651685,22.52828713
5/7/2025 4:05,-76.14226487,-101.5887515,22.32343582,47.64080506,-100.5205998,-28.00168666,22.50989893
5/7/2025 4:06,-76.45073541,-101.9020216,22.3094404,47.66930041,-100.8486552,-28.0169344,22.49135943
5/7/2025 4:07,-76.76132198,-102.2191161,22.29542798,47.6979299,-101.1800463,-28.03225853,22.4726729
5/7/2025 4:08,-77.07388252,-102.5398976,22.28140045,47.72668984,-101.514629,-28.04765747,22.45384374
5/7/2025 4:09,-77.38827261,-102.864226,22.26735974,47.75557643,-101.8522563,-28.06312959,22.43487647
5/7/2025 4:10,-77.70434546,-103.1919579,22.25330781,47.78458576,-102.1927783,-28.0786732,22.41577571
5/7/2025 4:11,-78.02195199,-103.5229473,22.23924668,47.81371379,-102.5360426,-28.09428659,22.39654622
5/7/2025 4:12,-78.34094081,-103.8570452,22.22517838,47.84295638,-102.8818939,-28.10996799,22.37719287
5/7/2025 4:13,-78.66115829,-104.1940998,22.21110499,47.87230927,-103.2301741,-28.1257156,22.35772064
5/7/2025 4:14,-78.98244856,-104.5339565,22.19702863,47.90176807,-103.5807225,-28.14152754,22.33813464
5/7/2025 4:15,-79.30465356,-104.876458,22.18295146,47.93132829,-103.933376,-28.15740192,22.31844008
5/7/2025 4:16,-79.62761306,-105.221444,22.16887566,47.96098534,-104.2879684,-28.1733368,22.29864229
5/7/2025 4:17,-79.95116471,-105.5687518,22.15480347,47.99073449,-104.6443313,-28.18933018,22.27874672
5/7/2025 4:18,-80.27514405,-105.9182157,22.14073715,48.02057091,-105.0022937,-28.20538003,22.25875894
5/7/2025 4:19,-80.59938454,-106.2696676,22.126679,48.05048966,-105.3616819,-28.22148427,22.23868461
5/7/2025 4:20,-80.92371762,-106.6229367,22.11263136,48.08048568,-105.7223199,-28.2376408,22.21852952
5/7/2025 4:21,-81.24797275,-106.9778495,22.09859659,48.1105538,-106.0840291,-28.25384743,22.19829956
5/7/2025 4:22,-81.57197738,-107.3342301,22.0845771,48.14068875,-106.4466286,-28.27010199,22.17800075
5/7/2025 4:23,-81.89555709,-107.6919,22.07057534,48.17088514,-106.8099352,-28.28640221,22.1576392
5/7/2025 4:24,-82.21853552,-108.0506783,22.05659378,48.20113746,-107.1737631,-28.30274583,22.13722112
5/7/2025 4:25,-82.5407345,-108.4103814,22.04263491,48.23144012,-107.5379245,-28.3191305,22.11675285
5/7/2025 4:26,-82.861974,-108.7708236,22.0287013,48.26178739,-107.9022291,-28.33555388,22.09624083
5/7/2025 4:27,-83.18207225,-109.1318168,22.0147955,48.29217347,-108.2664845,-28.35201357,22.07569159
5/7/2025 4:28,-83.50084572,-109.4931703,22.00092013,48.32259241,-108.6304961,-28.36850711,22.05511178
5/7/2025 4:29,-83.8181092,-109.8546915,21.98707782,48.35303819,-108.9940671,-28.38503204,22.03450814
5/7/2025 4:30,-84.13367581,-110.2161852,21.97327125,48.38350468,-109.3569988,-28.40158583,22.01388753
5/7/2025 4:31,-84.44735704,-110.5774541,21.95950311,48.41398562,-109.7190901,-28.41816595,21.99325689
5/7/2025 4:32,-84.75896284,-110.9382989,21.94577613,48.44447468,-110.0801382,-28.43476979,21.97262326
5/7/2025 4:33,-85.06830158,-111.2985181,21.93209308,48.47496541,-110.4399382,-28.45139474,21.9519938
5/7/2025 4:34,-85.37518016,-111.6579079,21.91845674,48.50545126,-110.7982833,-28.46803814,21.93137574
5/7/2025 4:35,-85.67940405,-112.0162627,21.90486993,48.5359256,-111.1549648,-28.4846973,21.91077642
5/7/2025 4:36,-85.98077727,-112.3733748,21.89133551,48.56638167,-111.5097721,-28.5013695,21.89020327
5/7/2025 4:37,-86.2791025,-112.7290348,21.87785635,48.59681263,-111.862493,-28.51805197,21.86966381
5/7/2025 4:38,-86.57418111,-113.083031,21.86443535,48.62721155,-112.2129133,-28.53474193,21.84916564
5/7/2025 4:39,-86.86581317,-113.4351502,21.85107543,48.6575714,-112.5608173,-28.55143656,21.82871648
5/7/2025 4:40,-87.15379754,-113.7851772,21.83777957,48.68788505,-112.9059876,-28.56813301,21.80832411
5/7/2025 4:41,-87.43793188,-114.132895,21.82455073,48.71814527,-113.2482052,-28.58482839,21.78799641
5/7/2025 4:42,-87.71801273,-114.4780852,21.81139192,48.74834477,-113.5872495,-28.6015198,21.76774133
5/7/2025 4:43,-87.99383552,-114.8205273,21.79830618,48.77847613,-113.9228984,-28.6182043,21.74756692
5/7/2025 4:44,-88.26519464,-115.1599996,21.78529657,48.80853188,-114.2549285,-28.63487892,21.7274813
5/7/2025 4:45,-88.53188349,-115.4962785,21.77236615,48.83850443,-114.5831147,-28.65154067,21.70749267
5/7/2025 4:46,-88.79369448,-115.8291392,21.75951803,48.86838613,-114.9072309,-28.66818654,21.68760932
5/7/2025 4:47,-89.05041918,-116.1583552,21.74675533,48.89816922,-115.2270495,-28.68481347,21.6678396
5/7/2025 4:48,-89.30184824,-116.4836988,21.7340812,48.92784588,-115.5423415,-28.70141841,21.64819194
5/7/2025 4:49,-89.54777154,-116.8049408,21.7214988,48.95740821,-115.8528771,-28.71799826,21.62867486
5/7/2025 4:50,-89.7879782,-117.1218506,21.70901132,48.9868482,-116.1584249,-28.7345499,21.60929693
5/7/2025 4:51,-90.0222566,-117.4341967,21.69662196,49.01615779,-116.4587529,-28.75107021,21.59006679
5/7/2025 4:52,-90.2503945,-117.741746,21.68433394,49.04532884,-116.7536276,-28.76755602,21.57099315
5/7/2025 4:53,-90.47217901,-118.0442646,21.67215051,49.07435312,-117.0428148,-28.78400416,21.5520848
5/7/2025 4:54,-90.68739669,-118.3415173,21.66007492,49.10322233,-117.3260793,-28.80041143,21.53335058
5/7/2025 4:55,-90.89583362,-118.633268,21.64811045,49.13192813,-117.6031849,-28.81677462,21.51479939
5/7/2025 4:56,-91.09727536,-118.9192795,21.63626038,49.16046206,-117.8738949,-28.83309049,21.49644019
5/7/2025 4:57,-91.29150711,-119.1993137,21.62452803,49.18881562,-118.1379714,-28.84935581,21.47828201
5/7/2025 4:58,-91.47831369,-119.4731318,21.61291671,49.21698024,-118.3951762,-28.86556729,21.46033392
5/7/2025 4:59,-91.65747959,-119.740494,21.60142976,49.24494728,-118.6452701,-28.88172167,21.44260506
5/7/2025 5:00,-92.72340753,-121.2937415,21.58941282,49.28522837,-120.04829,-28.91986422,21.3862059
5/7/2025 5:01,-92.88664464,-121.5474698,21.57818466,49.3127741,-120.2834428,-28.9358945,21.36894309
5/7/2025 5:02,-93.04159327,-121.7940187,21.56709094,49.34009597,-120.5107643,-28.95185776,21.35192721
5/7/2025 5:03,-93.1880372,-122.0331459,21.55613505,49.3671851,-120.7300133,-28.96775067,21.33516759
5/7/2025 5:04,-93.32576015,-122.2646084,21.54532037,49.39403255,-120.9409484,-28.98356989,21.31867359
5/7/2025 5:05,-93.45454585,-122.4881628,21.53465031,49.42062934,-121.1433278,-28.99931208,21.30245463
5/7/2025 5:06,-93.57417809,-122.7035654,21.52412827,49.44696643,-121.3369095,-29.01497388,21.28652015
5/7/2025 5:07,-93.68444074,-122.9105719,21.51375768,49.47303472,-121.5214511,-29.03055192,21.27087966
5/7/2025 5:08,-93.78511783,-123.1089381,21.50354195,49.49882508,-121.6967104,-29.04604284,21.25554267
5/7/2025 5:09,-93.87599362,-123.2984191,21.49348451,49.52432832,-121.8624449,-29.06144326,21.24051874
5/7/2025 5:10,-93.95685259,-123.4787703,21.4835888,49.5495352,-122.0184119,-29.0767498,21.22581747
5/7/2025 5:11,-94.02747957,-123.6497465,21.47385826,49.57443647,-122.1643692,-29.09195908,21.21144846
5/7/2025 5:12,-94.08765973,-123.8111029,21.46429633,49.5990228,-122.3000742,-29.10706772,21.19742136
5/7/2025 5:13,-94.13717865,-123.9625944,21.45490645,49.62328485,-122.4252848,-29.12207232,21.18374585
5/7/2025 5:14,-94.17582239,-124.1039761,21.44569208,49.64721323,-122.5397589,-29.13696951,21.1704316
5/7/2025 5:15,-94.20337752,-124.2350033,21.43665665,49.67079852,-122.6432547,-29.1517559,21.15748833
5/7/2025 5:16,-94.21963119,-124.3554311,21.42780363,49.69403126,-122.7355309,-29.1664281,21.14492577
5/7/2025 5:17,-94.22437118,-124.4650154,21.41913644,49.71690199,-122.8163463,-29.18098273,21.13275365
5/7/2025 5:18,-94.21738592,-124.5635119,21.41065856,49.73940118,-122.8854603,-29.19541642,21.12098174
5/7/2025 5:19,-94.19846458,-124.6506771,21.40237341,49.76151931,-122.9426329,-29.20972579,21.1096198
5/7/2025 5:20,-94.16739712,-124.7262675,21.39428444,49.78324681,-122.9876243,-29.22390747,21.09867759
5/7/2025 5:21,-94.12397431,-124.7900404,21.38639508,49.80457411,-123.0201958,-29.23795811,21.08816491
5/7/2025 5:22,-94.06798782,-124.8417535,21.37870878,49.82549162,-123.040109,-29.25187435,21.07809153
5/7/2025 5:23,-93.99923023,-124.8811651,21.37122896,49.84598971,-123.0471264,-29.26565285,21.06846724
5/7/2025 5:24,-93.91749513,-124.9080343,21.36395903,49.86605876,-123.0410111,-29.27929028,21.05930182
5/7/2025 5:25,-93.82257713,-124.9221207,21.35690242,49.88568913,-123.0215274,-29.2927833,21.05060505
5/7/2025 5:26,-93.71427194,-124.9231848,21.35006252,49.90487117,-122.9884401,-29.30612861,21.0423867
5/7/2025 5:27,-93.59237637,-124.910988,21.34344275,49.92359522,-122.9415153,-29.31932292,21.03465654
5/7/2025 5:28,-93.45668847,-124.8852924,21.33704647,49.94185162,-122.88052,-29.33236292,21.02742433
5/7/2025 5:29,-93.30700748,-124.8458614,21.33087708,49.95963071,-122.8052221,-29.34524537,21.0206998
5/7/2025 5:30,-93.14313397,-124.792459,21.32493793,49.97692281,-122.7153909,-29.35796699,21.01449268
5/7/2025 5:31,-92.9648698,-124.7248505,21.31923237,49.99371826,-122.6107968,-29.37052456,21.00881269
5/7/2025 5:32,-92.77201827,-124.6428023,21.31376376,50.01000741,-122.4912114,-29.38291486,21.0036695
5/7/2025 5:33,-92.56438406,-124.5460821,21.3085354,50.02578059,-122.3564077,-29.39513468,20.9990728
5/7/2025 5:34,-92.34177338,-124.4344588,21.30355062,50.04102816,-122.2061599,-29.40718084,20.99503221
5/7/2025 5:35,-92.10399394,-124.3077023,21.29881271,50.05574049,-122.0402438,-29.41905018,20.99155735
5/7/2025 5:36,-91.85085507,-124.1655843,21.29432495,50.06990795,-121.8584367,-29.43073957,20.98865781
5/7/2025 5:37,-91.58216769,-124.0078778,21.29009059,50.08352093,-121.6605172,-29.44224589,20.98634313
5/7/2025 5:38,-91.29774441,-123.834357,21.28611288,50.09656985,-121.4462656,-29.45356605,20.98462285
5/7/2025 5:39,-90.99739958,-123.6447981,21.28239504,50.10904514,-121.2154639,-29.46469699,20.98350644
5/7/2025 5:40,-90.68094931,-123.4389786,21.27894028,50.12093725,-120.9678958,-29.47563566,20.98300333
5/7/2025 5:41,-90.34821152,-123.2166775,21.27575178,50.13223666,-120.7033467,-29.48637904,20.98312294
5/7/2025 5:42,-89.99900601,-122.977676,21.27283269,50.14293388,-120.4216038,-29.49692416,20.98387462
5/7/2025 5:43,-89.63315447,-122.7217566,21.27018617,50.15301944,-120.1224562,-29.50726806,20.98526768
5/7/2025 5:44,-89.25048058,-122.4487038,21.26781531,50.1624839,-119.8056948,-29.51740781,20.98731139
5/7/2025 5:45,-88.85080998,-122.158304,21.26572323,50.17131788,-119.4711126,-29.52734051,20.99001495
5/7/2025 5:46,-88.43397036,-121.8503454,21.26391296,50.17951201,-119.1185045,-29.5370633,20.99338752
5/7/2025 5:47,-87.99979154,-121.5246184,21.26238757,50.18705696,-118.7476677,-29.54657334,20.9974382
5/7/2025 5:48,-87.54810543,-121.1809152,21.26115006,50.19394345,-118.3584011,-29.55586784,21.00217605
5/7/2025 5:49,-87.07874613,-120.8190301,21.26020342,50.20016225,-117.9505063,-29.56494403,21.00761004
5/7/2025 5:50,-86.59154995,-120.4387598,21.2595506,50.20570417,-117.5237866,-29.57379919,21.0137491
5/7/2025 5:51,-86.08635547,-120.0399028,21.25919454,50.21056006,-117.0780479,-29.58243061,21.02060207
5/7/2025 5:52,-85.56300358,-119.6222603,21.25913813,50.21472083,-116.6130984,-29.59083566,21.02817777
5/7/2025 5:53,-85.02133749,-119.1856353,21.25938423,50.21817744,-116.1287485,-29.5990117,21.03648489
5/7/2025 5:54,-84.46120281,-118.7298335,21.2599357,50.2209209,-115.6248112,-29.60695616,21.0455321
5/7/2025 5:55,-83.88244757,-118.2546629,21.26079532,50.22294229,-115.1011019,-29.6146665,21.05532797
5/7/2025 5:56,-83.28492225,-117.7599338,21.26196587,50.22423273,-114.5574385,-29.62214022,21.06588099
5/7/2025 5:57,-82.66847986,-117.2454593,21.26345008,50.22478344,-113.9936414,-29.62937487,21.07719958
5/7/2025 5:58,-82.03297592,-116.7110547,21.26525067,50.22458566,-113.4095338,-29.63636803,21.08929209
5/7/2025 5:59,-81.37826856,-116.1565382,21.26737029,50.22363072,-112.8049413,-29.64311734,21.10216678
5/7/2025 6:00,-81.59883693,-116.8743119,21.26915388,50.23443035,-113.3399689,-29.67166901,21.07693309
5/7/2025 6:01,-80.90530754,-116.2790361,21.27191942,50.23193535,-112.6938948,-29.67792367,21.09139655
5/7/2025 6:02,-80.19216489,-115.6631185,21.27501178,50.2286576,-112.0268294,-29.68392762,21.10666643
5/7/2025 6:03,-79.45927778,-115.0263879,21.27843348,50.22458871,-111.3386095,-29.68967869,21.12275064
5/7/2025 6:04,-78.70651775,-114.368676,21.28218698,50.21972037,-110.6290748,-29.69517472,21.13965699
5/7/2025 6:05,-77.93375915,-113.6898174,21.28627473,50.21404436,-109.898068,-29.70041363,21.1573932
5/7/2025 6:06,-77.14087915,-112.9896496,21.29069913,50.20755253,-109.1454344,-29.70539337,21.17596687
5/7/2025 6:07,-76.32775776,-112.268013,21.29546253,50.20023684,-108.3710227,-29.71011194,21.19538554
5/7/2025 6:08,-75.49427791,-111.5247509,21.30056725,50.19208929,-107.5746845,-29.71456741,21.21565661
5/7/2025 6:09,-74.64032543,-110.7597099,21.30601556,50.18310202,-106.7562744,-29.71875787,21.23678739
5/7/2025 6:10,-73.76578912,-109.9727394,21.31180969,50.17326722,-105.9156501,-29.72268148,21.2587851
5/7/2025 6:11,-72.87056076,-109.1636921,21.31795182,50.1625772,-105.0526726,-29.72633647,21.28165682
5/7/2025 6:12,-71.95453512,-108.3324237,21.32444409,50.15102436,-104.1672061,-29.72972108,21.30540956
5/7/2025 6:13,-71.01761005,-107.4787934,21.33128859,50.13860118,-103.2591179,-29.73283365,21.33005017
5/7/2025 6:14,-70.05968643,-106.6026632,21.33848738,50.12530027,-102.3282785,-29.73567253,21.35558544
5/7/2025 6:15,-69.08066827,-105.7038987,21.34604246,50.11111431,-101.374562,-29.73823617,21.382022
5/7/2025 6:16,-68.08046269,-104.7823687,21.35395577,50.0960361,-100.3978455,-29.74052303,21.40936639
5/7/2025 6:17,-67.05897995,-103.8379453,21.36222923,50.08005855,-99.3980096,-29.74253168,21.43762502
5/7/2025 6:18,-66.0161335,-102.870504,21.37086469,50.06317466,-98.37493841,-29.74426069,21.46680417
5/7/2025 6:19,-64.95183998,-101.8799237,21.37986396,50.04537755,-97.32851934,-29.74570873,21.49691002
5/7/2025 6:20,-63.86601926,-100.8660868,21.38922881,50.02666046,-96.25864327,-29.74687451,21.52794861
5/7/2025 6:21,-62.75859445,-99.82887922,21.39896093,50.00701673,-95.16520462,-29.74775681,21.55992585
5/7/2025 6:22,-61.62949192,-98.7681902,21.40906198,49.98643981,-94.04810131,-29.74835445,21.59284754
5/7/2025 6:23,-60.47864135,-97.68391267,21.41953358,49.96492329,-92.90723479,-29.74866632,21.62671933
5/7/2025 6:24,-59.30597572,-96.57594309,21.43037727,49.94246086,-91.74251014,-29.74869138,21.66154675
5/7/2025 6:25,-58.11143133,-95.44418151,21.44159457,49.91904633,-90.55383599,-29.74842865,21.69733519
5/7/2025 6:26,-56.89494783,-94.28853162,21.4531869,49.89467364,-89.34112465,-29.74787719,21.73408993
5/7/2025 6:27,-55.65646827,-93.10890075,21.46515568,49.86933685,-88.10429205,-29.74703614,21.77181608
5/7/2025 6:28,-54.39593903,-91.90519991,21.47750224,49.84303015,-86.84325782,-29.7459047,21.81051862
5/7/2025 6:29,-53.11330994,-90.67734385,21.49022787,49.81574786,-85.55794532,-29.74448214,21.85020242
5/7/2025 6:30,-51.80853423,-89.42525101,21.5033338,49.78748442,-84.24828159,-29.74276777,21.89087217
5/7/2025 6:31,-50.48156855,-88.1488436,21.5168212,49.7582344,-82.91419744,-29.74076099,21.93253244
5/7/2025 6:32,-49.13237301,-86.84804761,21.5306912,49.72799252,-81.55562747,-29.73846124,21.97518766
5/7/2025 6:33,-47.76091119,-85.52279285,21.54494486,49.69675361,-80.17251006,-29.73586805,22.0188421
5/7/2025 6:34,-46.36715011,-84.1730129,21.55958318,49.66451266,-78.76478739,-29.732981,22.06349989
5/7/2025 6:35,-44.95106033,-82.79864524,21.57460712,49.63126478,-77.33240549,-29.72979973,22.10916502
5/7/2025 6:36,-43.51261584,-81.39963119,21.59001756,49.59700522,-75.87531422,-29.72632395,22.15584133
5/7/2025 6:37,-42.0517942,-79.97591594,21.60581535,49.56172938,-74.39346731,-29.72255345,22.2035325
5/7/2025 6:38,-40.56857645,-78.52744861,21.62200126,49.5254328,-72.88682239,-29.71848806,22.25224206
5/7/2025 6:39,-39.06294714,-77.05418217,21.63857599,49.48811115,-71.35534093,-29.71412769,22.30197341
5/7/2025 6:40,-37.53489442,-75.55607362,21.65554023,49.44976026,-69.79898839,-29.70947233,22.35272976
5/7/2025 6:41,-35.9844099,-74.03308383,21.67289455,49.4103761,-68.21773407,-29.70452201,22.40451419
5/7/2025 6:42,-34.41148878,-72.48517764,21.6906395,49.36995478,-66.61155125,-29.69927685,22.45732963
5/7/2025 6:43,-32.81612981,-70.9123239,21.70877556,49.32849257,-64.98041717,-29.69373702,22.51117884
5/7/2025 6:44,-31.19833529,-69.31449542,21.72730314,49.2859859,-63.32431297,-29.68790276,22.56606441
5/7/2025 6:45,-29.55811108,-67.69166901,21.74622262,49.24243131,-61.64322382,-29.68177439,22.62198881
5/7/2025 6:46,-27.8954666,-66.0438255,21.76553427,49.19782554,-59.93713881,-29.67535228,22.67895431
5/7/2025 6:47,-26.21041485,-64.37094971,21.78523834,49.15216546,-58.20605104,-29.66863689,22.73696304
5/7/2025 6:48,-24.50297238,-62.67303052,21.805335,49.10544808,-56.44995759,-29.66162872,22.79601697
5/7/2025 6:49,-22.7731593,-60.95006082,21.82582437,49.0576706,-54.66885953,-29.65432836,22.85611791
5/7/2025 6:50,-21.02099933,-59.20203756,21.8467065,49.00883035,-52.86276195,-29.64673646,22.91726749
5/7/2025 6:51,-19.24651971,-57.42896172,21.86798137,48.95892483,-51.03167391,-29.63885374,22.97946719
5/7/2025 6:52,-17.44975125,-55.63083832,21.88964892,48.90795169,-49.1756085,-29.63068098,23.04271832
5/7/2025 6:53,-15.63072835,-53.80767647,21.911709,48.85590875,-47.29458282,-29.62221904,23.10702205
5/7/2025 6:54,-13.78948894,-51.95948931,21.93416143,48.80279398,-45.38861797,-29.61346883,23.17237933
5/7/2025 6:55,-11.9260745,-50.08629403,21.95700594,48.74860552,-43.45773902,-29.60443136,23.23879101
5/7/2025 6:56,-10.0405301,-48.18811192,21.98024221,48.69334167,-41.50197514,-29.59510767,23.30625771
5/7/2025 6:57,-8.132904279,-46.26496828,22.00386985,48.63700089,-39.52135942,-29.5854989,23.37477994
5/7/2025 6:58,-6.203249197,-44.31689253,22.02788842,48.5795818,-37.51592902,-29.57560624,23.444358
5/7/2025 6:59,-4.251620474,-42.34391808,22.0522974,48.5210832,-35.48572505,-29.56543094,23.51499204
5/7/2025 7:00,-3.172695715,-41.63866405,22.07643852,48.47402436,-34.59106915,-29.57702289,23.54778332
5/7/2025 7:01,-1.17730072,-39.61600878,22.10162654,48.41336376,-32.51145743,-29.56628638,23.62052909
5/7/2025 7:02,0.839879903,-37.56857946,22.12720307,48.351621,-30.40721949,-29.55527143,23.69433027
5/7/2025 7:03,2.878776497,-35.49642573,22.15316734,48.28879553,-28.27841243,-29.54397955,23.76918634
5/7/2025 7:04,4.939315908,-33.39960126,22.17951852,48.22488699,-26.1250973,-29.53241236,23.84509659
5/7/2025 7:05,7.021421546,-31.27816375,22.20625572,48.15989515,-23.94733912,-29.52057152,23.92206017
5/7/2025 7:06,9.125013339,-29.13217491,22.233378,48.09381998,-21.74520686,-29.50845875,24.00007602
5/7/2025 7:07,11.2500078,-26.96170048,22.26088433,48.0266616,-19.51877344,-29.49607585,24.07914294
5/7/2025 7:08,13.39631801,-24.76681015,22.28877364,47.95842031,-17.26811569,-29.48342468,24.15925956
5/7/2025 7:09,15.56385364,-22.54757767,22.31704478,47.88909656,-14.99331438,-29.47050716,24.24042433
5/7/2025 7:10,17.75252097,-20.30408071,22.34569656,47.81869101,-12.69445418,-29.4573253,24.32263552
5/7/2025 7:11,19.96222292,-18.03640091,22.3747277,47.74720443,-10.37162363,-29.44388115,24.40589125
5/7/2025 7:12,22.19285902,-15.74462388,22.40413689,47.67463782,-8.024915175,-29.43017682,24.49018946
5/7/2025 7:13,24.44432549,-13.42883915,22.43392271,47.60099232,-5.654425104,-29.41621451,24.57552793
5/7/2025 7:14,26.71651521,-11.08914019,22.46408373,47.52626924,-3.260253565,-29.40199645,24.66190425
5/7/2025 7:15,29.00931777,-8.725624346,22.49461843,47.45047007,-0.842504518,-29.38752498,24.74931585
5/7/2025 7:16,31.32261952,-6.338392828,22.52552523,47.37359646,1.598714302,-29.37280245,24.83775999
5/7/2025 7:17,33.65630345,-3.927550797,22.55680249,47.29565024,4.063291283,-29.35783132,24.92723378
5/7/2025 7:18,36.01024942,-1.493207172,22.58844851,47.2166334,6.551111134,-29.34261407,25.01773413
5/7/2025 7:19,38.38433404,0.964525265,22.62046153,47.13654812,9.062054785,-29.32715327,25.1092578
5/7/2025 7:20,40.77843069,3.445529907,22.65283973,47.05539673,11.59599942,-29.31145154,25.20180137
5/7/2025 7:21,43.19240965,5.949686393,22.68558123,46.97318174,14.15281855,-29.29551157,25.29536127
5/7/2025 7:22,45.62613802,8.476870571,22.71868407,46.88990583,16.73238197,-29.27933609,25.38993375
5/7/2025 7:23,48.07947978,11.02695457,22.75214626,46.80557185,19.33455587,-29.26292792,25.48551489
5/7/2025 7:24,50.55229585,13.5998068,22.78596573,46.7201828,21.95920277,-29.2462899,25.58210062
5/7/2025 7:25,53.04444406,16.19529198,22.82014037,46.63374189,24.6061816,-29.22942496,25.67968669
5/7/2025 7:26,55.55577922,18.81327114,22.85466798,46.54625246,27.2753477,-29.21233607,25.77826868
5/7/2025 7:27,58.08615315,21.45360173,22.88954634,46.45771803,29.96655288,-29.19502628,25.87784202
5/7/2025 7:28,60.63541463,24.11613752,22.92477313,46.36814231,32.67964539,-29.17749866,25.97840198
5/7/2025 7:29,63.20340957,26.80072875,22.960346,46.27752914,35.41447004,-29.15975637,26.07994364
5/7/2025 7:30,65.78998091,29.50722206,22.99626254,46.18588255,38.17086812,-29.1418026,26.18246195
5/7/2025 7:31,68.39496869,32.23546061,23.03252028,46.09320673,40.9486775,-29.12364062,26.28595169
5/7/2025 7:32,71.01821018,34.98528408,23.06911668,45.99950605,43.74773269,-29.10527372,26.39040746
5/7/2025 7:33,73.6595397,37.75652859,23.10604916,45.90478502,46.56786475,-29.08670528,26.49582372
5/7/2025 7:34,76.31878889,40.54902696,23.14331509,45.80904833,49.40890148,-29.0679387,26.60219477
5/7/2025 7:35,78.99578653,43.36260849,23.18091175,45.71230083,52.27066729,-29.04897746,26.70951475
5/7/2025 7:36,81.69035875,46.19709922,23.21883641,45.61454754,55.1529834,-29.02982506,26.81777763
5/7/2025 7:37,84.40232898,49.0523218,23.25708625,45.51579362,58.05566774,-29.01048508,26.92697724
5/7/2025 7:38,87.13151793,51.92809558,23.29565842,45.41604442,60.97853504,-28.99096113,27.03710726
5/7/2025 7:39,89.87774375,54.82423668,23.33455,45.31530544,63.92139688,-28.97125687,27.14816121
5/7/2025 7:40,92.64082199,57.74055799,23.37375802,45.21358232,66.8840617,-28.95137602,27.26013244
5/7/2025 7:41,95.42056561,60.6768692,23.41327947,45.11088089,69.86633483,-28.93132233,27.37301417
5/7/2025 7:42,98.21678512,63.63297686,23.45311128,45.00720712,72.86801857,-28.9110996,27.48679947
5/7/2025 7:43,101.0292885,66.6086844,23.49325031,44.90256713,75.88891218,-28.8907117,27.60148125
5/7/2025 7:44,103.8578813,69.60379218,23.53369341,44.79696722,78.92881195,-28.8701625,27.71705228
5/7/2025 7:45,106.7023666,72.61809754,23.57443735,44.69041381,81.98751123,-28.84945594,27.83350519
5/7/2025 7:46,109.5625454,75.65139481,23.61547885,44.5829135,85.06480046,-28.82859601,27.95083244
5/7/2025 7:47,112.4382159,78.70347536,23.65681459,44.47447304,88.16046721,-28.80758673,28.06902638
5/7/2025 7:48,115.3291745,81.77412771,23.69844121,44.36509931,91.27429631,-28.78643214,28.18807919
5/7/2025 7:49,118.235215,84.8631374,23.74035529,44.25479937,94.40606969,-28.76513636,28.30798292
5/7/2025 7:50,121.1561292,87.97028725,23.78255336,44.1435804,97.55556663,-28.74370353,28.42872949
5/7/2025 7:51,124.0917066,91.09535722,23.82503191,44.03144974,100.7225637,-28.72213781,28.55031067
5/7/2025 7:52,127.0417346,94.23812456,23.86778739,43.91841488,103.9068347,-28.70044342,28.6727181
5/7/2025 7:53,130.0059987,97.39836387,23.9108162,43.80448344,107.1081512,-28.67862461,28.79594327
5/7/2025 7:54,132.9842821,100.575847,23.95411469,43.6896632,110.3262817,-28.65668566,28.91997757
5/7/2025 7:55,135.9763662,103.7703432,23.99767918,43.57396206,113.5609925,-28.6346309,29.04481223
5/7/2025 7:56,138.9820303,106.9816193,24.04150592,43.45738809,116.8120474,-28.61246466,29.17043835
5/7/2025 7:57,142.0010517,110.2094395,24.08559116,43.33994946,120.0792078,-28.59019133,29.29684692
5/7/2025 7:58,145.0332063,113.4535654,24.12993108,43.2216545,123.3622325,-28.56781532,29.4240288
5/7/2025 7:59,148.0782675,116.7137565,24.17452181,43.10251168,126.6608781,-28.54534107,29.55197471
5/7/2025 8:00,150.241389,118.697188,24.21870177,42.99504991,128.8146226,-28.54482161,29.64177653
5/7/2025 8:01,153.3115779,121.9887779,24.26378243,42.87423727,132.1437711,-28.52216432,29.7712222
5/7/2025 8:02,156.3939843,125.2956967,24.30910211,42.75260294,135.4877968,-28.49942228,29.90140336
5/7/2025 8:03,159.4883749,128.6176946,24.35465679,42.63015591,138.8464477,-28.47660004,30.03231026
5/7/2025 8:04,162.5945152,131.9545196,24.40044245,42.50690528,142.2194693,-28.45370217,30.16393303
5/7/2025 8:05,165.7121687,135.3059174,24.44645499,42.3828603,145.6066052,-28.43073327,30.29626169
5/7/2025 8:06,168.8410977,138.6716317,24.4926903,42.25803031,149.0075972,-28.40769796,30.42928615
5/7/2025 8:07,171.9810628,142.0514042,24.53914423,42.1324248,152.4221848,-28.38460086,30.56299621
5/7/2025 8:08,175.1318234,145.4449746,24.5858126,42.00605336,155.8501058,-28.36144665,30.69738156
5/7/2025 8:09,178.2931374,148.8520806,24.63269118,41.87892572,159.2910963,-28.33824,30.83243177
5/7/2025 8:10,181.4647612,152.2724581,24.67977574,41.7510517,162.7448901,-28.31498559,30.96813633
5/7/2025 8:11,184.6464503,155.7058411,24.72706199,41.62244124,166.2112199,-28.29168815,31.10448462
5/7/2025 8:12,187.8379586,159.1519618,24.77454562,41.4931044,169.6898162,-28.2683524,31.24146592
5/7/2025 8:13,191.0390389,162.6105509,24.8222223,41.36305135,173.180408,-28.24498307,31.3790694
5/7/2025 8:14,194.249443,166.0813372,24.87008767,41.23229235,176.6827229,-28.22158492,31.51728415
5/7/2025 8:15,197.4689215,169.5640478,24.91813733,41.10083778,180.1964866,-28.19816271,31.65609917
5/7/2025 8:16,200.6972238,173.0584084,24.96636686,40.96869813,183.7214237,-28.17472122,31.79550334
5/7/2025 8:17,203.9340984,176.5641433,25.01477181,40.83588397,187.257257,-28.15126523,31.93548548
5/7/2025 8:18,207.179293,180.0809749,25.06334773,40.70240599,190.8037081,-28.12779953,32.07603431
5/7/2025 8:19,210.4325542,183.6086247,25.11209011,40.56827495,194.3604972,-28.10432893,32.21713847
5/7/2025 8:20,213.6936276,187.1468124,25.16099445,40.43350174,197.9273434,-28.08085822,32.35878651
5/7/2025 8:21,216.9622583,190.6952568,25.2100562,40.29809731,201.5039642,-28.05739221,32.50096692
5/7/2025 8:22,220.2381905,194.253675,25.25927082,40.16207271,205.0900763,-28.03393572,32.64366807
5/7/2025 8:23,223.5211674,197.8217833,25.30863371,40.0254391,208.6853949,-28.01049357,32.7868783
5/7/2025 8:24,226.810932,201.3992965,25.3581403,39.88820768,212.2896345,-27.98707056,32.93058584
5/7/2025 8:25,230.1072262,204.9859287,25.40778596,39.75038978,215.9025084,-27.96367152,33.07477888
5/7/2025 8:26,233.4097917,208.5813927,25.45756606,39.61199679,219.5237289,-27.94030126,33.21944551
5/7/2025 8:27,236.7183694,212.1854003,25.50747596,39.47304017,223.1530073,-27.9169646,33.36457378
5/7/2025 8:28,240.0326997,215.7976624,25.55751099,39.33353146,226.7900542,-27.89366633,33.51015165
5/7/2025 8:29,243.3525227,219.4178891,25.60766649,39.1934823,230.4345794,-27.87041127,33.65616703
5/7/2025 8:30,246.677578,223.0457897,25.65793775,39.05290436,234.0862918,-27.8472042,33.80260778
5/7/2025 8:31,250.007605,226.6810725,25.70832009,38.91180942,237.7448997,-27.82404993,33.94946169
5/7/2025 8:32,253.3423425,230.3234454,25.75880878,38.77020929,241.4101106,-27.80095324,34.09671649
5/7/2025 8:33,256.6815292,233.9726154,25.80939911,38.62811587,245.0816317,-27.77791889,34.24435987
5/7/2025 8:34,260.0249036,237.6282889,25.86008634,38.4855411,248.7591692,-27.75495165,34.39237946
5/7/2025 8:35,263.3722041,241.2901719,25.91086574,38.34249701,252.4424293,-27.73205626,34.54076284
5/7/2025 8:36,266.7231688,244.9579697,25.96173256,38.19899566,256.1311173,-27.70923747,34.68949755
5/7/2025 8:37,270.0775357,248.6313874,26.01268204,38.05504918,259.8249384,-27.68649999,34.83857109
5/7/2025 8:38,273.4350431,252.3101294,26.06370942,37.91066973,263.5235973,-27.66384854,34.98797091
5/7/2025 8:39,276.7954288,255.9939001,26.11480995,37.76586956,267.2267986,-27.64128779,35.13768442
5/7/2025 8:40,280.158431,259.6824032,26.16597886,37.62066091,270.9342464,-27.61882243,35.287699
5/7/2025 8:41,283.523788,263.3753425,26.21721137,37.47505613,274.6456449,-27.5964571,35.438002
5/7/2025 8:42,286.891238,267.0724215,26.26850273,37.32906755,278.3606979,-27.57419644,35.58858073
5/7/2025 8:43,290.2605198,270.7733436,26.31984815,37.18270758,282.0791093,-27.55204505,35.73942247
5/7/2025 8:44,293.631372,274.477812,26.37124287,37.03598866,285.8005828,-27.53000754,35.89051448
5/7/2025 8:45,297.0035336,278.18553,26.42268212,36.88892325,289.5248223,-27.50808845,36.04184398
5/7/2025 8:46,300.3767442,281.896201,26.47416115,36.74152386,293.2515317,-27.48629234,36.1933982
5/7/2025 8:47,303.7507433,285.6095282,26.52567517,36.59380301,296.9804149,-27.46462371,36.34516431
5/7/2025 8:48,307.1252712,289.3252151,26.57721944,36.44577325,300.7111762,-27.44308705,36.4971295
5/7/2025 8:49,310.5000684,293.0429655,26.62878921,36.29744718,304.4435198,-27.42168682,36.64928092
5/7/2025 8:50,313.874876,296.7624832,26.68037973,36.14883739,308.1771506,-27.40042746,36.80160571
5/7/2025 8:51,317.2494357,300.4834724,26.73198627,35.99995649,311.9117734,-27.37931335,36.95409101
5/7/2025 8:52,320.6234896,304.2056376,26.78360408,35.85081714,315.6470936,-27.35834887,37.10672396
5/7/2025 8:53,323.9967804,307.9286837,26.83522847,35.70143197,319.382817,-27.33753835,37.25949167
5/7/2025 8:54,327.3690518,311.6523161,26.88685471,35.55181366,323.1186497,-27.3168861,37.41238126
5/7/2025 8:55,330.7400478,315.3762404,26.93847811,35.40197486,326.8542985,-27.29639637,37.56537985
5/7/2025 8:56,334.1095132,319.1001632,26.99009398,35.25192826,330.5894707,-27.27607341,37.71847457
5/7/2025 8:57,337.4771939,322.8237912,27.04169765,35.10168654,334.3238741,-27.2559214,37.87165254
5/7/2025 8:58,340.8428362,326.546832,27.09328447,34.95126237,338.0572174,-27.2359445,38.0249009
5/7/2025 8:59,344.2061875,330.2689939,27.14484979,34.80066843,341.7892098,-27.21614683,38.17820678
5/7/2025 9:00,346.6723776,332.6974041,27.19573128,34.66243773,344.3592847,-27.21858101,38.29265863
5/7/2025 9:01,350.0303926,336.4169356,27.24723974,34.51154228,348.0877059,-27.19915398,38.44604104
5/7/2025 9:02,353.385364,340.1347173,27.29871287,34.36051505,351.8139087,-27.17991828,38.59944248
5/7/2025 9:03,356.7370432,343.8504606,27.35014611,34.20936871,355.5376054,-27.16087787,38.75285016
5/7/2025 9:04,360.0851822,347.5638778,27.40153489,34.05811587,359.2585096,-27.14203665,38.90625129
5/7/2025 9:05,363.4295343,351.274682,27.4528747,33.90676915,362.9763355,-27.12339848,39.05963312
5/7/2025 9:06,366.7698538,354.9825877,27.50416101,33.75534114,366.6907987,-27.10496718,39.21298292
5/7/2025 9:07,370.1058965,358.68731,27.55538934,33.60384442,370.4016156,-27.08674652,39.366288
5/7/2025 9:08,373.4374189,362.3885653,27.60655523,33.45229154,374.1085037,-27.06874022,39.51953567
5/7/2025 9:09,376.7641789,366.0860712,27.65765424,33.300695,377.8111818,-27.05095195,39.67271331
5/7/2025 9:10,380.0859359,369.7795463,27.70868196,33.1490673,381.5093698,-27.03338533,39.82580831
5/7/2025 9:11,383.4024503,373.4687106,27.75963399,32.99742091,385.2027889,-27.01604394,39.97880809
5/7/2025 9:12,386.7134838,377.1532851,27.81050598,32.84576823,388.8911613,-26.9989313,40.13170013
5/7/2025 9:13,390.0187997,380.8329924,27.86129359,32.69412166,392.5742108,-26.98205087,40.28447194
5/7/2025 9:14,393.3181625,384.5075562,27.91199253,32.54249354,396.2516625,-26.96540608,40.43711108
5/7/2025 9:15,396.6113381,388.1767018,27.96259851,32.39089617,399.9232427,-26.94900028,40.58960515
5/7/2025 9:16,399.8980941,391.8401557,28.01310729,32.23934181,403.5886793,-26.93283678,40.74194179
5/7/2025 9:17,403.1781992,395.497646,28.06351467,32.08784268,407.2477017,-26.91691883,40.89410871
5/7/2025 9:18,406.4514239,399.1489023,28.11381646,31.93641094,410.9000405,-26.90124963,41.04609365
5/7/2025 9:19,409.7175402,402.7936557,28.16400851,31.78505869,414.5454283,-26.88583231,41.19788441
5/7/2025 9:20,412.9763215,406.4316388,28.21408671,31.63379799,418.1835988,-26.87066995,41.34946887
5/7/2025 9:21,416.227543,410.062586,28.26404699,31.48264084,421.8142876,-26.85576558,41.50083492
5/7/2025 9:22,419.4709813,413.6862332,28.31388529,31.33159919,425.4372319,-26.84112215,41.65197056
5/7/2025 9:23,422.706415,417.3023181,28.36359762,31.1806849,429.0521705,-26.82674256,41.80286381
5/7/2025 9:24,425.9336239,420.9105798,28.41318,31.0299098,432.6588439,-26.81262966,41.95350279
5/7/2025 9:25,429.1523899,424.5107597,28.46262849,30.87928564,436.2569945,-26.79878623,42.10387567
5/7/2025 9:26,432.3624966,428.1026006,28.51193922,30.7288241,439.8463664,-26.78521497,42.25397068
5/7/2025 9:27,435.563729,431.6858471,28.56110831,30.57853678,443.4267053,-26.77191855,42.40377613
5/7/2025 9:28,438.7558742,435.2602458,28.61013196,30.42843524,446.997759,-26.75889955,42.55328039
5/7/2025 9:29,441.9387212,438.8255453,28.65900639,30.27853093,450.5592772,-26.7461605,42.70247193
5/7/2025 9:30,445.1120603,442.3814958,28.70772787,30.12883524,454.1110112,-26.73370387,42.85133927
5/7/2025 9:31,448.2756843,445.9278497,28.7562927,29.97935947,457.6527146,-26.72153203,42.99987102
5/7/2025 9:32,451.4293874,449.4643612,28.80469724,29.83011487,461.1841426,-26.70964734,43.14805586
5/7/2025 9:33,454.5729658,452.9907867,28.85293789,29.68111256,464.7050527,-26.69805204,43.29588256
5/7/2025 9:34,457.7062177,456.5068845,28.90101108,29.53236361,468.2152042,-26.68674834,43.44333996
5/7/2025 9:35,460.8289432,460.0124151,28.9489133,29.38387898,471.7143586,-26.67573836,43.59041701
5/7/2025 9:36,463.9409443,463.5071408,28.99664107,29.23566957,475.2022794,-26.66502417,43.73710272
5/7/2025 9:37,467.0420249,466.9908263,29.04419097,29.08774615,478.678732,-26.65460775,43.8833862
5/7/2025 9:38,470.1319911,470.4632384,29.09155962,28.94011943,482.1434843,-26.64449104,44.02925664
5/7/2025 9:39,473.2106508,473.9241459,29.1387437,28.79280001,485.596306,-26.63467587,44.17470333
5/7/2025 9:40,476.277814,477.37332,29.18573991,28.64579839,489.0369692,-26.62516405,44.31971566
5/7/2025 9:41,479.3332927,480.810534,29.23254503,28.49912497,492.465248,-26.61595729,44.46428309
5/7/2025 9:42,482.3769009,484.2355635,29.27915586,28.35279005,495.8809189,-26.60705721,44.60839521
5/7/2025 9:43,485.4084549,487.6481862,29.32556927,28.20680385,499.2837605,-26.59846541,44.75204167
5/7/2025 9:44,488.4277727,491.0481823,29.37178217,28.06117644,502.6735536,-26.59018338,44.89521225
5/7/2025 9:45,491.4346748,494.4353342,29.41779152,27.91591783,506.0500814,-26.58221255,45.03789681
5/7/2025 9:46,494.4289834,497.8094267,29.46359434,27.77103788,509.4131294,-26.57455428,45.18008532
5/7/2025 9:47,497.4105232,501.1702467,29.5091877,27.62654638,512.7624853,-26.56720985,45.32176785
5/7/2025 9:48,500.3791207,504.5175838,29.55456872,27.48245298,516.0979392,-26.56018048,45.46293458
5/7/2025 9:49,503.3346047,507.8512297,29.59973455,27.33876722,519.4192835,-26.55346731,45.60357578
5/7/2025 9:50,506.2768061,511.1709787,29.64468243,27.19549853,522.7263129,-26.54707141,45.74368186
5/7/2025 9:51,509.2055581,514.4766273,29.68940963,27.05265624,526.0188247,-26.54099377,45.8832433
5/7/2025 9:52,512.1206958,517.7679747,29.73391349,26.91024952,529.2966184,-26.53523531,46.02225072
5/7/2025 9:53,515.0220567,521.0448223,29.77819138,26.76828746,532.559496,-26.52979688,46.16069483
5/7/2025 9:54,517.9094804,524.306974,29.82224075,26.62677902,535.8072617,-26.52467925,46.29856645
5/7/2025 9:55,520.7828087,527.5542363,29.86605908,26.48573302,539.0397225,-26.51988314,46.43585654
5/7/2025 9:56,523.6418856,530.7864181,29.90964393,26.34515816,542.2566875,-26.51540915,46.57255615
5/7/2025 9:57,526.4865572,534.0033308,29.95299291,26.20506304,545.4579685,-26.51125786,46.70865645
5/7/2025 9:58,529.3166719,537.2047882,29.99610366,26.06545611,548.6433796,-26.50742973,46.84414872
5/7/2025 9:59,532.1320804,540.3906067,30.03897391,25.92634569,551.8127374,-26.50392517,46.97902438
5/7/2025 10:00,534.038017,542.2680238,30.08094374,25.80026031,553.8055847,-26.52279307,47.07437624
5/7/2025 10:01,536.8235737,545.4220241,30.12332636,25.66216737,556.9422959,-26.51993657,47.20799335
5/7/2025 10:02,539.5939892,548.55985,30.16546197,25.52459515,560.0624187,-26.51740441,47.34096879
5/7/2025 10:03,542.349123,551.6813281,30.20734852,25.38755143,563.1657797,-26.51519671,47.47329442
5/7/2025 10:04,545.0888369,554.7862874,30.248984,25.2510439,566.2522081,-26.51331349,47.60496225
5/7/2025 10:05,547.8129947,557.8745598,30.29036647,25.11508007,569.3215355,-26.51175473,47.73596441
5/7/2025 10:06,550.5214626,560.9459794,30.33149406,24.97966735,572.3735961,-26.5105203,47.86629316
5/7/2025 10:07,553.214109,564.000383,30.37236493,24.84481298,575.4082267,-26.50961003,47.99594086
5/7/2025 10:08,555.8908045,567.0376102,30.41297732,24.7105241,578.4252663,-26.50902364,48.12490003
5/7/2025 10:09,558.5514218,570.0575028,30.45332954,24.57680768,581.4245569,-26.50876082,48.25316328
5/7/2025 10:10,561.195836,573.0599054,30.49341991,24.44367055,584.4059427,-26.50882116,48.38072336
5/7/2025 10:11,563.8239244,576.0446652,30.53324687,24.31111942,587.3692706,-26.50920417,48.50757316
5/7/2025 10:12,566.4355664,579.0116318,30.57280888,24.17916083,590.3143899,-26.50990931,48.63370569
5/7/2025 10:13,569.0306437,581.9606578,30.61210446,24.04780121,593.2411527,-26.51093596,48.75911407
5/7/2025 10:14,571.6090402,584.8915978,30.65113221,23.91704682,596.1494134,-26.51228341,48.88379156
5/7/2025 10:15,574.1706418,587.8043094,30.68989077,23.78690379,599.0390289,-26.51395091,49.00773157
5/7/2025 10:16,576.715337,590.6986528,30.72837885,23.65737808,601.9098589,-26.51593761,49.13092761
5/7/2025 10:17,579.243016,593.5744904,30.76659522,23.52847555,604.7617654,-26.5182426,49.25337332
5/7/2025 10:18,581.7535716,596.4316876,30.80453869,23.40020186,607.594613,-26.52086491,49.3750625
5/7/2025 10:19,584.2468986,599.2701122,30.84220817,23.27256257,610.4082688,-26.52380348,49.49598904
5/7/2025 10:20,586.7228939,602.0896344,30.87960258,23.14556306,613.2026026,-26.52705719,49.61614699
5/7/2025 10:21,589.1814566,604.8901273,30.91672093,23.01920858,615.9774865,-26.53062485,49.73553053
5/7/2025 10:22,591.622488,607.6714663,30.95356229,22.89350423,618.7327952,-26.5345052,49.85413395
5/7/2025 10:23,594.0458915,610.4335294,30.99012578,22.76845495,621.4684059,-26.53869691,49.97195168
5/7/2025 10:24,596.4515726,613.1761973,31.02641058,22.64406553,624.1841983,-26.54319858,50.0889783
5/7/2025 10:25,598.8394389,615.8993529,31.06241593,22.52034063,626.8800545,-26.54800875,50.20520849
5/7/2025 10:26,601.2094003,618.6028819,31.09814114,22.39728475,629.5558593,-26.55312589,50.32063709
5/7/2025 10:27,603.5613684,621.2866726,31.13358554,22.27490223,632.2114997,-26.55854839,50.43525906
5/7/2025 10:28,605.8952574,623.9506155,31.16874858,22.15319727,634.8468654,-26.5642746,50.54906948
5/7/2025 10:29,608.210983,626.5946037,31.20362972,22.03217391,637.4618485,-26.57030277,50.66206359
5/7/2025 10:30,610.5084634,629.218533,31.23822849,21.91183606,640.0563434,-26.57663111,50.77423673
5/7/2025 10:31,612.7876187,631.8223014,31.27254449,21.79218746,642.6302471,-26.58325776,50.88558439
5/7/2025 10:32,615.0483709,634.4058095,31.30657737,21.6732317,645.1834589,-26.59018079,50.99610218
5/7/2025 10:33,617.2906443,636.9689604,31.34032684,21.55497222,647.7158807,-26.59739822,51.10578586
5/7/2025 10:34,619.5143648,639.5116594,31.37379266,21.43741233,650.2274165,-26.60490799,51.21463131
5/7/2025 10:35,621.7194606,642.0338144,31.40697467,21.32055516,652.717973,-26.61270799,51.32263453
5/7/2025 10:36,623.9058618,644.5353357,31.43987273,21.2044037,655.1874589,-26.62079604,51.42979167
5/7/2025 10:37,626.0735004,647.0161361,31.47248679,21.0889608,657.6357857,-26.62916992,51.53609899
5/7/2025 10:38,628.2223104,649.4761305,31.50481684,20.97422914,660.0628669,-26.63782731,51.6415529
5/7/2025 10:39,630.3522275,651.9152364,31.53686294,20.86021127,662.4686185,-26.64676586,51.74614993
5/7/2025 10:40,632.4631897,654.3333734,31.56862519,20.74690957,664.8529587,-26.65598317,51.84988673
5/7/2025 10:41,634.5551365,656.7304638,31.60010375,20.63432629,667.215808,-26.66547676,51.9527601
5/7/2025 10:42,636.6280094,659.1064318,31.63129884,20.52246353,669.5570892,-26.67524411,52.05476695
5/7/2025 10:43,638.6817518,661.4612042,31.66221074,20.41132321,671.8767274,-26.68528261,52.15590432
5/7/2025 10:44,640.716309,663.7947099,31.69283977,20.30090714,674.17465,-26.69558965,52.25616939
5/7/2025 10:45,642.7316278,666.1068801,31.72318631,20.19121697,676.4507864,-26.70616252,52.35555945
5/7/2025 10:46,644.727657,668.3976482,31.75325081,20.08225419,678.7050683,-26.71699846,52.45407193
5/7/2025 10:47,646.7043473,670.6669499,31.78303375,19.97402016,680.9374297,-26.72809469,52.55170439
5/7/2025 10:48,648.6616509,672.9147231,31.81253567,19.86651608,683.1478067,-26.73944835,52.64845448
5/7/2025 10:49,650.5995218,675.1409076,31.84175717,19.75974301,685.3361375,-26.75105653,52.74432002
5/7/2025 10:50,652.5179157,677.3454457,31.87069889,19.65370187,687.5023623,-26.76291628,52.83929893
5/7/2025 10:51,654.41679,679.5282817,31.89936154,19.54839343,689.6464238,-26.7750246,52.93338924
5/7/2025 10:52,656.2961039,681.6893619,31.92774587,19.44381831,691.7682663,-26.78737842,53.02658914
5/7/2025 10:53,658.1558179,683.8286349,31.95585268,19.339977,693.8678365,-26.79997466,53.11889691
5/7/2025 10:54,659.9958945,685.946051,31.98368281,19.23686984,695.945083,-26.81281016,53.21031095
5/7/2025 10:55,661.8162976,688.041563,32.01123717,19.13449703,697.9999564,-26.82588174,53.30082981
5/7/2025 10:56,663.6169926,690.1151254,32.03851672,19.03285863,700.0324095,-26.83918614,53.39045212
5/7/2025 10:57,665.3979466,692.1666947,32.06552244,18.93195456,702.0423966,-26.85272011,53.47917665
5/7/2025 10:58,667.1591282,694.1962295,32.09225539,18.8317846,704.0298745,-26.86648031,53.56700229
5/7/2025 10:59,668.9005075,696.2036903,32.11871667,18.73234839,705.9948016,-26.88046337,53.65392804
5/7/2025 11:00,669.7274375,696.8964577,32.14424971,18.64616578,706.7768617,-26.91671445,53.70105428
5/7/2025 11:01,671.4291282,698.8596593,32.1701711,18.54819547,708.69657,-26.931133,53.7861777
5/7/2025 11:02,673.1109356,700.8006796,32.19582437,18.45095703,710.5936143,-26.94576408,53.87039891
5/7/2025 11:03,674.7728355,702.7194865,32.22121082,18.35444956,712.4679603,-26.96060417,53.95371736
5/7/2025 11:04,676.4148052,704.6160499,32.24633175,18.25867204,714.3195759,-26.97564972,54.03613263
5/7/2025 11:05,678.0368233,706.4903412,32.27118855,18.16362329,716.1484304,-26.99089714,54.11764438
5/7/2025 11:06,679.6388697,708.3423338,32.29578261,18.06930204,717.9544951,-27.00634279,54.1982524
5/7/2025 11:07,681.2209257,710.1720027,32.32011539,17.97570687,719.737743,-27.02198303,54.27795658
5/7/2025 11:08,682.7829738,711.9793245,32.3441884,17.88283622,721.4981487,-27.03781415,54.35675692
5/7/2025 11:09,684.3249979,713.7642778,32.36800317,17.79068842,723.2356886,-27.05383243,54.43465352
5/7/2025 11:10,685.8469829,715.5268426,32.39156127,17.69926168,724.9503406,-27.07003413,54.5116466
5/7/2025 11:11,687.3489152,717.2670004,32.41486432,17.60855406,726.6420843,-27.08641546,54.58773645
5/7/2025 11:12,688.8307822,718.9847346,32.43791399,17.51856354,728.3109009,-27.10297261,54.6629235
5/7/2025 11:13,690.2925724,720.68003,32.46071196,17.42928795,729.9567731,-27.11970175,54.73720825
5/7/2025 11:14,691.7342756,722.3528729,32.48325997,17.34072499,731.5796852,-27.13659902,54.81059132
5/7/2025 11:15,693.1558827,724.0032512,32.5055598,17.25287227,733.1796229,-27.15366053,54.88307342
5/7/2025 11:16,694.5573856,725.6311541,32.52761325,17.16572727,734.7565736,-27.17088238,54.95465535
5/7/2025 11:17,695.9387772,727.2365724,32.54942216,17.07928736,736.310526,-27.18826063,55.02533801
5/7/2025 11:18,697.3000517,728.8194982,32.57098841,16.99354979,737.8414701,-27.20579134,55.0951224
5/7/2025 11:19,698.6412041,730.3799252,32.59231392,16.90851171,739.3493976,-27.22347055,55.16400961
5/7/2025 11:20,699.9622304,731.9178483,32.61340062,16.82417014,740.8343014,-27.24129425,55.23200082
5/7/2025 11:21,701.2631275,733.4332636,32.6342505,16.74052201,742.2961757,-27.25925845,55.29909729
5/7/2025 11:22,702.5438935,734.9261687,32.65486557,16.65756413,743.735016,-27.27735913,55.36530038
5/7/2025 11:23,703.8045271,736.3965624,32.67524786,16.57529322,745.1508194,-27.29559225,55.43061153
5/7/2025 11:24,705.045028,737.8444448,32.69539946,16.49370589,746.5435838,-27.31395377,55.49503227
5/7/2025 11:25,706.2653968,739.2698171,32.71532245,16.41279863,747.9133086,-27.33243962,55.55856422
5/7/2025 11:26,707.4656349,740.6726816,32.73501898,16.33256787,749.2599945,-27.35104574,55.62120906
5/7/2025 11:27,708.6457446,742.053042,32.75449119,16.2530099,750.583643,-27.36976803,55.68296858
5/7/2025 11:28,709.8057288,743.410903,32.77374127,16.17412094,751.8842572,-27.38860242,55.74384462
5/7/2025 11:29,710.9455912,744.7462703,32.79277144,16.09589711,753.1618409,-27.40754481,55.80383913
5/7/2025 11:30,712.0653363,746.0591508,32.81158392,16.01833443,754.4163994,-27.42659108,55.8629541
5/7/2025 11:31,713.1649694,747.3495524,32.83018097,15.94142883,755.6479386,-27.44573714,55.92119163
5/7/2025 11:32,714.2444963,748.6174838,32.84856489,15.86517616,756.8564659,-27.46497887,55.97855387
5/7/2025 11:33,715.3039235,749.862955,32.86673797,15.78957217,758.0419894,-27.48431216,56.03504304
5/7/2025 11:34,716.3432582,751.0859767,32.88470256,15.71461255,759.2045183,-27.50373288,56.09066145
5/7/2025 11:35,717.3625081,752.2865606,32.90246098,15.64029287,760.3440627,-27.52323693,56.14541146
5/7/2025 11:36,718.3616817,753.4647193,32.92001562,15.56660866,761.4606337,-27.54282019,56.19929551
5/7/2025 11:37,719.3407878,754.6204662,32.93736887,15.49355532,762.5542432,-27.56247854,56.25231609
5/7/2025 11:38,720.299836,755.7538156,32.95452313,15.42112823,763.6249041,-27.58220789,56.30447577
5/7/2025 11:39,721.2388361,756.8647824,32.97148083,15.34932265,764.67263,-27.60200411,56.35577718
5/7/2025 11:40,722.1577986,757.9533825,32.98824441,15.27813378,765.6974354,-27.62186312,56.40622298
5/7/2025 11:41,723.0567346,759.0196325,33.00481632,15.20755676,766.6993355,-27.64178082,56.45581594
5/7/2025 11:42,723.9356553,760.0635496,33.02119905,15.13758665,767.6783465,-27.66175312,56.50455885
5/7/2025 11:43,724.7945727,761.0851517,33.03739508,15.06821844,768.634485,-27.68177597,56.55245457
5/7/2025 11:44,725.6334988,762.0844574,33.0534069,14.99944706,769.5677685,-27.70184529,56.599506
5/7/2025 11:45,726.4524462,763.061486,33.06923704,14.93126739,770.4782153,-27.72195703,56.64571611
5/7/2025 11:46,727.251428,764.0162572,33.08488802,14.86367422,771.365844,-27.74210715,56.69108791
5/7/2025 11:47,728.0304574,764.9487914,33.10036236,14.7966623,772.2306742,-27.76229163,56.73562447
5/7/2025 11:48,728.7895479,765.8591097,33.11566262,14.73022633,773.0727259,-27.78250647,56.77932889
5/7/2025 11:49,729.5287135,766.7472333,33.13079135,14.66436093,773.8920198,-27.80274768,56.82220432
5/7/2025 11:50,730.2479683,767.6131842,33.14575112,14.59906069,774.6885771,-27.82301127,56.86425397
5/7/2025 11:51,730.9473267,768.4569848,33.16054448,14.53432015,775.4624194,-27.84329329,56.90548107
5/7/2025 11:52,731.6268034,769.278658,33.17517401,14.47013378,776.213569,-27.86358982,56.94588891
5/7/2025 11:53,732.2864132,770.0782269,33.1896423,14.40649603,776.9420486,-27.88389694,56.9854808
5/7/2025 11:54,732.9261711,770.8557152,33.20395193,14.34340128,777.6478813,-27.90421075,57.02426011
5/7/2025 11:55,733.5460924,771.6111469,33.21810549,14.2808439,778.3310909,-27.92452739,57.06223023
5/7/2025 11:56,734.1461923,772.3445463,33.23210556,14.21881819,778.9917012,-27.94484303,57.09939457
5/7/2025 11:57,734.7264865,773.0559379,33.24595474,14.15731843,779.6297368,-27.96515384,57.13575661
5/7/2025 11:58,735.2869904,773.7453468,33.25965562,14.09633885,780.2452223,-27.98545603,57.17131984
5/7/2025 11:59,735.8277199,774.412798,33.27321079,14.03587368,780.8381828,-28.00574585,57.20608776
5/7/2025 12:00,735.4540723,773.7657354,33.28596515,13.9884374,780.2483673,-28.04806811,57.20116521
5/7/2025 12:01,735.9553003,774.3893478,33.29923669,13.92898351,780.7963546,-28.06832201,57.2343532
5/7/2025 12:02,736.4368013,774.9910794,33.31237029,13.87002646,781.3218941,-28.08855243,57.26675661
5/7/2025 12:03,736.8985913,775.5709561,33.32536854,13.81156034,781.8250121,-28.10875574,57.29837905
5/7/2025 12:04,737.3406863,776.1290042,33.33823402,13.75357923,782.305735,-28.12892832,57.32922416
5/7/2025 12:05,737.7631021,776.6652497,33.3509693,13.69607718,782.7640897,-28.14906661,57.35929561
5/7/2025 12:06,738.1658547,777.1797191,33.36357695,13.63904824,783.2001029,-28.16916708,57.38859706
5/7/2025 12:07,738.54896,777.6724388,33.37605953,13.5824864,783.6138019,-28.18922623,57.41713222
5/7/2025 12:08,738.9124338,778.1434353,33.38841959,13.5263857,784.0052137,-28.20924059,57.44490479
5/7/2025 12:09,739.256292,778.5927351,33.40065969,13.47074011,784.3743658,-28.22920675,57.47191848
5/7/2025 12:10,739.5805501,779.0203648,33.41278235,13.41554363,784.7212857,-28.24912133,57.49817704
5/7/2025 12:11,739.8852239,779.4263508,33.4247901,13.36079024,785.0460009,-28.26898098,57.5236842
5/7/2025 12:12,740.1703289,779.8107198,33.43668545,13.30647391,785.3485393,-28.2887824,57.54844371
5/7/2025 12:13,740.4358804,780.1734981,33.44847091,13.2525886,785.6289283,-28.30852235,57.57245933
5/7/2025 12:14,740.6818938,780.5147123,33.46014896,13.19912831,785.887196,-28.3281976,57.59573482
5/7/2025 12:15,740.9083841,780.8343887,33.47172208,13.14608698,786.1233701,-28.34780498,57.61827394
5/7/2025 12:16,741.1153664,781.1325536,33.48319272,13.09345861,786.3374784,-28.36734138,57.64008047
5/7/2025 12:17,741.3028556,781.4092331,33.49456335,13.04123717,786.5295488,-28.38680371,57.66115817
5/7/2025 12:18,741.4708662,781.6644533,33.50583637,12.98941666,786.6996091,-28.40618895,57.6815108
5/7/2025 12:19,741.6194128,781.8982402,33.51701422,12.93799106,786.8476871,-28.42549411,57.70114214
5/7/2025 12:20,741.7485097,782.1106193,33.52809927,12.88695441,786.9738106,-28.44471626,57.72005594
5/7/2025 12:21,741.858171,782.3016164,33.53909391,12.83630072,787.0780073,-28.46385252,57.73825597
5/7/2025 12:22,741.9484105,782.4712568,33.5500005,12.78602403,787.1603048,-28.48290004,57.75574596
5/7/2025 12:23,742.0192421,782.6195657,33.56082136,12.73611841,787.2207307,-28.50185606,57.77252967
5/7/2025 12:24,742.070679,782.7465681,33.57155883,12.68657793,787.2593124,-28.52071784,57.78861083
5/7/2025 12:25,742.1027347,782.8522889,33.58221518,12.63739671,787.2760773,-28.5394827,57.80399315
5/7/2025 12:26,742.115422,782.9367524,33.59279271,12.58856887,787.2710526,-28.55814803,57.81868035
5/7/2025 12:27,742.1087539,782.9999831,33.60329365,12.54008856,787.2442655,-28.57671124,57.83267613
5/7/2025 12:28,742.0827426,783.042005,33.61372023,12.49194996,787.1957429,-28.59516984,57.84598417
5/7/2025 12:29,742.0374007,783.0628418,33.62407465,12.4441473,787.1255117,-28.61352135,57.85860813
5/7/2025 12:30,741.97274,783.062517,33.63435909,12.39667481,787.0335985,-28.63176339,57.87055166
5/7/2025 12:31,741.8887724,783.0410538,33.64457571,12.34952678,786.9200298,-28.64989361,57.8818184
5/7/2025 12:32,741.7855093,782.9984752,33.65472662,12.30269752,786.7848321,-28.66790971,57.89241195
5/7/2025 12:33,741.6629619,782.9348037,33.66481392,12.25618138,786.6280314,-28.68580948,57.90233591
5/7/2025 12:34,741.5211413,782.8500615,33.67483969,12.20997276,786.4496537,-28.70359075,57.91159385
5/7/2025 12:35,741.3600581,782.7442708,33.68480596,12.1640661,786.2497249,-28.72125141,57.9201893
5/7/2025 12:36,741.1797228,782.6174531,33.69471475,12.11845587,786.0282704,-28.7387894,57.92812579
5/7/2025 12:37,740.9801454,782.4696298,33.70456803,12.0731366,785.7853157,-28.75620276,57.93540681
5/7/2025 12:38,740.761336,782.3008217,33.71436776,12.02810286,785.5208859,-28.77348954,57.94203583
5/7/2025 12:39,740.523304,782.1110496,33.72411587,11.98334928,785.235006,-28.79064789,57.9480163
5/7/2025 12:40,740.2660589,781.9003337,33.73381424,11.93887052,784.9277007,-28.80767601,57.95335161
5/7/2025 12:41,739.9896096,781.668694,33.74346472,11.89466131,784.5989946,-28.82457216,57.95804516
5/7/2025 12:42,739.693965,781.4161499,33.75306915,11.85071643,784.2489118,-28.84133468,57.96210029
5/7/2025 12:43,739.3791336,781.1427208,33.76262931,11.80703072,783.8774765,-28.85796194,57.96552033
5/7/2025 12:44,739.0451236,780.8484255,33.77214696,11.76359906,783.4847125,-28.8744524,57.96830855
5/7/2025 12:45,738.691943,780.5332824,33.78162382,11.72041641,783.0706434,-28.8908046,57.97046822
5/7/2025 12:46,738.3195996,780.1973097,33.79106159,11.67747779,782.6352926,-28.9070171,57.97200253
5/7/2025 12:47,737.9281008,779.8405252,33.80046191,11.63477826,782.1786832,-28.92308857,57.97291469
5/7/2025 12:48,737.5174539,779.4629462,33.80982641,11.59231297,781.700838,-28.93901773,57.97320783
5/7/2025 12:49,737.0876658,779.0645898,33.81915665,11.55007713,781.2017798,-28.95480335,57.97288505
5/7/2025 12:50,736.6387433,778.6454727,33.82845419,11.508066,780.6815311,-28.9704443,57.97194943
5/7/2025 12:51,736.1706928,778.2056111,33.83772052,11.46627492,780.140114,-28.98593948,57.97040399
5/7/2025 12:52,735.6835207,777.7450211,33.84695713,11.42469932,779.5775504,-29.00128789,57.96825173
5/7/2025 12:53,735.1772329,777.2637181,33.85616543,11.38333467,778.9938623,-29.01648858,57.9654956
5/7/2025 12:54,734.6518352,776.7617176,33.86534682,11.34217653,778.3890711,-29.03154067,57.96213849
5/7/2025 12:55,734.1073334,776.2390342,33.87450264,11.30122053,777.7631982,-29.04644335,57.95818328
5/7/2025 12:56,733.5437327,775.6956826,33.88363422,11.26046237,777.1162647,-29.06119589,57.95363278
5/7/2025 12:57,732.9610385,775.1316771,33.89274282,11.21989784,776.4482914,-29.07579761,57.94848978
5/7/2025 12:58,732.3592557,774.5470314,33.90182967,11.1795228,775.7592992,-29.09024791,57.94275702
5/7/2025 12:59,731.7383892,773.9417591,33.91089596,11.1393332,775.0493085,-29.10454624,57.93643717
5/7/2025 13:00,730.2038253,772.0232919,33.91928515,11.11184538,773.1580632,-29.14074072,57.89063416
5/7/2025 13:01,729.5448055,771.3768058,33.92831373,11.07201479,772.4061364,-29.15473381,57.88314804
5/7/2025 13:02,728.8667155,770.7097319,33.93732508,11.03235795,771.6332716,-29.16857377,57.87508263
5/7/2025 13:03,728.1695598,770.0220824,33.94632022,10.99287113,770.8394886,-29.18226032,57.86644044
5/7/2025 13:04,727.4533425,769.3138694,33.95530014,10.95355069,770.0248071,-29.19579328,57.85722393
5/7/2025 13:05,726.7180675,768.5851046,33.96426576,10.91439307,769.1892465,-29.20917253,57.84743551
5/7/2025 13:06,725.9637389,767.8357995,33.97321799,10.87539481,768.3328263,-29.22239802,57.83707753
5/7/2025 13:07,725.1903605,767.0659653,33.98215767,10.83655252,767.4555656,-29.23546978,57.82615231
5/7/2025 13:08,724.3979361,766.275613,33.99108562,10.79786293,766.5574835,-29.24838789,57.81466212
5/7/2025 13:09,723.5864695,765.4647532,34.00000261,10.75932282,765.6385992,-29.26115252,57.80260917
5/7/2025 13:10,722.7559642,764.6333964,34.00890935,10.7209291,764.6989315,-29.27376389,57.78999562
5/7/2025 13:11,721.906424,763.781553,34.01780651,10.68267875,763.7384991,-29.2862223,57.77682359
5/7/2025 13:12,721.0378526,762.9092329,34.02669474,10.64456885,762.7573209,-29.29852811,57.76309514
5/7/2025 13:13,720.1502535,762.0164462,34.03557462,10.60659657,761.7554156,-29.31068177,57.74881229
5/7/2025 13:14,719.2436305,761.1032025,34.0444467,10.56875918,760.7328017,-29.32268378,57.733977
5/7/2025 13:15,718.3179872,760.1695113,34.05331146,10.53105405,759.6894979,-29.33453471,57.71859118
5/7/2025 13:16,717.3733274,759.2153821,34.06216937,10.49347864,758.6255228,-29.3462352,57.7026567
5/7/2025 13:17,716.4096549,758.2408242,34.07102084,10.4560305,757.540895,-29.35778597,57.68617536
5/7/2025 13:18,715.4269736,757.2458467,34.07986623,10.4187073,756.4356329,-29.36918779,57.66914892
5/7/2025 13:19,714.4252876,756.2304587,34.08870585,10.38150678,755.3097554,-29.38044152,57.65157909
5/7/2025 13:20,713.4046009,755.1946691,34.09753998,10.34442681,754.1632809,-29.39154805,57.63346753
5/7/2025 13:21,712.3649178,754.138487,34.10636884,10.30746533,752.9962282,-29.40250838,57.61481585
5/7/2025 13:22,711.3062427,753.0619212,34.11519262,10.2706204,751.808616,-29.41332354,57.59562559
5/7/2025 13:23,710.2285803,751.9649805,34.12401146,10.23389017,750.6004633,-29.42399467,57.57589825
5/7/2025 13:24,709.1319353,750.8476738,34.13282544,10.1972729,749.371789,-29.43452292,57.5556353
5/7/2025 13:25,708.0163126,749.7100099,34.1416346,10.16076695,748.1226122,-29.44490956,57.53483813
5/7/2025 13:26,706.8817176,748.5519977,34.15043896,10.12437077,746.8529521,-29.45515589,57.51350809
5/7/2025 13:27,705.7281556,747.3736461,34.15923846,10.08808293,745.5628281,-29.46526329,57.49164648
5/7/2025 13:28,704.5556325,746.1749641,34.16803301,10.05190209,744.2522597,-29.4752332,57.46925454
5/7/2025 13:29,703.3641544,744.9559609,34.17682248,10.01582702,742.9212668,-29.48506713,57.44633348
5/7/2025 13:30,702.1537274,743.7166455,34.18560668,9.97985659,741.5698693,-29.49476663,57.42288443
5/7/2025 13:31,700.9243584,742.4570272,34.19438538,9.943989769,740.1980874,-29.50433335,57.39890851
5/7/2025 13:32,699.6760544,741.1771156,34.20315832,9.908225637,738.8059415,-29.51376898,57.37440675
5/7/2025 13:33,698.4088228,739.8769203,34.21192517,9.872563374,737.3934525,-29.52307528,57.34938015
5/7/2025 13:34,697.1226715,738.556451,34.22068558,9.837002266,735.9606412,-29.53225406,57.32382967
5/7/2025 13:35,695.8176086,737.2157179,34.22943913,9.801541699,734.5075292,-29.5413072,57.29775619
5/7/2025 13:36,694.4936429,735.8547313,34.23818538,9.766181167,733.034138,-29.55023665,57.27116058
5/7/2025 13:37,693.1507834,734.4735015,34.24692382,9.730920265,731.5404898,-29.55904439,57.24404364
5/7/2025 13:38,691.78904,733.0720396,34.25565392,9.695758694,730.0266068,-29.56773249,57.21640613
5/7/2025 13:39,690.4084225,731.6503566,34.2643751,9.660696256,728.492512,-29.57630307,57.18824875
5/7/2025 13:40,689.0089419,730.208464,34.27308672,9.625732859,726.9382286,-29.5847583,57.15957217
5/7/2025 13:41,687.5906092,728.7463736,34.28178811,9.590868514,725.3637802,-29.59310042,57.130377
5/7/2025 13:42,686.1534363,727.2640976,34.29047855,9.556103335,723.7691911,-29.6013317,57.10066382
5/7/2025 13:43,684.6974356,725.7616486,34.2991573,9.521437539,722.1544858,-29.6094545,57.07043316
5/7/2025 13:44,683.2226202,724.2390397,34.30782354,9.486871447,720.5196896,-29.61747122,57.03968549
5/7/2025 13:45,681.7290036,722.6962844,34.31647643,9.45240548,718.864828,-29.6253843,57.00842126
5/7/2025 13:46,680.2166003,721.1333965,34.32511509,9.418040164,717.1899274,-29.63319626,56.97664085
5/7/2025 13:47,678.6854253,719.5503907,34.33373859,9.383776125,715.4950147,-29.64090966,56.94434464
5/7/2025 13:48,677.1354944,717.9472819,34.34234595,9.349614093,713.7801171,-29.6485271,56.91153291
5/7/2025 13:49,675.5668241,716.3240857,34.35093617,9.315554896,712.0452628,-29.65605126,56.87820596
5/7/2025 13:50,673.9794316,714.6808183,34.35950819,9.281599465,710.2904806,-29.66348485,56.844364
5/7/2025 13:51,672.373335,713.0174963,34.36806093,9.24774883,708.5157997,-29.67083063,56.81000722
5/7/2025 13:52,670.7485533,711.3341372,34.37659323,9.214004121,706.7212504,-29.67809141,56.77513579
5/7/2025 13:53,669.105106,709.6307591,34.38510394,9.180366569,704.9068634,-29.68527006,56.73974981
5/7/2025 13:54,667.4430139,707.9073807,34.39359184,9.146837499,703.0726703,-29.69236948,56.70384935
5/7/2025 13:55,665.7622983,706.1640214,34.40205568,9.113418339,701.2187035,-29.69939262,56.66743446
5/7/2025 13:56,664.0629817,704.4007015,34.41049416,9.08011061,699.344996,-29.70634249,56.63050515
5/7/2025 13:57,662.3450873,702.617442,34.41890597,9.046915933,697.4515819,-29.71322213,56.59306137
5/7/2025 13:58,660.6086395,700.8142645,34.42728972,9.013836023,695.538496,-29.72003462,56.55510307
5/7/2025 13:59,658.8536634,698.9911918,34.43564402,8.980872692,693.605774,-29.7267831,56.51663015
5/7/2025 14:00,656.185567,695.8556656,34.44330972,8.96054817,690.4931759,-29.75551929,56.43874376
5/7/2025 14:01,654.3936144,693.9928734,34.45160075,8.927823802,688.5212922,-29.7621493,56.39924118
5/7/2025 14:02,652.5832155,692.110259,34.45985789,8.895222008,686.529885,-29.76872492,56.3592235
5/7/2025 14:03,650.7543997,690.2078484,34.4680796,8.862744969,684.5189936,-29.77524945,56.31869049
5/7/2025 14:04,648.9071975,688.2856688,34.47626429,8.83039496,682.4886585,-29.78172622,56.27764192
5/7/2025 14:05,647.0416408,686.3437483,34.48441034,8.798174346,680.438921,-29.78815859,56.2360775
5/7/2025 14:06,645.1577621,684.3821159,34.4925161,8.76608558,678.3698237,-29.79454996,56.19399693
5/7/2025 14:07,643.2555956,682.4008019,34.50057988,8.734131203,676.2814101,-29.80090376,56.15139989
5/7/2025 14:08,641.3351763,680.3998375,34.50859996,8.702313844,674.1737249,-29.80722347,56.10828602
5/7/2025 14:09,639.3965408,678.379255,34.51657461,8.670636217,672.0468137,-29.81351258,56.06465496
5/7/2025 14:10,637.4397266,676.3390878,34.52450202,8.639101123,669.9007237,-29.81977463,56.0205063
5/7/2025 14:11,635.4647728,674.2793706,34.53238039,8.607711443,667.7355027,-29.82601317,55.97583963
5/7/2025 14:12,633.4717193,672.2001391,34.54020787,8.576470145,665.5512,-29.8322318,55.93065452
5/7/2025 14:13,631.4606079,670.1014303,34.5479826,8.545380277,663.3478662,-29.83843415,55.8849505
5/7/2025 14:14,629.4314814,667.9832824,34.55570266,8.514444967,661.125553,-29.84462384,55.83872711
5/7/2025 14:15,627.3843839,665.8457349,34.56336613,8.483667422,658.8843133,-29.85080457,55.79198386
5/7/2025 14:16,625.319361,663.6888285,34.57097104,8.453050927,656.6242014,-29.85698002,55.74472025
5/7/2025 14:17,623.2364598,661.5126052,34.57851542,8.422598845,654.3452728,-29.86315392,55.69693575
5/7/2025 14:18,621.1357287,659.3171085,34.58599723,8.392314614,652.0475845,-29.86933001,55.64862983
5/7/2025 14:19,619.0172175,657.1023831,34.59341445,8.362201745,649.7311948,-29.87551206,55.59980196
5/7/2025 14:20,616.8809776,654.8684752,34.60076501,8.332263824,647.3961633,-29.88170385,55.55045159
5/7/2025 14:21,614.7270617,652.6154323,34.60804681,8.302504505,645.042551,-29.88790919,55.50057814
5/7/2025 14:22,612.5555242,650.3433034,34.61525775,8.272927516,642.6704204,-29.8941319,55.45018105
5/7/2025 14:23,610.366421,648.0521389,34.62239568,8.243536651,640.2798354,-29.90037582,55.39925975
5/7/2025 14:24,608.1598094,645.7419909,34.62945845,8.214335772,637.8708615,-29.90664481,55.34781366
5/7/2025 14:25,605.9357485,643.4129128,34.63644387,8.185328808,635.4435654,-29.91294273,55.29584218
5/7/2025 14:26,603.6942988,641.0649596,34.64334974,8.15651975,632.9980157,-29.91927348,55.24334473
5/7/2025 14:27,601.4355224,638.6981878,34.65017383,8.127912655,630.5342821,-29.92564095,55.19032071
5/7/2025 14:28,599.1594832,636.3126557,34.65691391,8.099511638,628.0524363,-29.93204904,55.13676955
5/7/2025 14:29,596.8662466,633.908423,34.66356769,8.071320876,625.5525512,-29.93850168,55.08269064
5/7/2025 14:30,594.5558797,631.485551,34.67013292,8.043344603,623.0347015,-29.94500278,55.0280834
5/7/2025 14:31,592.2284513,629.0441029,34.67660727,8.015587113,620.4989635,-29.95155629,54.97294725
5/7/2025 14:32,589.8840319,626.5841434,34.68298845,7.988052749,617.9454151,-29.95816613,54.91728161
5/7/2025 14:33,587.5226937,624.105739,34.6892741,7.960745914,615.3741358,-29.96483626,54.8610859
5/7/2025 14:34,585.1445107,621.6089578,34.6954619,7.933671059,612.785207,-29.97157063,54.80435955
5/7/2025 14:35,582.7495586,619.0938697,34.70154947,7.906832687,610.1787114,-29.97837318,54.74710201
5/7/2025 14:36,580.3379147,616.5605464,34.70753443,7.880235349,607.5547339,-29.98524787,54.68931274
5/7/2025 14:37,577.9096585,614.0090615,34.7134144,7.853883642,604.9133607,-29.99219866,54.63099119
5/7/2025 14:38,575.4648708,611.4394902,34.71918698,7.82778221,602.25468,-29.99922949,54.57213684
5/7/2025 14:39,573.0036346,608.8519097,34.72484974,7.801935741,599.5787817,-30.00634431,54.51274918
5/7/2025 14:40,570.5260346,606.2463989,34.73040027,7.776348963,596.8857575,-30.01354708,54.45282771
5/7/2025 14:41,568.0321573,603.6230387,34.73583613,7.751026645,594.1757009,-30.02084173,54.39237197
5/7/2025 14:42,565.5220911,600.9819118,34.74115488,7.725973595,591.4487071,-30.0282322,54.33138148
5/7/2025 14:43,562.9959263,598.3231029,34.74635405,7.701194657,588.7048733,-30.03572243,54.26985581
5/7/2025 14:44,560.453755,595.6466986,34.7514312,7.676694709,585.9442984,-30.04331633,54.20779453
5/7/2025 14:45,557.8956712,592.9527874,34.75638386,7.652478666,583.1670834,-30.05101782,54.14519725
5/7/2025 14:46,555.3217709,590.2414598,34.76120955,7.628551469,580.3733309,-30.0588308,54.08206359
5/7/2025 14:47,552.732152,587.5128083,34.76590579,7.604918092,577.5631456,-30.06675917,54.01839319
5/7/2025 14:48,550.1269142,584.7669273,34.77047009,7.581583536,574.7366339,-30.07480679,53.95418574
5/7/2025 14:49,547.5061594,582.0039134,34.77489999,7.558552829,571.8939043,-30.08297754,53.88944093
5/7/2025 14:50,544.8699911,579.2238651,34.77919297,7.535831021,569.0350672,-30.09127526,53.82415849
5/7/2025 14:51,542.2185151,576.4268829,34.78334655,7.513423187,566.1602348,-30.0997038,53.75833817
5/7/2025 14:52,539.551839,573.6130695,34.78735824,7.491334418,563.2695215,-30.10826695,53.69197978
5/7/2025 14:53,536.8700723,570.7825296,34.79122554,7.46956983,560.3630435,-30.11696853,53.62508312
5/7/2025 14:54,534.1733267,567.9353699,34.79494597,7.44813455,557.4409189,-30.1258123,53.55764806
5/7/2025 14:55,531.4617157,565.0716994,34.79851701,7.427033723,554.5032681,-30.13480202,53.48967448
5/7/2025 14:56,528.735355,562.191629,34.8019362,7.406272507,551.550213,-30.14394144,53.42116231
5/7/2025 14:57,525.994362,559.2952718,34.80520103,7.38585607,548.5818781,-30.15323426,53.35211151
5/7/2025 14:58,523.2388564,556.3827433,34.80830903,7.365789589,545.5983894,-30.16268416,53.28252207
5/7/2025 14:59,520.4689599,553.4541606,34.81125771,7.346078251,542.5998753,-30.17229481,53.21239405
5/7/2025 15:00,516.7901776,549.2170619,34.8133869,7.339247573,538.4261894,-30.2041184,53.10282879
5/7/2025 15:01,513.991872,546.256732,34.81600952,7.320262097,535.3980171,-30.21406143,53.03162386
5/7/2025 15:02,511.1795525,543.2807132,34.81846543,7.301647345,532.3552163,-30.22417603,52.95988071
5/7/2025 15:03,508.3533487,540.2891317,34.82075216,7.283408514,529.2979232,-30.23446574,52.88759955
5/7/2025 15:04,505.5133925,537.2821158,34.82286726,7.265550799,526.2262764,-30.24493409,52.81478062
5/7/2025 15:05,502.6598177,534.2597959,34.8248083,7.248079391,523.1404164,-30.25558457,52.74142424
5/7/2025 15:06,499.79276,531.2223047,34.82657285,7.230999475,520.0404857,-30.26642062,52.66753076
5/7/2025 15:07,496.9123574,528.1697771,34.82815849,7.214316228,516.926629,-30.27744566,52.59310056
5/7/2025 15:08,494.0187499,525.1023503,34.82956283,7.198034819,513.798993,-30.28866308,52.5181341
5/7/2025 15:09,491.1120794,522.0201636,34.83078345,7.182160405,510.6577264,-30.30007623,52.44263188
5/7/2025 15:10,488.1924899,518.9233585,34.831818,7.166698129,507.5029801,-30.31168842,52.36659446
5/7/2025 15:11,485.2601274,515.812079,34.83266409,7.151653121,504.3349071,-30.32350291,52.29002243
5/7/2025 15:12,482.3151401,512.686471,34.83331937,7.137030491,501.1536622,-30.33552294,52.21291645
5/7/2025 15:13,479.3576782,509.5466828,34.83378152,7.122835334,497.9594027,-30.3477517,52.13527725
5/7/2025 15:14,476.3878936,506.392865,34.83404821,7.109072722,494.7522875,-30.36019235,52.0571056
5/7/2025 15:15,473.4059407,503.2251702,34.83411713,7.095747704,491.532478,-30.37284799,51.97840231
5/7/2025 15:16,470.4119755,500.0437534,34.833986,7.082865308,488.3001374,-30.38572169,51.89916829
5/7/2025 15:17,467.4061565,496.848772,34.83365255,7.070430532,485.0554312,-30.39881648,51.81940448
5/7/2025 15:18,464.3886436,493.6403854,34.83311454,7.058448349,481.7985265,-30.41213532,51.73911188
5/7/2025 15:19,461.3595993,490.4187553,34.83236973,7.046923701,478.5295931,-30.42568115,51.65829157
5/7/2025 15:20,458.3191877,487.1840455,34.83141592,7.035861497,475.2488023,-30.43945685,51.57694467
5/7/2025 15:21,455.2675751,483.9364224,34.83025091,7.025266615,471.9563279,-30.45346527,51.49507239
5/7/2025 15:22,452.2049296,480.6760543,34.82887256,7.015143899,468.6523453,-30.46770918,51.41267599
5/7/2025 15:23,449.1314215,477.4031117,34.8272787,7.005498152,465.3370322,-30.48219133,51.32975678
5/7/2025 15:24,446.0472228,474.1177676,34.82546723,6.996334142,462.0105684,-30.4969144,51.24631615
5/7/2025 15:25,442.9525076,470.820197,34.82343604,6.987656595,458.6731356,-30.51188103,51.16235557
5/7/2025 15:26,439.847452,467.510577,34.82118307,6.979470193,455.3249174,-30.5270938,51.07787657
5/7/2025 15:27,436.732234,464.1890873,34.81870628,6.971779579,451.9660996,-30.54255526,50.99288072
5/7/2025 15:28,433.6070334,460.8559094,34.81600364,6.964589346,448.5968699,-30.55826787,50.9073697
5/7/2025 15:29,430.472032,457.5112272,34.81307317,6.957904042,445.217418,-30.57423406,50.82134524
5/7/2025 15:30,427.3274134,454.1552265,34.8099129,6.951728164,441.8279356,-30.5904562,50.73480914
5/7/2025 15:31,424.1733633,450.7880957,34.80652089,6.946066162,438.4286164,-30.6069366,50.64776327
5/7/2025 15:32,421.0100691,447.4100249,34.80289524,6.940922428,435.0196559,-30.62367752,50.56020959
5/7/2025 15:33,417.8377199,444.0212066,34.79903407,6.936301307,431.6012516,-30.64068115,50.47215011
5/7/2025 15:34,414.656507,440.6218354,34.79493553,6.932207082,428.1736029,-30.65794965,50.38358692
5/7/2025 15:35,411.4666233,437.212108,34.79059781,6.928643983,424.7369113,-30.67548508,50.2945222
5/7/2025 15:36,408.2682633,433.7922231,34.78601912,6.92561618,421.2913799,-30.69328948,50.20495818
5/7/2025 15:37,405.0616238,430.3623817,34.7811977,6.923127781,417.8372139,-30.7113648,50.11489718
5/7/2025 15:38,401.8469029,426.9227865,34.77613184,6.921182836,414.3746202,-30.72971295,50.02434159
5/7/2025 15:39,398.6243005,423.4736428,34.77081985,6.919785327,410.9038076,-30.74833578,49.93329388
5/7/2025 15:40,395.3940186,420.0151574,34.76526007,6.918939174,407.4249869,-30.76723505,49.84175661
5/7/2025 15:41,392.1562604,416.5475394,34.75945089,6.918648231,403.9383703,-30.78641248,49.74973238
5/7/2025 15:42,388.9112312,413.0709999,34.75339071,6.918916281,400.4441721,-30.80586974,49.65722391
5/7/2025 15:43,385.6591376,409.585752,34.74707799,6.91974704,396.9426084,-30.8256084,49.56423396
5/7/2025 15:44,382.4001882,406.0920106,34.74051122,6.921144154,393.4338968,-30.84563,49.47076541
5/7/2025 15:45,379.134593,402.5899928,34.73368891,6.923111193,389.9182568,-30.865936,49.37682118
5/7/2025 15:46,375.8625635,399.0799173,34.72660964,6.925651657,386.3959096,-30.88652779,49.2824043
5/7/2025 15:47,372.5843131,395.5620049,34.71927198,6.928768971,382.8670781,-30.9074067,49.18751785
5/7/2025 15:48,369.3000565,392.0364785,34.71167458,6.932466481,379.3319866,-30.928574,49.09216501
5/7/2025 15:49,366.01001,388.5035624,34.70381611,6.936747457,375.7908614,-30.95003089,48.99634905
5/7/2025 15:50,362.7143913,384.963483,34.69569529,6.94161509,372.2439302,-30.9717785,48.90007329
5/7/2025 15:51,359.4134197,381.4164686,34.68731086,6.947072491,368.6914223,-30.99381789,48.80334116
5/7/2025 15:52,356.1073159,377.8627491,34.67866161,6.953122688,365.1335686,-31.01615006,48.70615614
5/7/2025 15:53,352.796302,374.3025562,34.66974639,6.959768629,361.5706015,-31.03877594,48.60852183
5/7/2025 15:54,349.4806016,370.7361234,34.66056405,6.967013175,358.002755,-31.0616964,48.51044188
5/7/2025 15:55,346.1604394,367.1636859,34.65111351,6.974859103,354.4302645,-31.08491221,48.41192004
5/7/2025 15:56,342.8360417,363.5854805,34.64139373,6.983309106,350.8533667,-31.1084241,48.31296012
5/7/2025 15:57,339.5076361,360.0017457,34.63140371,6.992365786,347.2723001,-31.13223274,48.21356603
5/7/2025 15:58,336.1754512,356.4127217,34.62114248,7.002031658,343.6873042,-31.1563387,48.11374177
5/7/2025 15:59,332.8397171,352.8186503,34.61060912,7.012309148,340.0986201,-31.18074249,48.01349139
5/7/2025 16:00,328.6060466,347.927193,34.59914506,7.03572092,335.3462136,-31.22749313,47.87392033
5/7/2025 16:01,325.263909,344.3237581,34.58806487,7.04722856,331.7508815,-31.25249386,47.77283026
5/7/2025 16:02,321.9189194,340.7160101,34.57671006,7.059354547,328.1525922,-31.27779355,47.67132677
5/7/2025 16:03,318.5713125,337.104197,34.56507988,7.072100938,324.5515917,-31.30339244,47.56941425
5/7/2025 16:04,315.2213242,333.488568,34.55317363,7.085469697,320.9481277,-31.32929069,47.46709719
5/7/2025 16:05,311.869191,329.8693737,34.54099066,7.099462689,317.3424485,-31.35548839,47.36438014
5/7/2025 16:06,308.5151511,326.2468663,34.52853036,7.114081686,313.7348038,-31.38198556,47.26126773
5/7/2025 16:07,305.1594431,322.621299,34.51579215,7.129328362,310.1254446,-31.40878216,47.15776469
5/7/2025 16:08,301.8023068,318.9929266,34.50277553,7.145204291,306.5146226,-31.43587805,47.0538758
5/7/2025 16:09,298.443983,315.362005,34.48948002,7.161710952,302.9025908,-31.46327306,46.94960596
5/7/2025 16:10,295.0847131,311.7287914,34.47590519,7.17884972,299.289603,-31.49096692,46.84496012
5/7/2025 16:11,291.7247395,308.0935443,34.46205065,7.196621874,295.6759141,-31.5189593,46.73994332
5/7/2025 16:12,288.3643055,304.4565231,34.44791607,7.215028589,292.06178,-31.54724979,46.63456067
5/7/2025 16:13,285.0036551,300.8179885,34.43350117,7.234070939,288.4474573,-31.57583792,46.52881737
5/7/2025 16:14,281.6430329,297.1782023,34.41880569,7.253749898,284.8332035,-31.60472314,46.4227187
5/7/2025 16:15,278.2826844,293.5374273,34.40382944,7.274066333,281.219277,-31.63390483,46.31627001
5/7/2025 16:16,274.9228555,289.8959273,34.38857228,7.295021011,277.605937,-31.66338231,46.20947673
5/7/2025 16:17,271.563793,286.253967,34.37303409,7.316614593,273.9934432,-31.69315483,46.10234436
5/7/2025 16:18,268.2057441,282.6118123,34.35721483,7.338847636,270.3820562,-31.72322154,45.99487849
5/7/2025 16:19,264.8489565,278.9697296,34.3411145,7.361720593,266.7720372,-31.75358155,45.88708479
5/7/2025 16:20,261.4936786,275.3279864,34.32473312,7.385233809,263.1636481,-31.7842339,45.77896898
5/7/2025 16:21,258.1401591,271.686851,34.30807078,7.409387525,259.5571512,-31.81517754,45.67053687
5/7/2025 16:22,254.7886471,268.0465923,34.29112764,7.434181876,255.9528095,-31.84641137,45.56179436
5/7/2025 16:23,251.4393921,264.4074801,34.27390385,7.459616888,252.3508864,-31.8779342,45.45274739
5/7/2025 16:24,248.092644,260.7697847,34.25639967,7.485692484,248.7516458,-31.9097448,45.343402
5/7/2025 16:25,244.748653,257.1337773,34.23861536,7.512408475,245.1553519,-31.94184184,45.23376429
5/7/2025 16:26,241.4076695,253.4997293,34.22055125,7.539764568,241.5622695,-31.97422393,45.12384044
5/7/2025 16:27,238.069944,249.8679131,34.20220772,7.567760359,237.9726633,-32.00688964,45.01363669
5/7/2025 16:28,234.7357275,246.2386011,34.18358519,7.596395339,234.3867988,-32.03983742,44.90315936
5/7/2025 16:29,231.4052707,242.6120667,34.16468413,7.62566889,230.8049413,-32.0730657,44.79241482
5/7/2025 16:30,228.0788247,238.9885832,34.14550506,7.655580284,227.2273565,-32.10657283,44.68140954
5/7/2025 16:31,224.7566405,235.3684245,34.12604855,7.686128686,223.6543103,-32.14035707,44.57015003
5/7/2025 16:32,221.4389691,231.751865,34.1063152,7.717313153,220.0860685,-32.17441663,44.45864288
5/7/2025 16:33,218.1260616,228.139179,34.08630567,7.749132632,216.5228972,-32.20874967,44.34689475
5/7/2025 16:34,214.8181688,224.5306413,34.06602069,7.781585963,212.9650622,-32.24335426,44.23491234
5/7/2025 16:35,211.5155415,220.9265267,34.04546099,7.814671875,209.4128295,-32.27822841,44.12270244
5/7/2025 16:36,208.2184303,217.3271103,34.02462739,7.848388991,205.8664651,-32.31337007,44.01027189
5/7/2025 16:37,204.9270854,213.7326671,34.00352074,7.882735825,202.3262345,-32.34877714,43.89762759
5/7/2025 16:38,201.6417571,210.1434724,33.98214193,7.917710782,198.7924034,-32.38444742,43.78477653
5/7/2025 16:39,198.3626951,206.5598011,33.96049191,7.953312159,195.265237,-32.42037868,43.6717257
5/7/2025 16:40,195.0901487,202.9819283,33.93857167,7.989538146,191.7450006,-32.45656862,43.55848222
5/7/2025 16:41,191.8243671,199.410129,33.91638224,8.026386823,188.2319587,-32.49301486,43.4450532
5/7/2025 16:42,188.5655989,195.8446779,33.89392472,8.063856165,184.7263759,-32.52971498,43.33144586
5/7/2025 16:43,185.314092,192.2858497,33.87120022,8.101944039,181.228516,-32.5666665,43.21766744
5/7/2025 16:44,182.0700941,188.7339186,33.84820993,8.140648204,177.7386427,-32.60386685,43.10372526
5/7/2025 16:45,178.8338521,185.1891586,33.82495507,8.179966315,174.2570189,-32.64131344,42.98962667
5/7/2025 16:46,175.6056123,181.6518434,33.8014369,8.219895917,170.7839071,-32.6790036,42.87537909
5/7/2025 16:47,172.3856205,178.1222462,33.77765674,8.260434453,167.3195693,-32.71693461,42.76098997
5/7/2025 16:48,169.1741215,174.6006397,33.75361595,8.301579258,163.8642665,-32.75510367,42.64646683
5/7/2025 16:49,165.9713596,171.0872963,33.72931592,8.343327563,160.4182594,-32.79350795,42.53181723
5/7/2025 16:50,162.7775782,167.5824876,33.70475811,8.385676494,156.9818077,-32.83214456,42.41704878
5/7/2025 16:51,159.5930197,164.0864847,33.67994401,8.428623075,153.5551704,-32.87101055,42.30216912
5/7/2025 16:52,156.4179258,160.5995581,33.65487514,8.472164225,150.1386058,-32.9101029,42.18718596
5/7/2025 16:53,153.2525371,157.1219775,33.62955309,8.51629676,146.732371,-32.94941856,42.07210702
5/7/2025 16:54,150.0970935,153.6540118,33.60397948,8.561017395,143.3367224,-32.98895442,41.9569401
5/7/2025 16:55,146.9518335,150.1959292,33.57815597,8.606322741,139.9519153,-33.02870731,41.84169301
5/7/2025 16:56,143.8169946,146.7479969,33.55208426,8.652209314,136.5782041,-33.06867402,41.7263736
5/7/2025 16:57,140.6928134,143.3104814,33.52576612,8.698673523,133.215842,-33.10885128,41.61098977
5/7/2025 16:58,137.579525,139.883648,33.49920332,8.745711683,129.8650811,-33.14923577,41.49554946
5/7/2025 16:59,134.4773637,136.4677611,33.47239769,8.793320006,126.5261723,-33.18982412,41.38006063
5/7/2025 17:00,130.4919436,131.7705024,33.44469342,8.854014937,122.0390889,-33.25266149,41.22563255
5/7/2025 17:01,127.4127332,128.3772973,33.41740781,8.90275184,118.7246322,-33.2936473,41.1100707
5/7/2025 17:02,124.3453443,124.9958253,33.38988511,8.952046965,115.4227729,-33.33482659,40.99448441
5/7/2025 17:03,121.2900054,121.6263462,33.36212732,9.001896141,112.1337566,-33.37619582,40.87888177
5/7/2025 17:04,118.2469439,118.2691184,33.33413647,9.052295101,108.8578278,-33.41775138,40.76327089
5/7/2025 17:05,115.2163857,114.9243992,33.30591463,9.103239484,105.5952293,-33.45948963,40.64765992
5/7/2025 17:06,112.198555,111.5924445,33.2774639,9.154724839,102.3462024,-33.5014069,40.53205701
5/7/2025 17:07,109.1936745,108.2735086,33.24878643,9.206746621,99.11098682,-33.54349946,40.41647035
5/7/2025 17:08,106.2019653,104.9678445,33.2198844,9.259300197,95.88982084,-33.58576353,40.30090814
5/7/2025 17:09,103.2236468,101.6757036,33.19076005,9.312380841,92.68294092,-33.62819532,40.18537861
5/7/2025 17:10,100.2589368,98.39733573,33.16141561,9.365983741,89.4905819,-33.67079098,40.06988999
5/7/2025 17:11,97.30805122,95.13298919,33.13185338,9.420103998,86.31297684,-33.71354663,39.95445055
5/7/2025 17:12,94.37120425,91.88291045,33.1020757,9.474736627,83.15035697,-33.75645835,39.83906855
5/7/2025 17:13,91.44860829,88.6473444,33.07208491,9.529876556,80.00295178,-33.79952218,39.72375227
5/7/2025 17:14,88.54047376,85.42653402,33.04188342,9.58551863,76.87098874,-33.84273414,39.60851002
5/7/2025 17:15,85.64700927,82.22072061,33.01147366,9.641657612,73.75469353,-33.88609019,39.49335009
5/7/2025 17:16,82.76842139,79.0301435,32.98085809,9.698288181,70.65428972,-33.92958629,39.37828078
5/7/2025 17:17,79.90491472,75.85504012,32.9500392,9.755404941,67.56999893,-33.97321835,39.26331043
5/7/2025 17:18,77.05669183,72.69564597,32.91901952,9.813002411,64.50204071,-34.01698224,39.14844733
5/7/2025 17:19,74.22395318,69.55219449,32.88780161,9.871075035,61.45063245,-34.06087382,39.03369983
5/7/2025 17:20,71.40689714,66.42491709,32.85638806,9.929617181,58.41598945,-34.10488891,38.91907623
5/7/2025 17:21,68.60571989,63.31404307,32.82478148,9.988623142,55.39832473,-34.14902331,38.80458486
5/7/2025 17:22,65.82061541,60.21979952,32.79298452,10.04808713,52.39784912,-34.19327278,38.69023404
5/7/2025 17:23,63.05177546,57.14241141,32.76099987,10.10800331,49.41477115,-34.23763308,38.57603208
5/7/2025 17:24,60.29938949,54.08210138,32.72883021,10.16836573,46.449297,-34.28209991,38.46198729
5/7/2025 17:25,57.56364463,51.03908982,32.6964783,10.22916841,43.50163049,-34.32666899,38.34810796
5/7/2025 17:26,54.84472569,48.01359476,32.66394689,10.29040529,40.57197302,-34.37133597,38.23440239
5/7/2025 17:27,52.14281503,45.00583185,32.63123876,10.35207024,37.66052352,-34.41609652,38.12087885
5/7/2025 17:28,49.45809262,42.0160143,32.59835672,10.41415705,34.76747845,-34.46094627,38.00754561
5/7/2025 17:29,46.79073595,39.04435285,32.56530362,10.47665948,31.8930317,-34.50588083,37.89441092
5/7/2025 17:30,44.14091997,36.0910557,32.53208231,10.53957119,29.03737457,-34.55089581,37.78148301
5/7/2025 17:31,41.50881715,33.1563285,32.49869567,10.60288582,26.20069579,-34.59598678,37.66877009
5/7/2025 17:32,38.89459734,30.24037431,32.46514663,10.66659691,23.38318138,-34.64114931,37.55628036
5/7/2025 17:33,36.29842775,27.34339347,32.43143809,10.73069796,20.58501465,-34.68637895,37.444022
5/7/2025 17:34,33.72047302,24.46558373,32.39757303,10.79518243,17.80637624,-34.73167125,37.33200314
5/7/2025 17:35,31.16089503,21.60713999,32.3635544,10.8600437,15.04744392,-34.77702173,37.22023191
5/7/2025 17:36,28.61985303,18.76825448,32.3293852,10.9252751,12.30839275,-34.8224259,37.10871642
5/7/2025 17:37,26.09750343,15.94911654,32.29506845,10.99086993,9.589394844,-34.86787927,36.99746471
5/7/2025 17:38,23.59399992,13.14991266,32.26060717,11.05682142,6.89061947,-34.91337735,36.88648484
5/7/2025 17:39,21.10949336,10.37082647,32.22600441,11.12312275,4.212232983,-34.95891562,36.7757848
5/7/2025 17:40,18.64413177,7.612038637,32.19126325,11.18976706,1.55439876,-35.00448957,36.66537257
5/7/2025 17:41,16.1980603,4.873726839,32.15638676,11.25674745,-1.082722819,-35.05009468,36.55525607
5/7/2025 17:42,13.7714212,2.156065775,32.12137804,11.32405698,-3.69897438,-35.09572642,36.44544321
5/7/2025 17:43,11.36435375,-0.540772942,32.0862402,11.39168865,-6.294201639,-35.14138027,36.33594184
5/7/2025 17:44,8.976994339,-3.216620748,32.05097639,11.45963543,-8.868253376,-35.18705171,36.22675977
5/7/2025 17:45,6.609476301,-5.871312238,32.01558973,11.52789026,-11.42098152,-35.23273619,36.11790478
5/7/2025 17:46,4.261929969,-8.50468516,31.98008338,11.59644603,-13.95224118,-35.27842921,36.00938459
5/7/2025 17:47,1.934482654,-11.11658043,31.94446051,11.6652956,-16.46189059,-35.32412623,35.9012069
5/7/2025 17:48,-0.372741419,-13.70684222,31.90872431,11.73443181,-18.94979125,-35.36982272,35.79337932
5/7/2025 17:49,-2.659621156,-16.27531799,31.87287796,11.80384744,-21.41580795,-35.41551418,35.68590945
5/7/2025 17:50,-4.926038508,-18.8218584,31.83692466,11.87353527,-23.85980866,-35.46119609,35.57880483
5/7/2025 17:51,-7.171878664,-21.34631756,31.80086762,11.94348803,-26.28166475,-35.50686394,35.47207292
5/7/2025 17:52,-9.397029891,-23.84855283,31.76471006,12.01369844,-28.68125086,-35.55251323,35.36572115
5/7/2025 17:53,-11.60138373,-26.32842505,31.72845521,12.08415919,-31.05844504,-35.59813948,35.25975691
5/7/2025 17:54,-13.7848349,-28.78579843,31.6921063,12.15486294,-33.41312872,-35.64373821,35.15418749
5/7/2025 17:55,-15.94728135,-31.22054062,31.65566656,12.22580234,-35.74518672,-35.68930494,35.04902015
5/7/2025 17:56,-18.08862432,-33.6325228,31.61913926,12.29697001,-38.05450733,-35.73483522,34.94426208
5/7/2025 17:57,-20.20876829,-36.02161962,31.58252762,12.36835857,-40.34098229,-35.78032461,34.83992041
5/7/2025 17:58,-22.30762107,-38.38770925,31.54583492,12.4399606,-42.60450683,-35.82576868,34.7360022
5/7/2025 17:59,-24.38509378,-40.73067348,31.5090644,12.5117687,-44.84497971,-35.87116302,34.63251446
5/7/2025 18:00,-27.33571931,-44.34297922,31.47156164,12.59629574,-48.22257969,-35.93855178,34.49056538
5/7/2025 18:01,-29.37017858,-46.63935223,31.43464528,12.66849365,-50.41665959,-35.98383347,34.38795929
5/7/2025 18:02,-31.38301122,-48.91226671,31.39766089,12.74087529,-52.58740534,-36.02905229,34.28580423
5/7/2025 18:03,-33.37414178,-51.16161888,31.36061174,12.81343321,-54.73472992,-36.07420389,34.18410694
5/7/2025 18:04,-35.34349825,-53.3873087,31.32350109,12.88615994,-56.85854997,-36.11928397,34.08287407
5/7/2025 18:05,-37.29101198,-55.58923979,31.2863322,12.95904803,-58.95878571,-36.16428822,33.98211217
5/7/2025 18:06,-39.2166178,-57.7673195,31.24910833,13.03209,-61.03536105,-36.20921236,33.88182775
5/7/2025 18:07,-41.12025398,-59.92145897,31.21183274,13.10527839,-63.08820357,-36.25405216,33.78202722
5/7/2025 18:08,-43.0018622,-62.05157302,31.17450869,13.17860575,-65.11724449,-36.29880337,33.68271693
5/7/2025 18:09,-44.86138766,-64.15758034,31.13713942,13.2520646,-67.12241876,-36.3434618,33.58390311
5/7/2025 18:10,-46.69877902,-66.23940339,31.09972818,13.3256475,-69.10366506,-36.38802329,33.48559196
5/7/2025 18:11,-48.5139884,-68.29696841,31.06227822,13.39934701,-71.06092573,-36.43248368,33.38778956
5/7/2025 18:12,-50.30697146,-70.33020555,31.02479276,13.47315569,-72.99414691,-36.47683887,33.29050191
5/7/2025 18:13,-52.07768733,-72.33904873,30.98727503,13.54706611,-74.90327845,-36.52108476,33.19373494
5/7/2025 18:14,-53.82609867,-74.32343579,30.94972825,13.62107086,-76.78827399,-36.56521731,33.09749447
5/7/2025 18:15,-55.55217168,-76.28330844,30.91215563,13.69516256,-78.64909092,-36.60923249,33.00178624
5/7/2025 18:16,-57.25587603,-78.21861226,30.87456037,13.76933381,-80.48569041,-36.65312633,32.90661592
5/7/2025 18:17,-58.93718497,-80.12929673,30.83694567,13.84357726,-82.29803743,-36.69689485,32.81198906
5/7/2025 18:18,-60.59607526,-82.01531529,30.7993147,13.91788556,-84.08610073,-36.74053415,32.71791113
5/7/2025 18:19,-62.23252721,-83.87662523,30.76167064,13.9922514,-85.84985287,-36.78404035,32.6243875
5/7/2025 18:20,-63.84652468,-85.71318783,30.72401664,14.06666749,-87.58927023,-36.8274096,32.53142345
5/7/2025 18:21,-65.43805504,-87.52496829,30.68635585,14.14112654,-89.30433296,-36.87063809,32.43902417
5/7/2025 18:22,-67.00710922,-89.31193575,30.64869141,14.21562132,-90.99502507,-36.91372205,32.34719473
5/7/2025 18:23,-68.55368173,-91.07406333,30.61102642,14.29014461,-92.66133439,-36.95665776,32.25594013
5/7/2025 18:24,-70.07777057,-92.81132807,30.57336399,14.36468922,-94.30325253,-36.99944152,32.16526525
5/7/2025 18:25,-71.57937732,-94.52371101,30.53570722,14.43924801,-95.92077496,-37.0420697,32.07517487
5/7/2025 18:26,-73.05850709,-96.21119715,30.49805917,14.51381385,-97.51390098,-37.08453868,31.98567369
5/7/2025 18:27,-74.5151685,-97.87377544,30.46042289,14.58837965,-99.08263367,-37.1268449,31.89676627
5/7/2025 18:28,-75.94937378,-99.51143884,30.42280143,14.66293838,-100.62698,-37.16898485,31.80845711
5/7/2025 18:29,-77.36113859,-101.1241842,30.38519781,14.73748301,-102.1469507,-37.21095506,31.72075056
5/7/2025 18:30,-78.75048219,-102.7120125,30.34761503,14.81200659,-103.6425603,-37.2527521,31.6336509
5/7/2025 18:31,-80.11742734,-104.2749285,30.31005606,14.88650218,-105.1138272,-37.29437258,31.54716228
5/7/2025 18:32,-81.4620003,-105.8129411,30.27252388,14.9609629,-106.5607736,-37.33581317,31.46128876
5/7/2025 18:33,-82.78423083,-107.3260631,30.23502142,15.0353819,-107.9834256,-37.3770706,31.37603428
5/7/2025 18:34,-84.0841522,-108.8143112,30.19755161,15.1097524,-109.3818128,-37.41814162,31.29140267
5/7/2025 18:35,-85.36180116,-110.2777062,30.16011733,15.18406765,-110.7559689,-37.45902304,31.20739766
5/7/2025 18:36,-86.61721794,-111.7162727,30.12272148,15.25832096,-112.1059313,-37.49971172,31.12402285
5/7/2025 18:37,-87.85044622,-113.1300394,30.0853669,15.33250567,-113.431741,-37.54020459,31.04128175
5/7/2025 18:38,-89.06153315,-114.5190388,30.04805643,15.40661519,-114.733443,-37.5804986,30.95917775
5/7/2025 18:39,-90.2505293,-115.8833074,30.01079286,15.48064299,-116.011086,-37.62059078,30.87771411
5/7/2025 18:40,-91.41748869,-117.2228856,29.97357899,15.55458258,-117.2647222,-37.66047819,30.796894
5/7/2025 18:41,-92.56246874,-118.5378178,29.93641756,15.62842753,-118.4944079,-37.70015795,30.71672046
5/7/2025 18:42,-93.68553026,-119.8281523,29.89931131,15.70217147,-119.7002029,-37.73962725,30.63719642
5/7/2025 18:43,-94.78673745,-121.093941,29.86226295,15.7758081,-120.8821706,-37.77888331,30.55832471
5/7/2025 18:44,-95.86615789,-122.3352402,29.82527514,15.84933116,-122.0403783,-37.81792342,30.480108
5/7/2025 18:45,-96.92386247,-123.5521095,29.78835054,15.92273447,-123.174897,-37.85674493,30.4025489
5/7/2025 18:46,-97.95992544,-124.7446127,29.75149178,15.9960119,-124.285801,-37.89534524,30.32564984
5/7/2025 18:47,-98.97442436,-125.9128175,29.71470144,16.0691574,-125.3731687,-37.93372179,30.2494132
5/7/2025 18:48,-99.96744005,-127.056795,29.67798209,16.14216497,-126.4370817,-37.97187212,30.17384118
5/7/2025 18:49,-100.9390566,-128.1766207,29.64133626,16.21502868,-127.4776254,-38.00979378,30.09893589
5/7/2025 18:50,-101.8893615,-129.2723732,29.60476646,16.28774268,-128.4948889,-38.04748441,30.02469933
5/7/2025 18:51,-102.8184452,-130.3441355,29.56827518,16.36030119,-129.4889646,-38.0849417,29.95113336
5/7/2025 18:52,-103.7264015,-131.3919938,29.53186484,16.43269848,-130.4599485,-38.12216339,29.87823973
5/7/2025 18:53,-104.6133274,-132.4160385,29.49553786,16.50492892,-131.4079402,-38.1591473,29.80602007
5/7/2025 18:54,-105.479323,-133.4163634,29.45929663,16.57698693,-132.3330427,-38.1958913,29.73447588
5/7/2025 18:55,-106.3244917,-134.393066,29.4231435,16.64886701,-133.2353626,-38.23239331,29.66360856
5/7/2025 18:56,-107.1489396,-135.3462475,29.38708078,16.72056375,-134.1150097,-38.26865132,29.59341936
5/7/2025 18:57,-107.9527764,-136.2760128,29.35111075,16.79207181,-134.9720973,-38.30466339,29.52390943
5/7/2025 18:58,-108.7361145,-137.1824703,29.31523567,16.86338591,-135.8067423,-38.34042763,29.4550798
5/7/2025 18:59,-109.4990693,-138.0657321,29.27945775,16.93450087,-136.6190646,-38.37594222,29.38693136
5/7/2025 19:00,-111.136378,-140.2184952,29.24312148,17.01793191,-138.5694643,-38.43325394,29.28056618
5/7/2025 19:01,-111.858925,-141.0557156,29.2075444,17.08863335,-139.3375148,-38.468264,29.21378234
5/7/2025 19:02,-112.5614531,-141.8700974,29.17207092,17.15912056,-140.0836228,-38.5030193,29.14768168
5/7/2025 19:03,-113.2440899,-142.6617667,29.13670313,17.2293887,-140.8079215,-38.53751829,29.0822646
5/7/2025 19:04,-113.9069653,-143.430853,29.10144307,17.29943298,-141.5105471,-38.57175944,29.01753139
5/7/2025 19:05,-114.5502125,-144.1774892,29.06629275,17.3692487,-142.1916394,-38.60574131,28.95348223
5/7/2025 19:06,-115.1739673,-144.9018115,29.03125413,17.43883125,-142.851341,-38.63946252,28.89011716
5/7/2025 19:07,-115.7783683,-145.6039594,28.99632914,17.50817612,-143.4897977,-38.67292175,28.82743612
5/7/2025 19:08,-116.3635569,-146.2840759,28.9615197,17.57727887,-144.1071584,-38.70611775,28.76543891
5/7/2025 19:09,-116.9296771,-146.9423072,28.92682765,17.64613515,-144.7035751,-38.73904933,28.70412522
5/7/2025 19:10,-117.4768757,-147.5788026,28.89225482,17.71474069,-145.2792026,-38.77171537,28.64349462
5/7/2025 19:11,-118.0053021,-148.1937148,28.85780299,17.78309133,-145.8341988,-38.8041148,28.58354654
5/7/2025 19:12,-118.5151082,-148.7871994,28.82347391,17.85118299,-146.3687246,-38.83624663,28.52428031
5/7/2025 19:13,-119.0064486,-149.3594154,28.7892693,17.91901168,-146.8829436,-38.86810993,28.46569515
5/7/2025 19:14,-119.4794803,-149.9105248,28.75519082,17.98657349,-147.3770224,-38.89970384,28.40779012
5/7/2025 19:15,-119.9343628,-150.4406925,28.7212401,18.05386462,-147.8511303,-38.93102755,28.35056421
5/7/2025 19:16,-120.3712582,-150.9500866,28.68741875,18.12088136,-148.3054394,-38.96208032,28.29401625
5/7/2025 19:17,-120.7903309,-151.4388781,28.6537283,18.18762008,-148.7401246,-38.9928615,28.23814497
5/7/2025 19:18,-121.1917476,-151.9072409,28.62017029,18.25407725,-149.1553633,-39.02337047,28.182949
5/7/2025 19:19,-121.5756773,-152.3553518,28.58674618,18.32024944,-149.5513358,-39.05360669,28.12842681
5/7/2025 19:20,-121.9422916,-152.7833904,28.55345742,18.3861333,-149.9282248,-39.08356969,28.07457679
5/7/2025 19:21,-122.291764,-153.1915392,28.52030539,18.4517256,-150.2862156,-39.11325905,28.0213972
5/7/2025 19:22,-122.6242704,-153.5799834,28.48729147,18.51702317,-150.6254961,-39.14267443,27.96888618
5/7/2025 19:23,-122.9399886,-153.9489109,28.45441696,18.58202298,-150.9462566,-39.17181555,27.91704177
5/7/2025 19:24,-123.2390989,-154.2985123,28.42168314,18.64672204,-151.2486897,-39.20068218,27.86586187
5/7/2025 19:25,-123.5217834,-154.6289807,28.38909126,18.71111751,-151.5329907,-39.22927418,27.8153443
5/7/2025 19:26,-123.7882262,-154.940512,28.35664251,18.77520662,-151.7993568,-39.25759145,27.76548673
5/7/2025 19:27,-124.0386137,-155.2333044,28.32433805,18.83898669,-152.0479879,-39.28563398,27.71628675
5/7/2025 19:28,-124.2731338,-155.5075587,28.292179,18.90245516,-152.2790859,-39.3134018,27.66774182
5/7/2025 19:29,-124.4919767,-155.7634782,28.26016642,18.96560955,-152.492855,-39.340895,27.6198493
5/7/2025 19:30,-124.6953342,-156.0012684,28.22830137,19.02844747,-152.6895013,-39.36811377,27.57260643
5/7/2025 19:31,-124.8833999,-156.2211372,28.19658484,19.09096666,-152.8692334,-39.39505832,27.52601034
5/7/2025 19:32,-125.0563693,-156.4232949,28.16501777,19.15316492,-153.0322615,-39.42172895,27.48005807
5/7/2025 19:33,-125.2144395,-156.6079539,28.1336011,19.21504018,-153.1787982,-39.448126,27.43474654
5/7/2025 19:34,-125.3578094,-156.7753289,28.10233569,19.27659044,-153.3090577,-39.47424991,27.39007255
5/7/2025 19:35,-125.4866792,-156.9256365,28.07122238,19.33781381,-153.4232564,-39.50010114,27.34603282
5/7/2025 19:36,-125.601251,-157.0590956,28.04026197,19.39870851,-153.5216122,-39.52568023,27.30262396
5/7/2025 19:37,-125.7017282,-157.1759271,28.0094552,19.45927284,-153.6043451,-39.55098779,27.25984245
5/7/2025 19:38,-125.7883159,-157.2763539,27.97880279,19.5195052,-153.6716766,-39.57602447,27.21768471
5/7/2025 19:39,-125.8612203,-157.3606006,27.94830543,19.5794041,-153.7238301,-39.600791,27.17614704
5/7/2025 19:40,-125.9206493,-157.428894,27.91796373,19.63896814,-153.7610305,-39.62528816,27.13522562
5/7/2025 19:41,-125.9668118,-157.4814624,27.88777829,19.698196,-153.7835043,-39.64951679,27.09491655
5/7/2025 19:42,-125.9999182,-157.5185361,27.85774967,19.75708649,-153.7914795,-39.67347779,27.05521585
5/7/2025 19:43,-126.0201801,-157.5403469,27.82787839,19.8156385,-153.7851856,-39.69717213,27.01611941
5/7/2025 19:44,-126.0278101,-157.5471285,27.79816491,19.87385101,-153.7648536,-39.72060081,26.97762305
5/7/2025 19:45,-126.0230221,-157.539116,27.76860967,19.93172311,-153.7307156,-39.74376491,26.93972247
5/7/2025 19:46,-126.006031,-157.5165461,27.73921307,19.98925398,-153.6830053,-39.76666558,26.90241331
5/7/2025 19:47,-125.9770528,-157.4796568,27.70997546,20.04644289,-153.6219576,-39.78930398,26.86569109
5/7/2025 19:48,-125.9363042,-157.428688,27.68089716,20.10328922,-153.5478084,-39.81168138,26.82955124
5/7/2025 19:49,-125.884003,-157.3638804,27.65197845,20.15979243,-153.460795,-39.83379908,26.79398914
5/7/2025 19:50,-125.820368,-157.2854764,27.62321957,20.21595209,-153.3611556,-39.85565842,26.75900002
5/7/2025 19:51,-125.7456186,-157.1937195,27.59462071,20.27176785,-153.2491294,-39.87726082,26.72457909
5/7/2025 19:52,-125.6599751,-157.0888544,27.56618204,20.32723946,-153.1249569,-39.89860775,26.69072141
5/7/2025 19:53,-125.5636582,-156.9711271,27.53790369,20.38236676,-152.9888791,-39.91970073,26.65742202
5/7/2025 19:54,-125.4568897,-156.8407843,27.50978574,20.4371497,-152.8411382,-39.94054131,26.62467582
5/7/2025 19:55,-125.3398917,-156.6980742,27.48182823,20.4915883,-152.6819769,-39.96113114,26.59247768
5/7/2025 19:56,-125.2128869,-156.5432455,27.45403119,20.54568268,-152.5116389,-39.98147188,26.56082234
5/7/2025 19:57,-125.0760986,-156.3765482,27.42639459,20.59943306,-152.3303684,-40.00156526,26.52970452
5/7/2025 19:58,-124.9297504,-156.1982329,27.39891835,20.65283973,-152.1384105,-40.02141305,26.49911881
5/7/2025 19:59,-124.7740664,-156.0085511,27.37160239,20.70590309,-151.9360105,-40.04101708,26.46905975
5/7/2025 20:00,-125.5038894,-157.1003366,27.34378887,20.77114395,-152.8836911,-40.08242778,26.4006231
5/7/2025 20:01,-125.3302072,-156.8886789,27.31679301,20.82352223,-152.6611457,-40.10154997,26.37160068
5/7/2025 20:02,-125.1478632,-156.6664132,27.28995691,20.8755589,-152.4288977,-40.12043415,26.3430881
5/7/2025 20:03,-124.9570825,-156.4337935,27.26328032,20.92725472,-152.1871943,-40.13908236,26.31507961
5/7/2025 20:04,-124.7580903,-156.1910742,27.23676297,20.97861052,-151.936283,-40.15749665,26.2875694
5/7/2025 20:05,-124.551112,-155.9385103,27.21040454,21.02962722,-151.6764117,-40.17567913,26.26055161
5/7/2025 20:06,-124.3363728,-155.6763571,27.18420469,21.08030581,-151.4078282,-40.19363196,26.23402027
5/7/2025 20:07,-124.114098,-155.4048702,27.15816304,21.13064739,-151.1307807,-40.21135732,26.2079694
5/7/2025 20:08,-123.8845129,-155.1243053,27.13227917,21.18065312,-150.8455171,-40.22885745,26.18239294
5/7/2025 20:09,-123.6478425,-154.8349187,27.10655262,21.23032426,-150.5522857,-40.24613464,26.15728475
5/7/2025 20:10,-123.4043117,-154.5369663,27.08098293,21.27966214,-150.2513345,-40.2631912,26.13263868
5/7/2025 20:11,-123.1541453,-154.2307045,27.05556958,21.32866817,-149.9429114,-40.28002951,26.10844847
5/7/2025 20:12,-122.8975675,-153.9163895,27.03031201,21.37734385,-149.6272641,-40.29665194,26.08470785
5/7/2025 20:13,-122.6348025,-153.5942775,27.00520966,21.42569075,-149.3046404,-40.31306096,26.06141049
5/7/2025 20:14,-122.3660737,-153.2646245,26.98026191,21.47371052,-148.9752874,-40.32925903,26.03854998
5/7/2025 20:15,-122.0916045,-152.9276866,26.95546813,21.52140488,-148.639452,-40.34524867,26.01611991
5/7/2025 20:16,-121.8116175,-152.5837193,26.93082763,21.56877563,-148.2973807,-40.36103244,25.99411379
5/7/2025 20:17,-121.5263349,-152.2329781,26.90633973,21.61582465,-147.9493198,-40.3766129,25.97252509
5/7/2025 20:18,-121.2359783,-151.875718,26.88200369,21.66255389,-147.5955146,-40.3919927,25.95134724
5/7/2025 20:19,-120.9407684,-151.5121937,26.85781875,21.70896537,-147.2362103,-40.40717448,25.93057364
5/7/2025 20:20,-120.6409257,-151.1426593,26.83378412,21.75506118,-146.8716511,-40.42216092,25.91019764
5/7/2025 20:21,-120.3366694,-150.7673686,26.80989898,21.80084348,-146.5020809,-40.43695475,25.89021255
5/7/2025 20:22,-120.0282184,-150.3865745,26.7861625,21.84631451,-146.1277425,-40.45155871,25.87061165
5/7/2025 20:23,-119.7157903,-150.0005296,26.76257379,21.89147655,-145.7488782,-40.46597559,25.85138819
5/7/2025 20:24,-119.3996022,-149.6094856,26.73913196,21.93633199,-145.3657292,-40.48020819,25.83253539
5/7/2025 20:25,-119.0798701,-149.2136934,26.71583608,21.98088324,-144.9785361,-40.49425935,25.81404642
5/7/2025 20:26,-118.7568088,-148.8134033,26.69268521,22.0251328,-144.5875384,-40.50813192,25.79591444
5/7/2025 20:27,-118.4306324,-148.4088645,26.66967836,22.06908324,-144.1929744,-40.52182881,25.77813258
5/7/2025 20:28,-118.1015537,-148.0003255,26.64681453,22.11273716,-143.7950817,-40.53535293,25.76069396
5/7/2025 20:29,-117.7697844,-147.5880335,26.6240927,22.15609724,-143.3940966,-40.5487072,25.74359164
5/7/2025 20:30,-117.4355352,-147.1722351,26.60151181,22.19916623,-142.9902542,-40.5618946,25.7268187
5/7/2025 20:31,-117.0990152,-146.7531754,26.57907079,22.24194692,-142.5837884,-40.57491812,25.71036818
5/7/2025 20:32,-116.7604326,-146.3310986,26.55676855,22.28444217,-142.174932,-40.58778075,25.6942331
5/7/2025 20:33,-116.419994,-145.9062475,26.53460396,22.32665487,-141.7639162,-40.60048552,25.67840649
5/7/2025 20:34,-116.0779049,-145.4788639,26.51257589,22.36858799,-141.350971,-40.61303548,25.66288133
5/7/2025 20:35,-115.734369,-145.0491881,26.49068318,22.41024455,-140.9363251,-40.62543369,25.64765062
5/7/2025 20:36,-115.389589,-144.617459,26.46892463,22.4516276,-140.5202054,-40.63768324,25.63270733
5/7/2025 20:37,-115.0437658,-144.1839142,26.44729905,22.49274027,-140.1028376,-40.64978722,25.61804445
5/7/2025 20:38,-114.6970988,-143.7487897,26.42580521,22.53358571,-139.6844455,-40.66174875,25.60365492
5/7/2025 20:39,-114.3497859,-143.3123202,26.40444188,22.57416714,-139.2652516,-40.67357095,25.58953172
5/7/2025 20:40,-114.0020233,-142.8747386,26.38320778,22.61448781,-138.8454766,-40.68525697,25.57566781
5/7/2025 20:41,-113.6540055,-142.4362762,26.36210165,22.65455102,-138.4253394,-40.69680997,25.56205614
5/7/2025 20:42,-113.3059254,-141.9971628,26.34112219,22.69436011,-138.0050572,-40.70823311,25.54868969
5/7/2025 20:43,-112.9579741,-141.5576262,26.32026808,22.73391846,-137.5848454,-40.71952956,25.53556141
5/7/2025 20:44,-112.6103409,-141.1178925,26.29953799,22.7732295,-137.1649176,-40.73070252,25.52266428
5/7/2025 20:45,-112.2632131,-140.6781862,26.27893058,22.81229668,-136.7454853,-40.74175517,25.50999128
5/7/2025 20:46,-111.9167764,-140.2387297,26.2584445,22.85112351,-136.3267583,-40.75269073,25.49753539
5/7/2025 20:47,-111.5712145,-139.7997435,26.23807835,22.88971352,-135.9089443,-40.7635124,25.48528963
5/7/2025 20:48,-111.226709,-139.3614461,26.21783076,22.92807027,-135.4922488,-40.77422341,25.473247
5/7/2025 20:49,-110.8834398,-138.924054,26.19770033,22.96619737,-135.0768755,-40.78482696,25.46140053
5/7/2025 20:50,-110.5415843,-138.4877817,26.17768563,23.00409845,-134.6630258,-40.79532628,25.44974327
5/7/2025 20:51,-110.2013185,-138.0528416,26.15778525,23.04177716,-134.2508989,-40.8057246,25.43826827
5/7/2025 20:52,-109.8628156,-137.6194438,26.13799773,23.0792372,-133.8406919,-40.81602516,25.42696864
5/7/2025 20:53,-109.5262473,-137.1877963,26.11832164,23.11648228,-133.4325996,-40.82623117,25.41583746
5/7/2025 20:54,-109.1917826,-136.7581048,26.0987555,23.15351614,-133.0268146,-40.83634587,25.40486788
5/7/2025 20:55,-108.8595887,-136.3305728,26.07929785,23.19034254,-132.623527,-40.84637249,25.39405304
5/7/2025 20:56,-108.5298304,-135.9054013,26.05994721,23.22696527,-132.2229246,-40.85631426,25.38338614
5/7/2025 20:57,-108.2026701,-135.4827891,26.04070208,23.26338814,-131.8251929,-40.86617439,25.37286038
5/7/2025 20:58,-107.8782681,-135.0629326,26.02156098,23.29961497,-131.4305149,-40.87595611,25.36246901
5/7/2025 20:59,-107.5567824,-134.6460255,26.00252239,23.3356496,-131.0390709,-40.88566264,25.35220531
5/7/2025 21:00,-108.1329869,-135.5248408,25.98292711,23.38401622,-131.8113156,-40.91734573,25.30316386
5/7/2025 21:01,-107.8177979,-135.1144042,25.96408901,23.41967804,-131.4268713,-40.92691147,25.29313546
5/7/2025 21:02,-107.5059846,-134.7074834,25.94534886,23.45515929,-131.0461873,-40.93641162,25.28321476
5/7/2025 21:03,-107.1976952,-134.3042622,25.92670514,23.49046385,-130.6694339,-40.94584937,25.2733952
5/7/2025 21:04,-106.8930756,-133.9049215,25.90815632,23.52559565,-130.2967786,-40.95522789,25.26367024
5/7/2025 21:05,-106.592269,-133.5096396,25.88970085,23.56055858,-129.9283862,-40.96455033,25.25403339
5/7/2025 21:06,-106.2954164,-133.1185921,25.87133719,23.59535658,-129.5644191,-40.97381987,25.2444782
5/7/2025 21:07,-106.0026558,-132.7319519,25.8530638,23.62999357,-129.2050364,-40.98303963,25.23499828
5/7/2025 21:08,-105.714123,-132.349889,25.83487912,23.66447348,-128.850395,-40.99221276,25.22558726
5/7/2025 21:09,-105.4299509,-131.9725705,25.81678161,23.69880026,-128.5006485,-41.00134235,25.21623885
5/7/2025 21:10,-105.1502701,-131.600161,25.79876971,23.73297783,-128.155948,-41.01043152,25.20694679
5/7/2025 21:11,-104.8752082,-131.2328218,25.78084187,23.76701014,-127.8164416,-41.01948333,25.19770488
5/7/2025 21:12,-104.6048904,-130.8707116,25.76299654,23.80090111,-127.4822745,-41.02850087,25.18850698
5/7/2025 21:13,-104.3394392,-130.5139859,25.74523216,23.83465468,-127.1535891,-41.03748718,25.179347
5/7/2025 21:14,-104.0789741,-130.1627975,25.72754719,23.86827477,-126.8305247,-41.04644528,25.17021889
5/7/2025 21:15,-103.8236121,-129.8172961,25.70994007,23.90176529,-126.5132177,-41.0553782,25.16111669
5/7/2025 21:16,-103.5734676,-129.4776281,25.69240926,23.93513017,-126.2018015,-41.06428891,25.15203449
5/7/2025 21:17,-103.3286519,-129.1439373,25.67495321,23.9683733,-125.8964066,-41.07318039,25.14296641
5/7/2025 21:18,-103.0892737,-128.8163642,25.65757037,24.00149858,-125.5971603,-41.08205559,25.13390668
5/7/2025 21:19,-102.8554388,-128.4950461,25.64025921,24.03450988,-125.304187,-41.09091743,25.12484957
5/7/2025 21:20,-102.6272504,-128.1801174,25.62301819,24.06741106,-125.0176079,-41.09976881,25.11578941
5/7/2025 21:21,-102.4048087,-127.8717091,25.60584578,24.10020599,-124.7375411,-41.10861261,25.10672062
5/7/2025 21:22,-102.188211,-127.5699493,25.58874046,24.13289849,-124.4641017,-41.11745168,25.09763765
5/7/2025 21:23,-101.9775518,-127.2749627,25.5717007,24.16549238,-124.1974017,-41.12628885,25.08853505
5/7/2025 21:24,-101.7729229,-126.9868708,25.554725,24.19799147,-123.9375497,-41.13512691,25.07940745
5/7/2025 21:25,-101.574413,-126.7057921,25.53781184,24.23039951,-123.6846515,-41.14396865,25.07024951
5/7/2025 21:26,-101.3821079,-126.4318417,25.52095973,24.26272028,-123.4388095,-41.15281679,25.06105601
5/7/2025 21:27,-101.1960908,-126.1651313,25.50416718,24.2949575,-123.2001228,-41.16167407,25.05182177
5/7/2025 21:28,-101.0164415,-125.9057695,25.48743269,24.32711489,-122.9686877,-41.17054316,25.04254169
5/7/2025 21:29,-100.8432374,-125.6538615,25.4707548,24.35919612,-122.7445968,-41.17942671,25.03321078
5/7/2025 21:30,-100.6765527,-125.4095094,25.45413204,24.39120485,-122.5279399,-41.18832736,25.02382408
5/7/2025 21:31,-100.5164586,-125.1728118,25.43756296,24.4231447,-122.3188033,-41.19724769,25.01437674
5/7/2025 21:32,-100.3630235,-124.9438639,25.42104611,24.45501928,-122.1172702,-41.20619028,25.00486398
5/7/2025 21:33,-100.2163129,-124.7227577,25.40458004,24.48683215,-121.9234204,-41.21515763,24.99528111
5/7/2025 21:34,-100.0763893,-124.5095818,25.38816335,24.51858685,-121.7373307,-41.22415225,24.98562351
5/7/2025 21:35,-99.94331214,-124.3044215,25.37179461,24.55028687,-121.5590743,-41.2331766,24.97588664
5/7/2025 21:36,-99.81713812,-124.1073585,25.35547243,24.58193569,-121.3887213,-41.2422331,24.96606606
5/7/2025 21:37,-99.69792084,-123.9184714,25.33919541,24.61353673,-121.2263387,-41.25132414,24.95615741
5/7/2025 21:38,-99.58571099,-123.7378352,25.32296218,24.64509339,-121.0719899,-41.26045207,24.94615641
5/7/2025 21:39,-99.48055633,-123.5655217,25.30677138,24.67660902,-120.9257353,-41.26961922,24.93605887
5/7/2025 21:40,-99.38250164,-123.4015992,25.29062166,24.70808694,-120.7876317,-41.27882785,24.92586069
5/7/2025 21:41,-99.29158877,-123.2461325,25.27451168,24.73953043,-120.657733,-41.28808022,24.91555785
5/7/2025 21:42,-99.20785663,-123.0991831,25.25844013,24.77094273,-120.5360894,-41.29737852,24.90514642
5/7/2025 21:43,-99.13134118,-122.9608092,25.2424057,24.80232702,-120.4227483,-41.30672492,24.89462259
5/7/2025 21:44,-99.06207545,-122.8310653,25.22640709,24.83368645,-120.3177534,-41.31612155,24.88398259
5/7/2025 21:45,-99.00008952,-122.7100028,25.21044304,24.86502414,-120.2211452,-41.32557048,24.87322278
5/7/2025 21:46,-98.94541058,-122.5976696,25.19451229,24.89634313,-120.1329612,-41.33507377,24.86233961
5/7/2025 21:47,-98.89806287,-122.49411,25.17861358,24.92764644,-120.0532353,-41.34463342,24.85132959
5/7/2025 21:48,-98.85806774,-122.3993652,25.16274571,24.95893704,-119.9819984,-41.35425139,24.84018937
5/7/2025 21:49,-98.82544364,-122.3134729,25.14690745,24.99021784,-119.9192779,-41.36392961,24.82891565
5/7/2025 21:50,-98.8002061,-122.2364672,25.13109762,25.02149171,-119.865098,-41.37366995,24.81750526
5/7/2025 21:51,-98.7823678,-122.168379,25.11531505,25.05276147,-119.8194799,-41.38347425,24.80595511
5/7/2025 21:52,-98.77193854,-122.1092359,25.09955858,25.08402987,-119.7824413,-41.3933443,24.79426221
5/7/2025 21:53,-98.76892525,-122.0590621,25.08382707,25.11529964,-119.7539968,-41.40328186,24.78242365
5/7/2025 21:54,-98.77333203,-122.0178781,25.06811941,25.14657342,-119.7341578,-41.41328863,24.77043663
5/7/2025 21:55,-98.78516013,-121.9857016,25.0524345,25.17785384,-119.7229323,-41.42336627,24.75829846
5/7/2025 21:56,-98.80440799,-121.9625465,25.03677125,25.20914343,-119.7203253,-41.43351641,24.74600653
5/7/2025 21:57,-98.83107126,-121.9484235,25.02112861,25.2404447,-119.7263388,-41.44374061,24.73355833
5/7/2025 21:58,-98.86514276,-121.9433401,25.00550553,25.27176007,-119.7409712,-41.45404041,24.72095144
5/7/2025 21:59,-98.90661259,-121.9473004,24.989901,25.30309194,-119.764218,-41.4644173,24.70818357
5/7/2025 22:00,-99.8500865,-123.2528869,24.97365633,25.34696296,-120.9563483,-41.49692126,24.65635377
5/7/2025 22:01,-99.90631219,-123.2749337,24.95808591,25.37833473,-120.9967981,-41.50745657,24.64325737
5/7/2025 22:02,-99.96988996,-123.3060168,24.94253111,25.4097298,-121.0458301,-41.51807315,24.62999364
5/7/2025 22:03,-100.040799,-123.3461273,24.92699098,25.4411503,-121.1034275,-41.52877229,24.61656066
5/7/2025 22:04,-100.1190157,-123.3952529,24.9114646,25.47259832,-121.1695702,-41.53955524,24.60295662
5/7/2025 22:05,-100.2045141,-123.4533782,24.89595109,25.5040759,-121.2442353,-41.55042321,24.5891798
5/7/2025 22:06,-100.2972652,-123.5204846,24.88044956,25.53558498,-121.3273967,-41.56137737,24.57522858
5/7/2025 22:07,-100.3972376,-123.5965503,24.86495918,25.56712748,-121.4190254,-41.57241883,24.56110145
5/7/2025 22:08,-100.5043973,-123.6815505,24.8494791,25.59870523,-121.5190895,-41.58354866,24.54679698
5/7/2025 22:09,-100.6187079,-123.775457,24.83400853,25.63032001,-121.6275539,-41.59476787,24.53231387
5/7/2025 22:10,-100.74013,-123.8782388,24.81854668,25.66197353,-121.7443809,-41.60607744,24.51765089
5/7/2025 22:11,-100.8686221,-123.9898616,24.80309278,25.69366743,-121.8695298,-41.61747829,24.50280693
5/7/2025 22:12,-101.0041401,-124.110288,24.78764611,25.72540331,-122.0029568,-41.62897131,24.48778096
5/7/2025 22:13,-101.1466373,-124.2394779,24.77220593,25.75718267,-122.1446156,-41.64055732,24.47257207
5/7/2025 22:14,-101.2960648,-124.3773878,24.75677157,25.78900698,-122.2944568,-41.6522371,24.45717943
5/7/2025 22:15,-101.452371,-124.5239716,24.74134235,25.82087762,-122.4524285,-41.6640114,24.44160232
5/7/2025 22:16,-101.6155022,-124.6791799,24.72591762,25.85279591,-122.6184758,-41.6758809,24.42584012
5/7/2025 22:17,-101.7854022,-124.8429605,24.71049676,25.8847631,-122.7925412,-41.68784623,24.40989231
5/7/2025 22:18,-101.9620125,-125.0152585,24.69507917,25.91678039,-122.9745643,-41.699908,24.39375846
5/7/2025 22:19,-102.1452722,-125.1960159,24.67966428,25.94884889,-123.1644824,-41.71206675,24.37743823
5/7/2025 22:20,-102.3351183,-125.385172,24.66425152,25.98096966,-123.3622299,-41.72432298,24.3609314
5/7/2025 22:21,-102.5314856,-125.5826631,24.64884038,26.01314369,-123.5677385,-41.73667713,24.34423783
5/7/2025 22:22,-102.7343065,-125.7884231,24.63343034,26.04537189,-123.7809377,-41.74912961,24.32735749
5/7/2025 22:23,-102.9435114,-126.0023829,24.61802092,26.07765512,-124.0017542,-41.76168078,24.31029042
5/7/2025 22:24,-103.1590285,-126.2244707,24.60261167,26.10999417,-124.2301121,-41.77433094,24.29303679
5/7/2025 22:25,-103.3807839,-126.4546121,24.58720215,26.14238975,-124.4659334,-41.78708036,24.27559684
5/7/2025 22:26,-103.6087016,-126.6927302,24.57179195,26.17484251,-124.7091373,-41.79992925,24.25797093
5/7/2025 22:27,-103.8427038,-126.9387452,24.55638067,26.20735302,-124.9596408,-41.81287779,24.24015947
5/7/2025 22:28,-104.0827103,-127.192575,24.54096797,26.23992181,-125.2173585,-41.82592608,24.22216301
5/7/2025 22:29,-104.3286393,-127.4541349,24.52555349,26.27254932,-125.4822028,-41.83907421,24.20398216
5/7/2025 22:30,-104.5804069,-127.7233377,24.51013692,26.30523593,-125.7540836,-41.85232222,24.18561765
5/7/2025 22:31,-104.8379274,-128.0000938,24.49471797,26.33798194,-126.0329086,-41.86567007,24.16707028
5/7/2025 22:32,-105.1011131,-128.2843111,24.47929636,26.3707876,-126.3185836,-41.87911771,24.14834095
5/7/2025 22:33,-105.3698747,-128.5758953,24.46387186,26.40365308,-126.6110118,-41.89266504,24.12943065
5/7/2025 22:34,-105.6441209,-128.8747497,24.44844424,26.4365785,-126.9100946,-41.90631189,24.11034045
5/7/2025 22:35,-105.9237589,-129.1807753,24.4330133,26.46956388,-127.2157312,-41.92005808,24.09107151
5/7/2025 22:36,-106.2086941,-129.4938708,24.41757886,26.50260921,-127.5278187,-41.93390337,24.0716251
5/7/2025 22:37,-106.4988302,-129.8139328,24.40214077,26.53571439,-127.8462523,-41.94784745,24.05200255
5/7/2025 22:38,-106.7940693,-130.1408557,24.38669891,26.56887925,-128.1709253,-41.96189002,24.03220529
5/7/2025 22:39,-107.094312,-130.4745318,24.37125316,26.60210358,-128.501729,-41.97603069,24.01223483
5/7/2025 22:40,-107.3994573,-130.8148515,24.35580345,26.63538708,-128.8385528,-41.99026904,23.99209276
5/7/2025 22:41,-107.7094026,-131.1617027,24.3403497,26.66872939,-129.1812844,-42.00460462,23.97178077
5/7/2025 22:42,-108.0240441,-131.5149719,24.32489189,26.70213008,-129.5298095,-42.01903693,23.9513006
5/7/2025 22:43,-108.3432764,-131.8745433,24.30943,26.73558868,-129.8840124,-42.03356542,23.93065412
5/7/2025 22:44,-108.6669928,-132.2402993,24.29396402,26.76910462,-130.2437755,-42.04818951,23.90984322
5/7/2025 22:45,-108.9950853,-132.6121205,24.278494,26.80267729,-130.6089796,-42.06290857,23.88886992
5/7/2025 22:46,-109.3274445,-132.9898856,24.26301997,26.83630601,-130.9795038,-42.07772193,23.8677363
5/7/2025 22:47,-109.6639598,-133.3734718,24.24754202,26.86999003,-131.3552258,-42.09262888,23.84644451
5/7/2025 22:48,-110.0045196,-133.7627543,24.23206023,26.90372855,-131.7360219,-42.10762869,23.82499678
5/7/2025 22:49,-110.3490108,-134.1576068,24.21657473,26.9375207,-132.1217666,-42.12272055,23.80339542
5/7/2025 22:50,-110.6973194,-134.5579014,24.20108564,26.97136555,-132.5123333,-42.13790365,23.78164281
5/7/2025 22:51,-111.0493305,-134.9635086,24.18559312,27.0052621,-132.9075939,-42.15317712,23.7597414
5/7/2025 22:52,-111.4049277,-135.3742974,24.17009734,27.0392093,-133.3074191,-42.16854006,23.73769371
5/7/2025 22:53,-111.7639941,-135.7901354,24.15459852,27.07320605,-133.7116782,-42.18399152,23.71550234
5/7/2025 22:54,-112.1264115,-136.2108888,24.13909686,27.10725116,-134.1202393,-42.19953054,23.69316994
5/7/2025 22:55,-112.4920612,-136.6364223,24.12359261,27.14134342,-134.5329696,-42.21515609,23.67069926
5/7/2025 22:56,-112.8608233,-137.0665995,24.10808601,27.17548152,-134.9497347,-42.23086714,23.64809307
5/7/2025 22:57,-113.2325772,-137.5012826,24.09257735,27.20966414,-135.3703997,-42.24666259,23.62535425
5/7/2025 22:58,-113.6072017,-137.9403326,24.07706692,27.24388986,-135.7948282,-42.26254133,23.60248571
5/7/2025 22:59,-113.9845746,-138.3836094,24.06155505,27.27815723,-136.2228831,-42.27850221,23.57949045
5/7/2025 23:00,-115.2591919,-140.1235534,24.04538435,27.32498506,-137.8147029,-42.31659259,23.51747278
5/7/2025 23:01,-115.6416932,-140.5748591,24.02987059,27.35933113,-138.2495956,-42.33271415,23.49423325
5/7/2025 23:02,-116.0265731,-141.0299649,24.01435643,27.39371416,-138.6876978,-42.34891418,23.47087631
5/7/2025 23:03,-116.4137073,-141.4887265,23.99884227,27.42813246,-139.1288693,-42.36519141,23.44740518
5/7/2025 23:04,-116.8029709,-141.9509989,23.98332849,27.46258431,-139.5729686,-42.38154453,23.42382313
5/7/2025 23:05,-117.1942384,-142.4166361,23.96781554,27.49706795,-140.0198539,-42.39797218,23.40013348
5/7/2025 23:06,-117.5873843,-142.8854914,23.95230384,27.53158154,-140.4693827,-42.414473,23.37633963
5/7/2025 23:07,-117.9822825,-143.3574173,23.93679386,27.5661232,-140.921412,-42.43104558,23.352445
5/7/2025 23:08,-118.3788066,-143.8322656,23.92128606,27.60069103,-141.3757982,-42.44768849,23.32845308
5/7/2025 23:09,-118.77683,-144.3098877,23.90578092,27.63528304,-141.8323973,-42.46440028,23.30436738
5/7/2025 23:10,-119.1762259,-144.790134,23.89027897,27.66989723,-142.2910648,-42.48117945,23.28019149
5/7/2025 23:11,-119.5768674,-145.2728548,23.8747807,27.70453153,-142.7516559,-42.49802451,23.25592903
5/7/2025 23:12,-119.9786274,-145.7578997,23.85928665,27.73918384,-143.2140257,-42.5149339,23.23158366
5/7/2025 23:13,-120.3813786,-146.2451179,23.84379737,27.773852,-143.6780287,-42.53190606,23.20715908
5/7/2025 23:14,-120.7849941,-146.7343583,23.82831341,27.80853384,-144.1435194,-42.54893942,23.18265903
5/7/2025 23:15,-121.1893465,-147.2254694,23.81283536,27.84322711,-144.6103521,-42.56603235,23.15808731
5/7/2025 23:16,-121.5943088,-147.7182995,23.7973638,27.87792955,-145.078381,-42.58318324,23.13344772
5/7/2025 23:17,-121.9997541,-148.2126968,23.78189932,27.91263884,-145.5474604,-42.60039042,23.10874413
5/7/2025 23:18,-122.4055555,-148.7085091,23.76644255,27.94735264,-146.0174443,-42.61765221,23.08398042
5/7/2025 23:19,-122.8115864,-149.2055843,23.75099409,27.98206856,-146.488187,-42.63496693,23.05916051
5/7/2025 23:20,-123.2177205,-149.7037702,23.7355546,28.01678418,-146.9595428,-42.65233285,23.03428835
5/7/2025 23:21,-123.6238317,-150.2029146,23.72012471,28.05149704,-147.4313662,-42.66974825,23.00936793
5/7/2025 23:22,-124.0297942,-150.7028652,23.70470509,28.08620466,-147.9035119,-42.68721136,22.98440324
5/7/2025 23:23,-124.4354828,-151.2034702,23.68929639,28.12090451,-148.3758348,-42.70472043,22.95939832
5/7/2025 23:24,-124.8407724,-151.7045776,23.6738993,28.15559403,-148.8481902,-42.72227365,22.93435723
5/7/2025 23:25,-125.2455386,-152.2060357,23.65851451,28.19027066,-149.3204337,-42.73986923,22.90928404
5/7/2025 23:26,-125.6496574,-152.7076932,23.64314271,28.22493177,-149.7924212,-42.75750536,22.88418285
5/7/2025 23:27,-126.0530055,-153.209399,23.62778461,28.25957472,-150.2640093,-42.77518019,22.85905778
5/7/2025 23:28,-126.4554601,-153.7110024,23.61244092,28.29419686,-150.7350549,-42.79289189,22.83391296
5/7/2025 23:29,-126.8568989,-154.2123531,23.59711236,28.32879548,-151.2054156,-42.81063859,22.80875255
5/7/2025 23:30,-127.2572006,-154.7133013,23.58179965,28.36336789,-151.6749493,-42.82841843,22.7835807
5/7/2025 23:31,-127.6562443,-155.2136977,23.56650354,28.39791133,-152.143515,-42.84622952,22.7584016
5/7/2025 23:32,-128.0539101,-155.7133936,23.55122477,28.43242305,-152.610972,-42.86406998,22.73321942
5/7/2025 23:33,-128.4500788,-156.212241,23.53596407,28.46690027,-153.0771807,-42.88193789,22.70803836
5/7/2025 23:34,-128.8446321,-156.7100924,23.52072222,28.50134019,-153.5420019,-42.89983136,22.68286263
5/7/2025 23:35,-129.2374525,-157.2068012,23.50549996,28.53574001,-154.0052974,-42.91774846,22.65769643
5/7/2025 23:36,-129.6284234,-157.7022214,23.49029806,28.57009688,-154.4669302,-42.93568727,22.63254397
5/7/2025 23:37,-130.0174295,-158.1962079,23.47511728,28.60440796,-154.9267637,-42.95364586,22.60740947
5/7/2025 23:38,-130.4043561,-158.6886166,23.4599584,28.6386704,-155.3846626,-42.97162228,22.58229714
5/7/2025 23:39,-130.7890897,-159.1793042,23.44482219,28.67288131,-155.8404926,-42.98961461,22.55721119
5/7/2025 23:40,-131.1715179,-159.6681282,23.42970943,28.70703782,-156.2941203,-43.0076209,22.53215583
5/7/2025 23:41,-131.5515295,-160.1549475,23.41462089,28.74113703,-156.7454137,-43.02563919,22.50713526
5/7/2025 23:42,-131.9290143,-160.6396218,23.39955737,28.77517604,-157.1942417,-43.04366753,22.48215368
5/7/2025 23:43,-132.3038635,-161.1220119,23.38451964,28.80915194,-157.6404744,-43.06170398,22.45721529
5/7/2025 23:44,-132.6759692,-161.6019799,23.36950848,28.84306181,-158.0839834,-43.07974658,22.43232426
5/7/2025 23:45,-133.0452253,-162.0793889,23.35452469,28.87690274,-158.5246414,-43.09779338,22.40748476
5/7/2025 23:46,-133.4115264,-162.5541035,23.33956905,28.91067181,-158.9623223,-43.11584243,22.38270095
5/7/2025 23:47,-133.7747689,-163.0259894,23.32464234,28.94436608,-159.3969017,-43.13389178,22.35797696
5/7/2025 23:48,-134.1348504,-163.4949137,23.30974534,28.97798264,-159.8282563,-43.15193948,22.33331693
5/7/2025 23:49,-134.4916699,-163.9607449,23.29487885,29.01151856,-160.2562644,-43.16998358,22.30872496
5/7/2025 23:50,-134.845128,-164.4233528,23.28004363,29.04497092,-160.6808058,-43.18802215,22.28420514
5/7/2025 23:51,-135.1951265,-164.8826089,23.26524048,29.0783368,-161.1017618,-43.20605325,22.25976154
5/7/2025 23:52,-135.541569,-165.3383859,23.25047016,29.11161328,-161.5190153,-43.22407496,22.23539819
5/7/2025 23:53,-135.8843604,-165.7905584,23.23573346,29.14479746,-161.9324508,-43.24208535,22.21111912
5/7/2025 23:54,-136.2234074,-166.2390023,23.22103113,29.17788643,-162.3419543,-43.2600825,22.18692833
5/7/2025 23:55,-136.5586182,-166.6835953,23.20636395,29.21087732,-162.7474138,-43.27806451,22.16282977
5/7/2025 23:56,-136.8899025,-167.1242166,23.19173268,29.24376722,-163.1487188,-43.29602948,22.13882739
5/7/2025 23:57,-137.217172,-167.5607473,23.17713807,29.27655328,-163.5457605,-43.31397552,22.1149251
5/7/2025 23:58,-137.5403398,-167.9930702,23.16258089,29.30923264,-163.938432,-43.33190075,22.09112676
5/7/2025 23:59,-137.8593209,-168.4210699,23.14806186,29.34180245,-164.3266283,-43.3498033,22.06743623
6/7/2025 0:00,-117.5978076,-139.1152556,23.14870878,29.08629236,-138.0238863,-42.86056452,22.93852783
6/7/2025 0:01,-117.908167,-139.5342697,23.1342683,29.11863461,-138.4028244,-42.87841616,22.91506428
6/7/2025 0:02,-118.2140951,-139.9486252,23.11986818,29.15085889,-138.7769833,-42.89623961,22.89171983
6/7/2025 0:03,-118.5155139,-140.3582142,23.10550915,29.1829624,-139.1462655,-42.91403303,22.86849818
6/7/2025 0:04,-118.8123474,-140.7629308,23.09119191,29.21494241,-139.5105757,-42.93179463,22.84540298
6/7/2025 0:05,-119.1045216,-141.1626709,23.07691718,29.24679618,-139.8698204,-42.94952262,22.82243784
6/7/2025 0:06,-119.391964,-141.5573327,23.06268563,29.278521,-140.2239083,-42.96721524,22.79960633
6/7/2025 0:07,-119.6746045,-141.9468163,23.04849797,29.31011419,-140.57275,-42.98487072,22.77691196
6/7/2025 0:08,-119.9523746,-142.3310239,23.03435486,29.34157309,-140.9162583,-43.00248734,22.7543582
6/7/2025 0:09,-120.225208,-142.7098599,23.02025698,29.37289506,-141.2543482,-43.02006338,22.73194849
6/7/2025 0:10,-120.4930402,-143.0832307,23.00620497,29.4040775,-141.5869369,-43.03759715,22.70968619
6/7/2025 0:11,-120.755809,-143.4510451,22.99219948,29.43511784,-141.9139436,-43.05508695,22.68757464
6/7/2025 0:12,-121.0134539,-143.813214,22.97824116,29.46601353,-142.2352899,-43.07253114,22.66561711
6/7/2025 0:13,-121.2659167,-144.1696505,22.96433061,29.49676206,-142.5508995,-43.08992808,22.64381681
6/7/2025 0:14,-121.5131411,-144.5202701,22.95046846,29.52736094,-142.8606984,-43.10727615,22.62217691
6/7/2025 0:15,-121.7550731,-144.8649905,22.9366553,29.55780774,-143.1646151,-43.12457376,22.60070052
6/7/2025 0:16,-121.9916607,-145.2037317,22.92289172,29.58810004,-143.46258,-43.14181934,22.5793907
6/7/2025 0:17,-122.2228538,-145.5364162,22.90917829,29.61823547,-143.7545262,-43.15901134,22.55825044
6/7/2025 0:18,-122.4486049,-145.8629688,22.89551557,29.64821168,-144.040389,-43.17614825,22.53728267
6/7/2025 0:19,-122.6688684,-146.1833165,22.88190411,29.67802639,-144.320106,-43.19322856,22.51649028
6/7/2025 0:20,-122.8836007,-146.4973891,22.86834444,29.70767732,-144.5936174,-43.21025079,22.49587606
6/7/2025 0:21,-123.0927607,-146.8051184,22.85483708,29.73716228,-144.8608656,-43.22721351,22.47544278
6/7/2025 0:22,-123.2963093,-147.1064391,22.84138254,29.76647907,-145.1217955,-43.2441153,22.45519313
6/7/2025 0:23,-123.4942098,-147.401288,22.82798129,29.79562556,-145.3763545,-43.26095475,22.43512971
6/7/2025 0:24,-123.6864273,-147.6896046,22.81463383,29.82459967,-145.6244924,-43.2777305,22.41525509
6/7/2025 0:25,-123.8729297,-147.9713309,22.80134059,29.85339935,-145.8661615,-43.29444122,22.39557176
6/7/2025 0:26,-124.0536867,-148.2464115,22.78810204,29.88202261,-146.1013166,-43.3110856,22.37608213
6/7/2025 0:27,-124.2286704,-148.5147933,22.77491858,29.91046748,-146.329915,-43.32766235,22.35678856
6/7/2025 0:28,-124.3978552,-148.776426,22.76179064,29.93873208,-146.5519164,-43.34417023,22.33769334
6/7/2025 0:29,-124.5612176,-149.0312618,22.7487186,29.96681455,-146.7672831,-43.36060802,22.31879866
6/7/2025 0:30,-124.7187365,-149.2792555,22.73570284,29.99471307,-146.9759801,-43.37697451,22.30010668
6/7/2025 0:31,-124.8703931,-149.5203645,22.72274371,30.02242591,-147.1779748,-43.39326857,22.28161946
6/7/2025 0:32,-125.0161708,-149.7545489,22.70984156,30.04995136,-147.373237,-43.40948905,22.26333899
6/7/2025 0:33,-125.1560552,-149.9817712,22.69699671,30.07728776,-147.5617394,-43.42563487,22.24526719
6/7/2025 0:34,-125.2900344,-150.2019968,22.68420947,30.10443353,-147.7434569,-43.44170496,22.2274059
6/7/2025 0:35,-125.4180986,-150.4151935,22.67148011,30.13138713,-147.9183674,-43.45769829,22.2097569
6/7/2025 0:36,-125.5402403,-150.6213321,22.65880891,30.15814707,-148.086451,-43.47361386,22.19232187
6/7/2025 0:37,-125.6564544,-150.8203857,22.64619612,30.18471191,-148.2476905,-43.48945071,22.17510243
6/7/2025 0:38,-125.7667381,-151.0123304,22.63364196,30.2110803,-148.4020714,-43.5052079,22.15810011
6/7/2025 0:39,-125.8710906,-151.1971446,22.62114664,30.23725092,-148.5495818,-43.52088456,22.14131638
6/7/2025 0:40,-125.9695138,-151.3748096,22.60871036,30.2632225,-148.6902122,-43.5364798,22.12475262
6/7/2025 0:41,-126.0620116,-151.5453095,22.59633329,30.28899386,-148.8239558,-43.55199282,22.10841011
6/7/2025 0:42,-126.1485902,-151.7086309,22.58401557,30.31456385,-148.9508085,-43.56742281,22.09229009
6/7/2025 0:43,-126.2292581,-151.8647631,22.57175734,30.3399314,-149.0707686,-43.58276902,22.07639368
6/7/2025 0:44,-126.3040263,-152.0136982,22.5595587,30.3650955,-149.1838372,-43.59803074,22.06072195
6/7/2025 0:45,-126.3729076,-152.1554308,22.54741976,30.39005519,-149.2900178,-43.61320727,22.04527587
6/7/2025 0:46,-126.4359175,-152.2899584,22.53534057,30.41480958,-149.3893166,-43.62829798,22.03005633
6/7/2025 0:47,-126.4930735,-152.4172812,22.52332119,30.43935784,-149.4817423,-43.64330226,22.01506414
6/7/2025 0:48,-126.5443954,-152.5374018,22.51136164,30.46369922,-149.5673064,-43.65821953,22.00030003
6/7/2025 0:49,-126.5899053,-152.6503257,22.49946194,30.487833,-149.6460227,-43.67304925,21.98576465
6/7/2025 0:50,-126.6296274,-152.7560611,22.48762207,30.51175856,-149.7179076,-43.68779094,21.97145854
6/7/2025 0:51,-126.6635882,-152.8546188,22.47584199,30.53547532,-149.7829803,-43.70244412,21.9573822
6/7/2025 0:52,-126.6918164,-152.9460123,22.46412164,30.55898278,-149.8412622,-43.71700838,21.943536
6/7/2025 0:53,-126.7143428,-153.0302576,22.45246096,30.58228051,-149.8927776,-43.73148333,21.92992025
6/7/2025 0:54,-126.7312006,-153.1073736,22.44085983,30.60536812,-149.937553,-43.74586862,21.91653519
6/7/2025 0:55,-126.7424249,-153.1773817,22.42931815,30.62824533,-149.9756176,-43.76016395,21.90338093
6/7/2025 0:56,-126.7480531,-153.2403059,22.41783576,30.65091188,-150.007003,-43.77436905,21.89045755
6/7/2025 0:57,-126.7481247,-153.2961729,22.4064125,30.67336761,-150.0317435,-43.78848368,21.87776499
6/7/2025 0:58,-126.7426813,-153.345012,22.39504819,30.69561241,-150.0498757,-43.80250765,21.86530315
6/7/2025 0:59,-126.7317667,-153.3868551,22.38374263,30.71764627,-150.0614386,-43.81644081,21.85307182
6/7/2025 1:00,-127.610045,-154.7143182,22.37183787,30.75198952,-151.2267504,-43.8523316,21.802172
6/7/2025 1:01,-127.5883274,-154.7422751,22.36064908,30.77360163,-151.2253019,-43.86608282,21.79040074
6/7/2025 1:02,-127.561282,-154.763347,22.34951827,30.7950031,-151.2174161,-43.879743,21.77885887
6/7/2025 1:03,-127.5289611,-154.7775761,22.33844515,30.81619417,-151.2031418,-43.89331214,21.76754585
6/7/2025 1:04,-127.4914184,-154.7850068,22.32742942,30.83717514,-151.1825301,-43.90679027,21.75646104
6/7/2025 1:05,-127.4487099,-154.7856865,22.31647072,30.85794641,-151.1556346,-43.92017748,21.74560373
6/7/2025 1:06,-127.4008936,-154.7796646,22.3055687,30.87850841,-151.1225111,-43.93347388,21.73497313
6/7/2025 1:07,-127.3480294,-154.7669932,22.29472298,30.89886168,-151.0832178,-43.94667963,21.72456835
6/7/2025 1:08,-127.290179,-154.747727,22.28393316,30.91900679,-151.0378152,-43.95979492,21.71438841
6/7/2025 1:09,-127.2274062,-154.7219227,22.27319881,30.93894441,-150.986366,-43.97281998,21.70443228
6/7/2025 1:10,-127.1597765,-154.6896397,22.26251949,30.95867528,-150.9289352,-43.98575509,21.69469882
6/7/2025 1:11,-127.0873574,-154.6509398,22.25189472,30.97820018,-150.86559,-43.99860055,21.6851868
6/7/2025 1:12,-127.010218,-154.605887,22.24132403,30.99751998,-150.7963998,-44.01135672,21.67589494
6/7/2025 1:13,-126.9284295,-154.5545476,22.2308069,31.01663563,-150.7214362,-44.02402398,21.66682183
6/7/2025 1:14,-126.8420646,-154.4969905,22.2203428,31.03554813,-150.6407729,-44.03660275,21.65796602
6/7/2025 1:15,-126.7511981,-154.4332865,22.20993117,31.05425856,-150.5544858,-44.0490935,21.64932597
6/7/2025 1:16,-126.655906,-154.3635088,22.19957146,31.07276807,-150.4626527,-44.06149673,21.64090003
6/7/2025 1:17,-126.5562664,-154.287733,22.18926306,31.09107786,-150.3653538,-44.07381297,21.63268651
6/7/2025 1:18,-126.452359,-154.2060366,22.17900535,31.10918923,-150.2626708,-44.0860428,21.62468361
6/7/2025 1:19,-126.344265,-154.1184994,22.16879772,31.12710352,-150.154688,-44.09818683,21.61688946
6/7/2025 1:20,-126.2320673,-154.0252033,22.15863949,31.14482216,-150.0414913,-44.11024571,21.60930213
6/7/2025 1:21,-126.1158502,-153.9262325,22.14853001,31.16234663,-149.9231686,-44.12222013,21.60191957
6/7/2025 1:22,-125.9956999,-153.8216729,22.13846856,31.1796785,-149.7998097,-44.1341108,21.59473969
6/7/2025 1:23,-125.8717036,-153.7116128,22.12845445,31.19681937,-149.6715063,-44.14591849,21.58776032
6/7/2025 1:24,-125.7439505,-153.5961422,22.11848693,31.21377095,-149.538352,-44.15764398,21.58097918
6/7/2025 1:25,-125.6125309,-153.4753534,22.10856526,31.23053498,-149.4004421,-44.16928811,21.57439395
6/7/2025 1:26,-125.4775365,-153.3493403,22.09868866,31.2471133,-149.2578737,-44.18085174,21.56800223
6/7/2025 1:27,-125.3390606,-153.2181989,22.08885634,31.26350778,-149.1107456,-44.19233577,21.56180153
6/7/2025 1:28,-125.1971977,-153.0820271,22.0790675,31.27972039,-148.9591583,-44.20374113,21.5557893
6/7/2025 1:29,-125.0520434,-152.9409245,22.06932131,31.29575313,-148.8032141,-44.21506879,21.54996292
6/7/2025 1:30,-124.903695,-152.7949926,22.05961691,31.3116081,-148.6430168,-44.22631975,21.54431969
6/7/2025 1:31,-124.7522506,-152.6443345,22.04995346,31.32728742,-148.4786717,-44.23749505,21.53885684
6/7/2025 1:32,-124.5978098,-152.4890553,22.04033007,31.34279332,-148.3102858,-44.24859576,21.53357154
6/7/2025 1:33,-124.4404733,-152.3292616,22.03074583,31.35812806,-148.1379675,-44.25962297,21.52846089
6/7/2025 1:34,-124.2803427,-152.1650615,22.02119985,31.37329396,-147.9618268,-44.27057781,21.52352191
6/7/2025 1:35,-124.117521,-151.9965651,22.01169118,31.38829343,-147.7819749,-44.28146146,21.51875156
6/7/2025 1:36,-123.9521119,-151.8238835,22.00221889,31.40312891,-147.5985245,-44.2922751,21.51414675
6/7/2025 1:37,-123.7842204,-151.6471299,21.992782,31.41780291,-147.4115898,-44.30301997,21.50970431
6/7/2025 1:38,-123.6139524,-151.4664186,21.98337954,31.43231801,-147.221286,-44.31369732,21.50542101
6/7/2025 1:39,-123.4414145,-151.2818655,21.97401052,31.44667682,-147.0277298,-44.32430843,21.50129355
6/7/2025 1:40,-123.2667145,-151.0935877,21.96467392,31.46088204,-146.831039,-44.33485462,21.49731859
6/7/2025 1:41,-123.0899608,-150.9017039,21.95536872,31.4749364,-146.6313326,-44.34533724,21.49349272
6/7/2025 1:42,-122.9112627,-150.7063341,21.94609389,31.4888427,-146.4287307,-44.35575765,21.48981246
6/7/2025 1:43,-122.7307303,-150.5075992,21.93684838,31.50260379,-146.2233545,-44.36611727,21.48627429
6/7/2025 1:44,-122.5484744,-150.3056217,21.92763111,31.51622257,-146.0153263,-44.37641751,21.48287463
6/7/2025 1:45,-122.3646064,-150.1005252,21.91844102,31.52970199,-145.8047693,-44.38665984,21.47960984
6/7/2025 1:46,-122.1792384,-149.8924343,21.909277,31.54304507,-145.5918076,-44.39684572,21.47647624
6/7/2025 1:47,-121.992483,-149.6814746,21.90013797,31.55625486,-145.3765663,-44.40697668,21.47347008
6/7/2025 1:48,-121.8044536,-149.4677731,21.89102279,31.56933447,-145.1591715,-44.41705424,21.47058757
6/7/2025 1:49,-121.6152639,-149.2514575,21.88193036,31.58228706,-144.9397498,-44.42707995,21.46782486
6/7/2025 1:50,-121.4250281,-149.0326564,21.87285953,31.59511582,-144.7184287,-44.4370554,21.46517808
6/7/2025 1:51,-121.2338607,-148.8114995,21.86380914,31.60782402,-144.4953365,-44.44698219,21.46264329
6/7/2025 1:52,-121.0418769,-148.5881171,21.85477806,31.62041493,-144.270602,-44.45686193,21.46021651
6/7/2025 1:53,-120.849192,-148.3626405,21.8457651,31.63289191,-144.0443548,-44.46669629,21.45789372
6/7/2025 1:54,-120.6559215,-148.1352016,21.83676909,31.64525833,-143.8167249,-44.47648693,21.45567085
6/7/2025 1:55,-120.4621815,-147.9059331,21.82778884,31.65751762,-143.587843,-44.48623554,21.4535438
6/7/2025 1:56,-120.2680879,-147.6749684,21.81882317,31.66967325,-143.35784,-44.49594381,21.45150842
6/7/2025 1:57,-120.0737571,-147.4424412,21.80987086,31.68172871,-143.1268476,-44.5056135,21.44956055
6/7/2025 1:58,-119.8793053,-147.2084862,21.80093071,31.69368755,-142.8949975,-44.51524633,21.44769595
6/7/2025 1:59,-119.684849,-146.9732381,21.79200151,31.70555336,-142.6624219,-44.52484408,21.44591039
6/7/2025 2:00,-120.3851232,-148.029414,21.78242433,31.72985006,-143.58953,-44.55645708,21.40530085
6/7/2025 2:01,-120.1910073,-147.7919864,21.77351334,31.74154067,-143.3559012,-44.56599001,21.40366048
6/7/2025 2:02,-119.9972362,-147.5536731,21.7646096,31.75314918,-143.121945,-44.57549326,21.40208619
6/7/2025 2:03,-119.8039261,-147.3146106,21.75571189,31.76467932,-142.8877945,-44.58496864,21.40057363
6/7/2025 2:04,-119.6111931,-147.0749354,21.74681895,31.77613483,-142.6535826,-44.594418,21.39911839
6/7/2025 2:05,-119.4191531,-146.8347844,21.73792954,31.78751949,-142.4194425,-44.60384319,21.39771607
6/7/2025 2:06,-119.2279219,-146.5942947,21.7290424,31.79883709,-142.1855073,-44.61324609,21.3963622
6/7/2025 2:07,-119.0376147,-146.3536032,21.72015629,31.81009147,-141.9519099,-44.62262858,21.39505234
6/7/2025 2:08,-118.8483466,-146.1128471,21.71126994,31.82128647,-141.7187833,-44.63199255,21.393782
6/7/2025 2:09,-118.6602322,-145.8721634,21.70238211,31.83242599,-141.48626,-44.64133991,21.39254667
6/7/2025 2:10,-118.4733858,-145.6316893,21.69349153,31.84351391,-141.2544728,-44.65067256,21.39134184
6/7/2025 2:11,-118.2879211,-145.3915616,21.68459693,31.85455417,-141.0235536,-44.65999243,21.39016298
6/7/2025 2:12,-118.1039513,-145.151917,21.67569707,31.86555069,-140.7936343,-44.66930145,21.38900556
6/7/2025 2:13,-117.9215892,-144.912892,21.66679067,31.87650743,-140.5648465,-44.67860156,21.387865
6/7/2025 2:14,-117.7409468,-144.6746229,21.65787649,31.88742838,-140.3373212,-44.6878947,21.38673676
6/7/2025 2:15,-117.5621356,-144.4372455,21.64895326,31.89831751,-140.111189,-44.69718283,21.38561627
6/7/2025 2:16,-117.3852661,-144.2008954,21.64001973,31.90917883,-139.8865799,-44.7064679,21.38449895
6/7/2025 2:17,-117.2104486,-143.9657076,21.63107464,31.92001636,-139.6636234,-44.71575187,21.38338022
6/7/2025 2:18,-117.0377921,-143.7318167,21.62211675,31.93083411,-139.4424483,-44.72503671,21.3822555
6/7/2025 2:19,-116.867405,-143.4993568,21.61314481,31.94163612,-139.2231827,-44.73432438,21.38112023
6/7/2025 2:20,-116.6993948,-143.2684613,21.60415757,31.95242643,-139.005954,-44.74361685,21.37996981
6/7/2025 2:21,-116.5338682,-143.039263,21.5951538,31.96320908,-138.790889,-44.75291609,21.37879969
6/7/2025 2:22,-116.3709307,-142.8118941,21.58613227,31.97398812,-138.5781133,-44.76222407,21.37760528
6/7/2025 2:23,-116.210687,-142.5864859,21.57709175,31.9847676,-138.3677519,-44.77154276,21.37638204
6/7/2025 2:24,-116.0532406,-142.363169,21.56803102,31.99555158,-138.1599288,-44.78087414,21.37512541
6/7/2025 2:25,-115.8986941,-142.1420732,21.55894887,32.00634409,-137.9547669,-44.79022015,21.37383086
6/7/2025 2:26,-115.7471488,-141.9233271,21.54984409,32.0171492,-137.7523882,-44.79958278,21.37249386
6/7/2025 2:27,-115.5987049,-141.7070589,21.54071549,32.02797095,-137.5529136,-44.80896397,21.3711099
6/7/2025 2:28,-115.4534614,-141.4933952,21.53156188,32.03881337,-137.3564629,-44.81836569,21.36967449
6/7/2025 2:29,-115.311516,-141.2824619,21.52238208,32.04968049,-137.1631545,-44.82778988,21.36818315
6/7/2025 2:30,-115.172965,-141.0743837,21.51317493,32.06057633,-136.973106,-44.83723849,21.36663143
6/7/2025 2:31,-115.0379036,-140.8692843,21.50393925,32.07150491,-136.7864333,-44.84671345,21.3650149
6/7/2025 2:32,-114.9064255,-140.6672858,21.49467392,32.08247022,-136.6032511,-44.85621669,21.36332914
6/7/2025 2:33,-114.7786229,-140.4685095,21.48537778,32.09347625,-136.423673,-44.86575014,21.36156979
6/7/2025 2:34,-114.6545866,-140.2730751,21.47604972,32.10452696,-136.2478108,-44.8753157,21.35973248
6/7/2025 2:35,-114.534406,-140.0811011,21.46668863,32.11562631,-136.075775,-44.88491527,21.3578129
6/7/2025 2:36,-114.4181687,-139.8927045,21.45729342,32.12677822,-135.9076746,-44.89455074,21.35580674
6/7/2025 2:37,-114.305961,-139.708001,21.44786299,32.13798661,-135.7436171,-44.904224,21.35370976
6/7/2025 2:38,-114.1978674,-139.5271045,21.43839628,32.14925536,-135.5837083,-44.9139369,21.35151773
6/7/2025 2:39,-114.0939709,-139.3501277,21.42889224,32.16058833,-135.4280523,-44.9236913,21.34922646
6/7/2025 2:40,-113.9943525,-139.1771816,21.41934983,32.17198938,-135.2767518,-44.93348904,21.34683181
6/7/2025 2:41,-113.8990918,-139.0083754,21.40976802,32.1834623,-135.1299073,-44.94333193,21.34432967
6/7/2025 2:42,-113.8082665,-138.8438169,21.40014582,32.19501088,-134.987618,-44.95322178,21.34171597
6/7/2025 2:43,-113.7219525,-138.6836118,21.39048223,32.20663886,-134.849981,-44.96316038,21.3389867
6/7/2025 2:44,-113.6402238,-138.5278644,21.3807763,32.21834997,-134.7170915,-44.97314951,21.33613789
6/7/2025 2:45,-113.5631526,-138.3766769,21.37102705,32.23014789,-134.5890429,-44.98319092,21.33316561
6/7/2025 2:46,-113.4908091,-138.2301498,21.36123357,32.24203626,-134.4659267,-44.99328633,21.33006598
6/7/2025 2:47,-113.4232617,-138.0883817,21.35139495,32.25401871,-134.3478324,-45.00343748,21.32683518
6/7/2025 2:48,-113.3605766,-137.951469,21.34151028,32.26609878,-134.2348472,-45.01364604,21.32346944
6/7/2025 2:49,-113.3028182,-137.8195065,21.3315787,32.27828002,-134.1270566,-45.0239137,21.31996505
6/7/2025 2:50,-113.2500487,-137.6925865,21.32159936,32.29056592,-134.0245437,-45.03424211,21.31631835
6/7/2025 2:51,-113.2023283,-137.5707997,21.31157143,32.30295991,-133.9273896,-45.04463289,21.31252573
6/7/2025 2:52,-113.1597151,-137.4542343,21.30149411,32.3154654,-133.8356732,-45.05508765,21.30858366
6/7/2025 2:53,-113.122265,-137.3429765,21.2913666,32.32808572,-133.7494712,-45.06560797,21.30448866
6/7/2025 2:54,-113.0900316,-137.2371102,21.28118816,32.34082419,-133.6688578,-45.0761954,21.30023732
6/7/2025 2:55,-113.0630667,-137.1367172,21.27095804,32.35368405,-133.5939052,-45.08685147,21.29582628
6/7/2025 2:56,-113.0414194,-137.041877,21.26067553,32.3666685,-133.524683,-45.09757769,21.29125227
6/7/2025 2:57,-113.0251367,-136.9526666,21.25033996,32.37978069,-133.4612587,-45.10837553,21.28651207
6/7/2025 2:58,-113.0142635,-136.8691608,21.23995064,32.39302369,-133.4036971,-45.11924644,21.28160254
6/7/2025 2:59,-113.0088422,-136.7914319,21.22950696,32.40640054,-133.3520607,-45.13019184,21.27652061
6/7/2025 3:00,-113.9035312,-138.0121316,21.2183506,32.43243455,-134.4666861,-45.16326167,21.23236456
6/7/2025 3:01,-113.9091314,-137.9461639,21.20779637,32.44608796,-134.4270778,-45.17436018,21.22692891
6/7/2025 3:02,-113.9202966,-137.8861756,21.19718603,32.45988395,-134.393567,-45.18553726,21.22131208
6/7/2025 3:03,-113.9370596,-137.8322289,21.18651905,32.47382531,-134.3662063,-45.19679421,21.21551133
6/7/2025 3:04,-113.9594508,-137.7843838,21.17579492,32.48791476,-134.3450454,-45.20813228,21.20952395
6/7/2025 3:05,-113.9874982,-137.7426974,21.16501318,32.50215496,-134.3301314,-45.21955272,21.20334733
6/7/2025 3:06,-114.0212273,-137.7072244,21.15417339,32.51654848,-134.3215087,-45.23105672,21.19697896
6/7/2025 3:07,-114.0606611,-137.6780166,21.14327514,32.53109786,-134.3192191,-45.24264545,21.1904164
6/7/2025 3:08,-114.1058198,-137.6551234,21.13231804,32.54580553,-134.3233016,-45.25432005,21.18365729
6/7/2025 3:09,-114.1567214,-137.638591,21.12130175,32.56067386,-134.3337925,-45.26608159,21.17669936
6/7/2025 3:10,-114.2133812,-137.6284634,21.11022594,32.57570517,-134.3507251,-45.27793116,21.16954043
6/7/2025 3:11,-114.2758118,-137.6247813,21.09909033,32.59090166,-134.3741303,-45.28986977,21.16217841
6/7/2025 3:12,-114.3440232,-137.627583,21.08789466,32.6062655,-134.4040359,-45.3018984,21.15461132
6/7/2025 3:13,-114.4180229,-137.6369036,21.07663872,32.62179875,-134.4404668,-45.31401802,21.14683723
6/7/2025 3:14,-114.4978156,-137.6527756,21.0653223,32.6375034,-134.4834451,-45.32622953,21.13885434
6/7/2025 3:15,-114.5834034,-137.6752285,21.05394524,32.65338136,-134.5329901,-45.3385338,21.13066093
6/7/2025 3:16,-114.6747857,-137.7042888,21.04250743,32.66943446,-134.589118,-45.35093167,21.12225538
6/7/2025 3:17,-114.7719592,-137.7399802,21.03100878,32.68566444,-134.6518421,-45.36342393,21.11363617
6/7/2025 3:18,-114.8749179,-137.7823233,21.01944922,32.70207297,-134.7211729,-45.37601135,21.10480187
6/7/2025 3:19,-114.9836531,-137.8313358,21.00782874,32.7186616,-134.7971177,-45.38869463,21.09575116
6/7/2025 3:20,-115.0981533,-137.8870322,20.99614734,32.73543184,-134.8796808,-45.40147444,21.08648282
6/7/2025 3:21,-115.2184042,-137.9494243,20.98440508,32.75238508,-134.9688637,-45.41435142,21.07699572
6/7/2025 3:22,-115.3443888,-138.0185207,20.97260203,32.76952262,-135.0646646,-45.42732616,21.06728886
6/7/2025 3:23,-115.4760874,-138.0943267,20.96073832,32.78684568,-135.1670788,-45.4403992,21.0573613
6/7/2025 3:24,-115.6134773,-138.1768448,20.9488141,32.80435539,-135.2760986,-45.45357106,21.04721226
6/7/2025 3:25,-115.7565333,-138.2660742,20.93682956,32.82205277,-135.3917129,-45.46684218,21.03684102
6/7/2025 3:26,-115.9052273,-138.3620112,20.92478494,32.83993877,-135.5139078,-45.48021299,21.02624699
6/7/2025 3:27,-116.0595281,-138.4646488,20.91268049,32.85801422,-135.6426662,-45.49368387,21.01542969
6/7/2025 3:28,-116.2194021,-138.5739768,20.90051652,32.87627988,-135.7779679,-45.50725513,21.00438874
6/7/2025 3:29,-116.3848126,-138.689982,20.88829337,32.89473638,-135.9197895,-45.52092707,20.99312388
6/7/2025 3:30,-116.5557203,-138.8126478,20.87601142,32.91338427,-136.0681046,-45.53469992,20.98163495
6/7/2025 3:31,-116.7320829,-138.9419547,20.86367109,32.932224,-136.2228834,-45.54857389,20.96992192
6/7/2025 3:32,-116.9138553,-139.0778797,20.85127282,32.95125593,-136.3840931,-45.56254911,20.95798484
6/7/2025 3:33,-117.1009896,-139.2203968,20.83881711,32.97048029,-136.5516979,-45.57662568,20.94582392
6/7/2025 3:34,-117.293435,-139.3694766,20.82630449,32.98989723,-136.7256585,-45.59080368,20.93343943
6/7/2025 3:35,-117.491138,-139.5250867,20.81373553,33.00950678,-136.9059325,-45.60508309,20.92083181
6/7/2025 3:36,-117.6940422,-139.6871913,20.80111085,33.0293089,-137.0924746,-45.61946389,20.90800158
6/7/2025 3:37,-117.9020883,-139.8557513,20.78843109,33.04930339,-137.2852359,-45.63394599,20.89494938
6/7/2025 3:38,-118.1152142,-140.0307246,20.77569693,33.06949,-137.4841646,-45.64852926,20.88167598
6/7/2025 3:39,-118.3333551,-140.2120655,20.76290911,33.08986833,-137.6892056,-45.66321351,20.86818226
6/7/2025 3:40,-118.5564431,-140.3997254,20.7500684,33.1104379,-137.9003007,-45.67799853,20.85446921
6/7/2025 3:41,-118.7844077,-140.5936523,20.73717559,33.13119811,-138.1173883,-45.69288403,20.84053797
6/7/2025 3:42,-119.0171756,-140.7937908,20.72423155,33.15214824,-138.3404038,-45.7078697,20.82638975
6/7/2025 3:43,-119.2546705,-141.0000825,20.71123714,33.17328749,-138.5692794,-45.72295515,20.81202593
6/7/2025 3:44,-119.4968135,-141.2124655,20.69819332,33.19461493,-138.803944,-45.73813997,20.79744797
6/7/2025 3:45,-119.7435228,-141.4308747,20.68510103,33.21612951,-139.0443235,-45.75342369,20.78265748
6/7/2025 3:46,-119.9947137,-141.655242,20.67196129,33.23783009,-139.2903404,-45.7688058,20.76765618
6/7/2025 3:47,-120.2502991,-141.8854957,20.65877514,33.2597154,-139.5419141,-45.78428572,20.75244589
6/7/2025 3:48,-120.5101887,-142.121561,20.64554368,33.28178407,-139.7989611,-45.79986284,20.73702859
6/7/2025 3:49,-120.7742896,-142.3633598,20.63226804,33.30403462,-140.0613942,-45.81553651,20.72140635
6/7/2025 3:50,-121.0425063,-142.610811,20.61894938,33.32646543,-140.3291237,-45.831306,20.70558139
6/7/2025 3:51,-121.3147404,-142.8638299,20.60558892,33.34907481,-140.6020561,-45.84717055,20.68955602
6/7/2025 3:52,-121.5908909,-143.1223289,20.5921879,33.3718609,-140.8800954,-45.86312936,20.6733327
6/7/2025 3:53,-121.8708538,-143.386217,20.57874761,33.39482178,-141.1631419,-45.87918157,20.656914
6/7/2025 3:54,-122.1545229,-143.6554,20.5652694,33.41795537,-141.4510933,-45.89532626,20.64030261
6/7/2025 3:55,-122.4417889,-143.9297807,20.55175463,33.44125952,-141.7438439,-45.91156249,20.62350135
6/7/2025 3:56,-122.7325401,-144.2092584,20.53820471,33.46473191,-142.041285,-45.92788924,20.60651315
6/7/2025 3:57,-123.0266619,-144.4937296,20.5246211,33.48837016,-142.3433048,-45.94430546,20.58934108
6/7/2025 3:58,-123.3240375,-144.7830874,20.51100528,33.51217173,-142.6497886,-45.96081005,20.57198833
6/7/2025 3:59,-123.624547,-145.0772218,20.4973588,33.53613398,-142.9606184,-45.97740186,20.55445819
6/7/2025 4:00,-124.8226867,-146.6686013,20.48302553,33.57277449,-144.43595,-46.01612825,20.49785538
6/7/2025 4:01,-125.1290949,-146.9719466,20.46932248,33.59704974,-144.7551064,-46.03289085,20.47998088
6/7/2025 4:02,-125.4382627,-147.2797199,20.4555936,33.62147705,-145.0782374,-46.04973692,20.46193965
6/7/2025 4:03,-125.7500603,-147.5917988,20.44184058,33.64605333,-145.4052132,-46.06666513,20.44373548
6/7/2025 4:04,-126.0643552,-147.9080581,20.42806517,33.67077535,-145.735901,-46.08367408,20.42537229
6/7/2025 4:05,-126.3810126,-148.2283691,20.41426912,33.69563977,-146.0701652,-46.10076233,20.4068541
6/7/2025 4:06,-126.6998952,-148.5526006,20.40045426,33.72064314,-146.4078673,-46.1179284,20.38818508
6/7/2025 4:07,-127.0208634,-148.880618,20.38662243,33.74578189,-146.7488659,-46.13517075,20.3693695
6/7/2025 4:08,-127.3437751,-149.2122839,20.37277552,33.77105233,-147.0930167,-46.15248781,20.35041176
6/7/2025 4:09,-127.6684857,-149.5474581,20.35891546,33.79645066,-147.4401728,-46.16987794,20.33131638
6/7/2025 4:10,-127.9948484,-149.8859972,20.34504421,33.82197295,-147.7901843,-46.18733949,20.31208798
6/7/2025 4:11,-128.3227141,-150.2277551,20.33116378,33.84761517,-148.1428985,-46.20487072,20.29273132
6/7/2025 4:12,-128.6519314,-150.5725828,20.31727621,33.87337318,-148.4981602,-46.22246987,20.27325126
6/7/2025 4:13,-128.9823465,-150.9203284,20.30338359,33.89924269,-148.8558113,-46.24013514,20.2536528
6/7/2025 4:14,-129.3138037,-151.2708373,20.28948802,33.92521935,-149.2156911,-46.25786468,20.23394104
6/7/2025 4:15,-129.6461447,-151.623952,20.27559166,33.95129864,-149.5776362,-46.27565658,20.21412119
6/7/2025 4:16,-129.9792094,-151.9795124,20.26169671,33.97747596,-149.9414806,-46.2935089,20.19419859
6/7/2025 4:17,-130.3128352,-152.3373556,20.24780539,34.0037466,-150.3070557,-46.31141965,20.17417869
6/7/2025 4:18,-130.6468578,-152.6973159,20.23391997,34.0301057,-150.6741905,-46.32938681,20.15406705
6/7/2025 4:19,-130.9811105,-153.0592251,20.22004274,34.05654833,-151.0427114,-46.34740831,20.13386934
6/7/2025 4:20,-131.3154247,-153.4229123,20.20617605,34.08306943,-151.4124421,-46.36548203,20.11359135
6/7/2025 4:21,-131.6496298,-153.7882041,20.19232225,34.10966382,-151.7832042,-46.38360581,20.09323897
6/7/2025 4:22,-131.9835533,-154.1549245,20.17848376,34.13632623,-152.1548166,-46.40177746,20.07281822
6/7/2025 4:23,-132.3170207,-154.5228949,20.16466302,34.16305126,-152.527096,-46.41999473,20.0523352
6/7/2025 4:24,-132.6498555,-154.8919343,20.15086249,34.18983341,-152.8998567,-46.43825536,20.03179614
6/7/2025 4:25,-132.9818797,-155.2618592,20.1370847,34.21666707,-153.2729108,-46.456557,20.01120737
6/7/2025 4:26,-133.312913,-155.6324838,20.12333217,34.24354652,-153.646068,-46.47489732,19.99057533
6/7/2025 4:27,-133.6427737,-156.0036199,20.10960748,34.27046595,-154.0191358,-46.49327391,19.96990656
6/7/2025 4:28,-133.9712782,-156.3750768,20.09591325,34.29741941,-154.3919195,-46.51168434,19.9492077
6/7/2025 4:29,-134.2982413,-156.7466618,20.08225209,34.32440087,-154.7642224,-46.53012612,19.9284855
6/7/2025 4:30,-134.623476,-157.1181797,20.06862669,34.35140419,-155.1358456,-46.54859675,19.90774682
6/7/2025 4:31,-134.9467938,-157.4894332,20.05503974,34.37842313,-155.5065881,-46.56709369,19.88699859
6/7/2025 4:32,-135.2680046,-157.8602229,20.04149398,34.40545134,-155.876247,-46.58561435,19.86624786
6/7/2025 4:33,-135.5869167,-158.2303471,20.02799216,34.43248236,-156.2446173,-46.6041561,19.84550179
6/7/2025 4:34,-135.903337,-158.5996022,20.01453707,34.45950966,-156.6114922,-46.62271631,19.82476761
6/7/2025 4:35,-136.2170709,-158.9677825,20.00113154,34.48652658,-156.976663,-46.64129227,19.80405266
6/7/2025 4:36,-136.5279224,-159.3346802,19.9877784,34.51352637,-157.339919,-46.65988127,19.78336438
6/7/2025 4:37,-136.8356942,-159.7000858,19.97448055,34.54050219,-157.7010479,-46.67848056,19.76271027
6/7/2025 4:38,-137.1401874,-160.0637876,19.96124087,34.5674471,-158.0598356,-46.69708734,19.74209795
6/7/2025 4:39,-137.4412023,-160.4255724,19.94806229,34.59435406,-158.4160663,-46.71569881,19.72153513
6/7/2025 4:40,-137.7385376,-160.7852248,19.93494778,34.62121594,-158.7695225,-46.73431211,19.7010296
6/7/2025 4:41,-138.0319909,-161.1425281,19.92190032,34.64802552,-159.1199852,-46.75292437,19.68058923
6/7/2025 4:42,-138.3213587,-161.4972634,19.9089229,34.67477549,-159.4672337,-46.77153269,19.66022198
6/7/2025 4:43,-138.6064365,-161.8492105,19.89601857,34.70145844,-159.811046,-46.79013412,19.63993589
6/7/2025 4:44,-138.8870185,-162.1981475,19.88319037,34.72806688,-160.1511986,-46.80872571,19.6197391
6/7/2025 4:45,-139.1628981,-162.5438508,19.87044138,34.75459324,-160.4874663,-46.82730447,19.59963979
6/7/2025 4:46,-139.4338677,-162.8860955,19.85777471,34.78102983,-160.8196229,-46.84586739,19.57964627
6/7/2025 4:47,-139.6997189,-163.2246552,19.84519347,34.80736893,-161.1474409,-46.86441142,19.55976687
6/7/2025 4:48,-139.9602421,-163.5593019,19.83270081,34.83360269,-161.4706912,-46.88293349,19.54001004
6/7/2025 4:49,-140.2152274,-163.8898065,19.8202999,34.85972319,-161.7891439,-46.90143054,19.52038429
6/7/2025 4:50,-140.4644637,-164.2159385,19.80799392,34.88572246,-162.1025678,-46.91989943,19.50089819
6/7/2025 4:51,-140.7077394,-164.5374661,19.79578606,34.9115924,-162.4107305,-46.93833705,19.48156038
6/7/2025 4:52,-140.9448422,-164.8541563,19.78367957,34.93732488,-162.7133987,-46.95674023,19.46237959
6/7/2025 4:53,-141.1755592,-165.1657751,19.77167767,34.96291167,-163.0103381,-46.97510581,19.44336458
6/7/2025 4:54,-141.3996769,-165.4720874,19.75978362,34.98834447,-163.3013134,-46.9934306,19.42452421
6/7/2025 4:55,-141.6169814,-165.7728568,19.74800069,35.01361491,-163.5860886,-47.01171138,19.40586738
6/7/2025 4:56,-141.8272581,-166.0678462,19.73633219,35.03871455,-163.8644265,-47.02994492,19.38740304
6/7/2025 4:57,-142.0302922,-166.3568175,19.72478141,35.06363489,-164.1360896,-47.04812798,19.36914024
6/7/2025 4:58,-142.2258686,-166.6395318,19.71335167,35.08836734,-164.4008395,-47.0662573,19.35108804
6/7/2025 4:59,-142.4137716,-166.9157493,19.70204631,35.11290326,-164.6584369,-47.08432961,19.33325557
6/7/2025 5:00,-143.488404,-168.477811,19.69021097,35.14975429,-166.0689188,-47.12439017,19.27675331
6/7/2025 5:01,-143.6603128,-168.7403125,19.67916441,35.173871,-166.3114918,-47.14233857,19.25938793
6/7/2025 5:02,-143.8239003,-168.9955936,19.6682523,35.19776489,-166.5461919,-47.16022005,19.24226998
6/7/2025 5:03,-143.9789504,-169.2434118,19.65747803,35.22142707,-166.7727778,-47.17803128,19.2254088
6/7/2025 5:04,-144.1252466,-169.4835241,19.64684497,35.24484862,-166.9910081,-47.19576894,19.20881375
6/7/2025 5:05,-144.2625726,-169.7156872,19.63635654,35.26802054,-167.2006409,-47.21342967,19.19249427
6/7/2025 5:06,-144.3907123,-169.9396572,19.62601614,35.29093377,-167.4014341,-47.23101013,19.17645978
6/7/2025 5:07,-144.5094494,-170.1551899,19.61582719,35.31357924,-167.5931454,-47.24850695,19.16071979
6/7/2025 5:08,-144.618568,-170.3620408,19.60579311,35.33594779,-167.7755325,-47.26591677,19.14528383
6/7/2025 5:09,-144.7178522,-170.5599653,19.59591732,35.35803024,-167.9483528,-47.28323622,19.13016144
6/7/2025 5:10,-144.8070866,-170.7487184,19.58620327,35.37981735,-168.1113637,-47.30046192,19.11536222
6/7/2025 5:11,-144.8860558,-170.9280552,19.57665439,35.40129984,-168.2643227,-47.3175905,19.1008958
6/7/2025 5:12,-144.9545451,-171.0977306,19.56727412,35.4224684,-168.4069875,-47.33461857,19.0867718
6/7/2025 5:13,-145.0123399,-171.2574997,19.5580659,35.44331369,-168.5391158,-47.35154276,19.0729999
6/7/2025 5:14,-145.0592264,-171.4071173,19.54903319,35.46382629,-168.6604654,-47.36835967,19.0595898
6/7/2025 5:15,-145.0949909,-171.5463387,19.54017944,35.4839968,-168.7707946,-47.38506593,19.0465512
6/7/2025 5:16,-145.1194207,-171.6749192,19.53150808,35.50381576,-168.8698619,-47.40165816,19.03389382
6/7/2025 5:17,-145.1323035,-171.7926143,19.52302257,35.52327368,-168.9574262,-47.41813297,19.02162742
6/7/2025 5:18,-145.1334277,-171.89918,19.51472635,35.54236105,-169.0332468,-47.434487,19.00976175
6/7/2025 5:19,-145.1225824,-171.9943725,19.50662288,35.56106833,-169.0970837,-47.45071688,18.99830657
6/7/2025 5:20,-145.0995575,-172.0779485,19.49871558,35.57938596,-169.1486971,-47.46681925,18.98727165
6/7/2025 5:21,-145.0641438,-172.149665,19.4910079,35.59730436,-169.1878481,-47.48279074,18.97666679
6/7/2025 5:22,-145.0161329,-172.2092799,19.48350327,35.61481392,-169.2142983,-47.498628,18.96650175
6/7/2025 5:23,-144.9553173,-172.2565513,19.47620511,35.63190504,-169.2278103,-47.51432771,18.95678634
6/7/2025 5:24,-144.8814907,-172.2912382,19.46911685,35.64856807,-169.2281471,-47.52988652,18.94753032
6/7/2025 5:25,-144.7944475,-172.3131004,19.46224191,35.66479338,-169.2150729,-47.54530112,18.93874348
6/7/2025 5:26,-144.6939835,-172.3218982,19.45558368,35.6805713,-169.1883527,-47.5605682,18.9304356
6/7/2025 5:27,-144.5798954,-172.3173929,19.44914556,35.69589219,-169.1477522,-47.57568447,18.92261644
6/7/2025 5:28,-144.4519813,-172.2993468,19.44293095,35.71074636,-169.0930385,-47.59064664,18.91529576
6/7/2025 5:29,-144.3100403,-172.2675229,19.43694321,35.72512416,-169.0239797,-47.60545144,18.90848329
6/7/2025 5:30,-144.1538729,-172.2216855,19.43118571,35.73901591,-168.9403447,-47.62009564,18.90218877
6/7/2025 5:31,-143.9832811,-172.1615997,19.4256618,35.75241195,-168.8419041,-47.63457599,18.89642191
6/7/2025 5:32,-143.7980681,-172.0870319,19.42037483,35.7653026,-168.7284295,-47.64888927,18.89119239
6/7/2025 5:33,-143.5980384,-171.9977498,19.41532811,35.77767821,-168.5996936,-47.6630323,18.88650988
6/7/2025 5:34,-143.3829984,-171.893522,19.41052496,35.78952913,-168.4554709,-47.67700189,18.88238403
6/7/2025 5:35,-143.1527557,-171.7741188,19.40596867,35.80084572,-168.2955369,-47.69079488,18.87882445
6/7/2025 5:36,-142.9071195,-171.6393115,19.40166253,35.81161836,-168.1196689,-47.70440815,18.87584073
6/7/2025 5:37,-142.6459007,-171.4888732,19.39760978,35.82183743,-167.9276456,-47.71783859,18.87344241
6/7/2025 5:38,-142.368912,-171.3225781,19.39381368,35.83149333,-167.7192472,-47.7310831,18.87163902
6/7/2025 5:39,-142.0759676,-171.1402023,19.39027744,35.84057651,-167.4942557,-47.74413862,18.87044004
6/7/2025 5:40,-141.7668836,-170.9415232,19.38700427,35.8490774,-167.2524547,-47.75700212,18.86985492
6/7/2025 5:41,-141.441478,-170.72632,19.38399735,35.85698648,-166.9936295,-47.76967058,18.86989304
6/7/2025 5:42,-141.0995704,-170.4943736,19.38125984,35.86429426,-166.7175674,-47.78214103,18.87056378
6/7/2025 5:43,-140.7409825,-170.2454666,19.37879488,35.87099126,-166.4240574,-47.79441051,18.87187645
6/7/2025 5:44,-140.365538,-169.9793834,19.37660558,35.87706805,-166.1128904,-47.80647609,18.8738403
6/7/2025 5:45,-139.9730625,-169.6959104,19.37469504,35.88251523,-165.7838594,-47.81833489,18.87646455
6/7/2025 5:46,-139.5633837,-169.3948358,19.37306632,35.88732342,-165.4367592,-47.82998405,18.87975836
6/7/2025 5:47,-139.1363312,-169.0759498,19.37172245,35.89148331,-165.0713869,-47.84142072,18.88373083
6/7/2025 5:48,-138.6917371,-168.7390447,19.37066645,35.89498561,-164.6875416,-47.85264213,18.88839101
6/7/2025 5:49,-138.2294353,-168.3839149,19.36990132,35.89782108,-164.2850246,-47.86364551,18.89374788
6/7/2025 5:50,-137.7492622,-168.0103567,19.36942999,35.89998052,-163.8636394,-47.87442813,18.89981037
6/7/2025 5:51,-137.2510562,-167.618169,19.36925541,35.90145478,-163.4231917,-47.8849873,18.90658732
6/7/2025 5:52,-136.7346584,-167.2071525,19.36938046,35.90223477,-162.9634897,-47.89532038,18.91408754
6/7/2025 5:53,-136.1999117,-166.7771105,19.36980803,35.90231144,-162.4843438,-47.90542474,18.92231974
6/7/2025 5:54,-135.6466619,-166.3278485,19.37054093,35.9016758,-161.985567,-47.91529782,18.93129258
6/7/2025 5:55,-135.0747568,-165.8591746,19.37158198,35.90031893,-161.4669746,-47.92493708,18.94101462
6/7/2025 5:56,-134.484047,-165.370899,19.37293395,35.89823195,-160.9283845,-47.93434003,18.95149438
6/7/2025 5:57,-133.8743855,-164.8628347,19.37459957,35.89540606,-160.369617,-47.9435042,18.96274026
6/7/2025 5:58,-133.2456276,-164.3347971,19.37658154,35.8918325,-159.7904954,-47.9524272,18.97476061
6/7/2025 5:59,-132.5976316,-163.7866041,19.37888253,35.88750261,-159.1908451,-47.96110666,18.98756369
6/7/2025 6:00,-132.8248766,-164.5106581,19.38084748,35.8949281,-159.7307713,-47.9915888,18.96225895
6/7/2025 6:01,-132.1379889,-163.9216192,19.38379436,35.88905977,-159.089552,-47.99977425,18.97665191
6/7/2025 6:02,-131.4314531,-163.311895,19.38706805,35.8824095,-158.4272976,-48.00770931,18.99185185
6/7/2025 6:03,-130.705138,-162.6813145,19.39067105,35.8749689,-157.7438449,-48.01539182,19.00786668
6/7/2025 6:04,-129.958915,-162.0297091,19.39460584,35.86672964,-157.0390335,-48.02281962,19.02470421
6/7/2025 6:05,-129.1926585,-161.3569135,19.39887487,35.85768351,-156.3127061,-48.02999064,19.04237215
6/7/2025 6:06,-128.4062457,-160.6627651,19.40348053,35.84782236,-155.5647081,-48.03690282,19.06087812
6/7/2025 6:07,-127.5995564,-159.9471043,19.40842517,35.83713813,-154.7948879,-48.04355419,19.08022964
6/7/2025 6:08,-126.7724737,-159.2097744,19.41371111,35.82562283,-154.0030973,-48.04994279,19.10043412
6/7/2025 6:09,-125.9248832,-158.4506219,19.41934063,35.81326858,-153.1891907,-48.05606673,19.12149888
6/7/2025 6:10,-125.0566738,-157.6694963,19.42531594,35.80006758,-152.353026,-48.06192419,19.14343112
6/7/2025 6:11,-124.1677372,-156.8662501,19.43163923,35.78601214,-151.4944641,-48.06751337,19.16623795
6/7/2025 6:12,-123.2579682,-156.0407391,19.43831265,35.77109463,-150.6133689,-48.07283254,19.18992635
6/7/2025 6:13,-122.3272646,-155.1928223,19.44533828,35.75530756,-149.7096079,-48.07788003,19.21450319
6/7/2025 6:14,-121.3755272,-154.3223619,19.45271818,35.73864351,-148.7830517,-48.0826542,19.23997525
6/7/2025 6:15,-120.40266,-153.4292233,19.46045434,35.72109517,-147.833574,-48.0871535,19.26634917
6/7/2025 6:16,-119.4085701,-152.5132752,19.46854872,35.70265533,-146.8610523,-48.09137641,19.29363148
6/7/2025 6:17,-118.3931678,-151.5743899,19.47700322,35.6833169,-145.8653669,-48.09532147,19.3218286
6/7/2025 6:18,-117.3563664,-150.6124427,19.48581971,35.66307287,-144.8464019,-48.09898729,19.35094681
6/7/2025 6:19,-116.2980825,-149.6273125,19.49499998,35.64191636,-143.8040447,-48.10237252,19.38099228
6/7/2025 6:20,-115.2182361,-148.6188817,19.5045458,35.61984061,-142.7381862,-48.10547588,19.41197106
6/7/2025 6:21,-114.1167502,-147.5870362,19.51445887,35.59683894,-141.6487208,-48.10829615,19.44388906
6/7/2025 6:22,-112.9935511,-146.5316651,19.52474086,35.57290482,-140.5355463,-48.11083216,19.47675208
6/7/2025 6:23,-111.8485684,-145.4526614,19.53539337,35.54803181,-139.3985643,-48.1130828,19.51056577
6/7/2025 6:24,-110.6817352,-144.3499215,19.54641795,35.52221361,-138.2376796,-48.11504704,19.54533566
6/7/2025 6:25,-109.4929877,-143.2233454,19.5578161,35.49544403,-137.052801,-48.11672389,19.58106715
6/7/2025 6:26,-108.2822655,-142.0728368,19.56958928,35.467717,-135.8438407,-48.11811243,19.6177655
6/7/2025 6:27,-107.0495117,-140.898303,19.58173887,35.43902657,-134.6107146,-48.1192118,19.65543584
6/7/2025 6:28,-105.7946726,-139.699655,19.59426621,35.40936694,-133.3533424,-48.1200212,19.69408314
6/7/2025 6:29,-104.5176979,-138.4768074,19.6071726,35.37873242,-132.0716473,-48.12053989,19.73371227
6/7/2025 6:30,-103.218541,-137.2296787,19.62045927,35.34711744,-130.7655564,-48.12076721,19.77432793
6/7/2025 6:31,-101.8971584,-135.9581911,19.63412738,35.31451657,-129.4350004,-48.12070254,19.81593469
6/7/2025 6:32,-100.5535102,-134.6622705,19.64817806,35.28092452,-128.079914,-48.12034534,19.85853697
6/7/2025 6:33,-99.18755997,-133.3418467,19.66261237,35.24633614,-126.7002354,-48.11969514,19.90213905
6/7/2025 6:34,-97.79927469,-131.9968532,19.67743133,35.21074638,-125.2959069,-48.11875152,19.94674506
6/7/2025 6:35,-96.38862489,-130.6272276,19.69263587,35.17415037,-123.8668744,-48.11751412,19.99235898
6/7/2025 6:36,-94.95558455,-129.232911,19.70822689,35.13654335,-122.4130878,-48.11598267,20.03898466
6/7/2025 6:37,-93.50013119,-127.8138488,19.72420522,35.09792071,-120.9345008,-48.11415694,20.08662578
6/7/2025 6:38,-92.02224583,-126.3699898,19.74057164,35.05827799,-119.4310709,-48.11203678,20.13528587
6/7/2025 6:39,-90.52191299,-124.9012872,19.75732687,35.01761086,-117.9027597,-48.10962211,20.18496832
6/7/2025 6:40,-88.99912078,-123.4076978,19.77447156,34.97591515,-116.3495325,-48.1069129,20.23567637
6/7/2025 6:41,-87.45386081,-121.8891825,19.79200631,34.93318681,-114.7713587,-48.10390921,20.28741307
6/7/2025 6:42,-85.88612823,-120.3457061,19.80993167,34.88942195,-113.1682115,-48.10061113,20.34018136
6/7/2025 6:43,-84.29592179,-118.7772375,19.8282481,34.84461686,-111.5400681,-48.09701887,20.393984
6/7/2025 6:44,-82.68324374,-117.1837494,19.84695602,34.79876792,-109.8869096,-48.09313265,20.4488236
6/7/2025 6:45,-81.04809993,-115.5652185,19.8660558,34.75187171,-108.2087212,-48.08895281,20.5047026
6/7/2025 6:46,-79.39049975,-113.9216258,19.88554774,34.70392494,-106.5054919,-48.08447971,20.56162328
6/7/2025 6:47,-77.71045616,-112.252956,19.90543205,34.65492448,-104.7772148,-48.07971382,20.61958779
6/7/2025 6:48,-76.00798571,-110.5591979,19.92570893,34.60486735,-103.023887,-48.07465564,20.67859808
6/7/2025 6:49,-74.28310848,-108.8403444,19.94637848,34.55375073,-101.2455095,-48.06930577,20.73865596
6/7/2025 6:50,-72.53584814,-107.0963925,19.96744076,34.50157195,-99.44208742,-48.06366485,20.79976306
6/7/2025 6:51,-70.76623193,-105.327343,19.98889575,34.4483285,-97.61362974,-48.05773362,20.86192088
6/7/2025 6:52,-68.97429062,-103.533201,20.01074338,34.39401804,-95.76014952,-48.05151286,20.92513072
6/7/2025 6:53,-67.1600586,-101.7139756,20.03298352,34.33863838,-93.88166388,-48.04500342,20.98939374
6/7/2025 6:54,-65.32357377,-99.86967979,20.05561597,34.28218749,-91.97819386,-48.03820624,21.05471091
6/7/2025 6:55,-63.46487758,-98.00033086,20.07864046,34.22466349,-90.04976454,-48.03112231,21.12108305
6/7/2025 6:56,-61.58401507,-96.10595002,20.10205668,34.16606469,-88.09640505,-48.02375268,21.18851082
6/7/2025 6:57,-59.68103479,-94.18656256,20.12586423,34.10638954,-86.11814846,-48.01609849,21.2569947
6/7/2025 6:58,-57.75598882,-92.24219786,20.15006268,34.04563666,-84.1150319,-48.00816094,21.326535
6/7/2025 6:59,-55.8089328,-90.27288932,20.17465151,33.98380484,-82.08709647,-47.99994128,21.39713187
6/7/2025 7:00,-54.7345443,-89.57125602,20.19897244,33.93341335,-81.19466379,-48.01348942,21.42988658
6/7/2025 7:01,-52.74364909,-87.55217627,20.22434024,33.86942065,-79.11722993,-48.00470962,21.50259637
6/7/2025 7:02,-50.73093176,-85.50827726,20.2500965,33.80434637,-77.0151245,-47.99565193,21.57636217
6/7/2025 7:03,-48.69646195,-83.43960857,20.27624047,33.73818993,-74.88840454,-47.98631786,21.65118344
6/7/2025 7:04,-46.64031277,-81.34622388,20.30277132,33.67095097,-72.73713112,-47.97670903,21.72705949
6/7/2025 7:05,-44.56256081,-79.22818083,20.32968815,33.60262927,-70.5613692,-47.96682709,21.80398946
6/7/2025 7:06,-42.4632861,-77.08554114,20.35699001,33.53322477,-68.36118775,-47.95667379,21.8819723
6/7/2025 7:07,-40.34257212,-74.9183705,20.38467589,33.4627376,-66.13665967,-47.94625091,21.96100681
6/7/2025 7:08,-38.20050574,-72.72673858,20.41274472,33.39116806,-63.88786175,-47.93556034,22.04109162
6/7/2025 7:09,-36.03717731,-70.51071912,20.44119534,33.31851659,-61.61487477,-47.92460398,22.12222516
6/7/2025 7:10,-33.85268049,-68.27038974,20.47002655,33.24478384,-59.31778335,-47.91338385,22.20440574
6/7/2025 7:11,-31.64711235,-66.00583207,20.49923709,33.1699706,-56.99667603,-47.901902,22.28763144
6/7/2025 7:12,-29.42057336,-63.71713172,20.52882564,33.09407784,-54.65164524,-47.89016055,22.37190023
6/7/2025 7:13,-27.17316723,-61.40437815,20.55879078,33.01710669,-52.28278722,-47.8781617,22.45720987
6/7/2025 7:14,-24.90500109,-59.06766484,20.58913108,32.93905848,-49.89020213,-47.8659077,22.54355796
6/7/2025 7:15,-22.61618532,-56.70708909,20.61984502,32.85993468,-47.47399387,-47.85340087,22.63094194
6/7/2025 7:16,-20.30683357,-54.32275212,20.65093102,32.77973695,-45.03427021,-47.84064357,22.71935906
6/7/2025 7:17,-17.97706278,-51.91475903,20.68238744,32.6984671,-42.5711427,-47.82763826,22.80880643
6/7/2025 7:18,-15.62699311,-49.48321874,20.71421258,32.61612713,-40.08472663,-47.81438744,22.89928095
6/7/2025 7:19,-13.25674793,-47.02824401,20.74640467,32.53271921,-37.57514105,-47.80089367,22.9907794
6/7/2025 7:20,-10.8664538,-44.54995141,20.7789619,32.44824566,-35.04250876,-47.78715958,23.08329836
6/7/2025 7:21,-8.456240462,-42.04846128,20.81188239,32.36270898,-32.48695622,-47.77318785,23.17683425
6/7/2025 7:22,-6.026240783,-39.52389776,20.84516418,32.27611187,-29.90861362,-47.75898124,23.27138332
6/7/2025 7:23,-3.576590746,-36.9763887,20.87880528,32.18845714,-27.30761476,-47.74454254,23.36694166
6/7/2025 7:24,-1.107429421,-34.40606565,20.91280362,32.09974783,-24.68409708,-47.72987461,23.46350518
6/7/2025 7:25,1.381101041,-31.8130639,20.94715707,32.00998711,-22.03820167,-47.7149804,23.56106965
6/7/2025 7:26,3.888855464,-29.19752237,20.98186347,31.91917833,-19.37007315,-47.69986286,23.65963066
6/7/2025 7:27,6.415685703,-26.55958359,21.01692055,31.82732501,-16.67985967,-47.68452505,23.75918362
6/7/2025 7:28,8.961440549,-23.89939379,21.05232604,31.73443084,-13.967713,-47.66897005,23.8597238
6/7/2025 7:29,11.52596595,-21.21710268,21.08807756,31.64049968,-11.23378829,-47.65320101,23.9612463
6/7/2025 7:30,14.10910482,-18.51286362,21.1241727,31.54553553,-8.478244259,-47.63722114,24.06374605
6/7/2025 7:31,16.71069728,-15.78683342,21.16060899,31.4495426,-5.701242981,-47.6210337,24.16721783
6/7/2025 7:32,19.33058056,-13.03917241,21.1973839,31.35252522,-2.902949962,-47.60464199,24.27165626
6/7/2025 7:33,21.96858904,-10.27004439,21.23449485,31.25448793,-0.083534105,-47.58804939,24.37705579
6/7/2025 7:34,24.62455436,-7.479616571,21.2719392,31.15543541,2.75683239,-47.57125932,24.48341072
6/7/2025 7:35,27.29830534,-4.668059599,21.30971424,31.0553725,5.61797397,-47.55427523,24.59071518
6/7/2025 7:36,29.98966811,-1.835547444,21.34781722,30.9543042,8.499711847,-47.53710065,24.69896316
6/7/2025 7:37,32.69846612,1.017742582,21.38624535,30.8522357,11.40186399,-47.51973916,24.80814848
6/7/2025 7:38,35.42452011,3.891629848,21.42499575,30.74917232,14.32424512,-47.50219436,24.91826482
6/7/2025 7:39,38.16764823,6.785930492,21.46406551,30.64511955,17.26666685,-47.48446993,25.0293057
6/7/2025 7:40,40.92766607,9.700457426,21.50345168,30.54008306,20.22893763,-47.46656959,25.14126447
6/7/2025 7:41,43.7043866,12.63502034,21.54315122,30.43406864,23.21086281,-47.44849709,25.25413436
6/7/2025 7:42,46.49762033,15.58942584,21.58316107,30.32708227,26.2122447,-47.43025623,25.36790844
6/7/2025 7:43,49.30717527,18.56347733,21.6234781,30.21913007,29.23288257,-47.41185088,25.4825796
6/7/2025 7:44,52.13285699,21.55697522,21.66409915,30.11021832,32.27257273,-47.39328493,25.59814063
6/7/2025 7:45,54.97446869,24.56971688,21.70502098,30.00035345,35.33110857,-47.37456232,25.71458415
6/7/2025 7:46,57.83181112,27.60149661,21.74624033,29.88954206,38.40828049,-47.35568704,25.83190264
6/7/2025 7:47,60.70468281,30.65210585,21.78775388,29.77779089,41.50387614,-47.33666309,25.95008842
6/7/2025 7:48,63.59287995,33.72133309,21.82955825,29.66510681,44.6176803,-47.31749455,26.06913369
6/7/2025 7:49,66.49619647,36.80896394,21.87165002,29.55149687,47.74947494,-47.29818553,26.18903051
6/7/2025 7:50,69.41442414,39.91478121,21.91402575,29.43696826,50.89903939,-47.27874016,26.30977077
6/7/2025 7:51,72.34735249,43.03856486,21.9566819,29.32152832,54.06615015,-47.25916262,26.43134627
6/7/2025 7:52,75.29476902,46.18009219,21.99961493,29.20518452,57.25058119,-47.23945713,26.55374862
6/7/2025 7:53,78.2564591,49.33913779,22.04282124,29.08794448,60.45210385,-47.21962795,26.67696935
6/7/2025 7:54,81.23220602,52.51547353,22.08629718,28.96981597,63.67048685,-47.19967935,26.80099982
6/7/2025 7:55,84.22179115,55.70886874,22.13003906,28.85080691,66.90549646,-47.17961565,26.92583126
6/7/2025 7:56,87.22499384,58.91909018,22.17404315,28.73092533,70.15689645,-47.15944122,27.0514548
6/7/2025 7:57,90.24159156,62.14590205,22.21830568,28.61017942,73.42444816,-47.13916043,27.1778614
6/7/2025 7:58,93.27135989,65.38906613,22.26282283,28.48857751,76.70791058,-47.11877771,27.30504192
6/7/2025 7:59,96.31407258,68.64834173,22.30759076,28.36612805,80.0070403,-47.09829748,27.4329871
6/7/2025 8:00,98.47488317,70.63090422,22.35194786,28.25535995,82.16131518,-47.0997728,27.52278882
6/7/2025 8:01,101.5427988,73.92167146,22.39720559,28.13124129,85.49104037,-47.07911103,27.652235
6/7/2025 8:02,104.6229695,77.22781415,22.4427023,28.00630125,88.83568925,-47.05836526,27.7824173
6/7/2025 8:03,107.7151622,80.54908243,22.48843396,27.88054879,92.19500958,-47.03754005,27.91332595
6/7/2025 8:04,110.8191422,83.88522426,22.53439654,27.75399304,95.56874709,-47.01663997,28.04495111
6/7/2025 8:05,113.9346732,87.23598539,22.58058595,27.62664322,98.95664534,-46.99566963,28.17728277
6/7/2025 8:06,117.0615173,90.60110959,22.62699807,27.49850867,102.358446,-46.97463363,28.31031087
6/7/2025 8:07,120.1994354,93.98033848,22.67362876,27.36959889,105.7738888,-46.95353662,28.44402518
6/7/2025 8:08,123.3481866,97.3734118,22.72047383,27.23992346,109.2027114,-46.93238327,28.5784154
6/7/2025 8:09,126.507529,100.7800673,22.76752906,27.1094921,112.6446498,-46.91117826,28.71347112
6/7/2025 8:10,129.6772191,104.2000409,22.81479021,26.97831462,116.0994382,-46.88992627,28.84918181
6/7/2025 8:11,132.8570122,107.6330666,22.862253,26.84640097,119.5668089,-46.86863203,28.98553686
6/7/2025 8:12,136.0466623,111.0788767,22.90991311,26.7137612,123.0464926,-46.84730027,29.12252554
6/7/2025 8:13,139.2459223,114.5372017,22.95776622,26.58040547,126.5382184,-46.82593572,29.26013703
6/7/2025 8:14,142.4545439,118.0077705,23.00580796,26.44634404,130.0417137,-46.80454314,29.39836041
6/7/2025 8:15,145.6722777,121.4903103,23.05403392,26.31158729,133.5567044,-46.7831273,29.53718469
6/7/2025 8:16,148.8988732,124.9845469,23.10243971,26.1761457,137.0829149,-46.76169298,29.67659875
6/7/2025 8:17,152.134079,128.4902043,23.15102086,26.04002984,140.6200682,-46.74024497,29.81659141
6/7/2025 8:18,155.3776425,132.0070052,23.19977292,25.90325038,144.1678858,-46.71878805,29.95715139
6/7/2025 8:19,158.6293106,135.5346709,23.24869139,25.7658181,147.7260881,-46.69732704,30.09826733
6/7/2025 8:20,161.8888288,139.0729213,23.29777175,25.62774387,151.2943938,-46.67586673,30.23992778
6/7/2025 8:21,165.1559423,142.621475,23.34700947,25.48903864,154.8725208,-46.65441195,30.38212121
6/7/2025 8:22,168.4303951,146.1800494,23.3964,25.34971346,158.4601857,-46.6329675,30.52483603
6/7/2025 8:23,171.7119307,149.7483606,23.44593875,25.20977947,162.0571037,-46.61153822,30.66806056
6/7/2025 8:24,175.0002918,153.3261235,23.49562112,25.06924789,165.6629893,-46.59012891,30.81178303
6/7/2025 8:25,178.2952206,156.9130522,23.54544251,24.92813002,169.2775557,-46.56874439,30.95599162
6/7/2025 8:26,181.5964587,160.5088593,23.59539829,24.78643726,172.9005153,-46.54738949,31.10067445
6/7/2025 8:27,184.9037469,164.113257,23.6454838,24.64418106,176.5315795,-46.52606902,31.24581953
6/7/2025 8:28,188.2168258,167.7259559,23.69569439,24.50137297,180.1704588,-46.50478779,31.39141486
6/7/2025 8:29,191.5354355,171.3466663,23.74602538,24.3580246,183.816863,-46.48355061,31.53744833
6/7/2025 8:30,194.8593155,174.9750974,23.79647208,24.21414765,187.470501,-46.46236228,31.6839078
6/7/2025 8:31,198.1882052,178.6109576,23.84702979,24.06975385,191.1310812,-46.44122759,31.83078106
6/7/2025 8:32,201.5218435,182.2539547,23.8976938,23.92485505,194.7983111,-46.42015133,31.97805585
6/7/2025 8:33,204.8599691,185.9037957,23.94845938,23.77946311,198.4718977,-46.39913827,32.12571985
6/7/2025 8:34,208.2023205,189.5601872,23.99932181,23.63359001,202.1515475,-46.37819318,32.27376069
6/7/2025 8:35,211.548636,193.222835,24.05027633,23.48724772,205.8369665,-46.35732081,32.42216596
6/7/2025 8:36,214.8986538,196.8914446,24.10131822,23.34044834,209.5278601,-46.3365259,32.5709232
6/7/2025 8:37,218.2521121,200.5657209,24.15244271,23.19320397,213.2239335,-46.31581317,32.7200199
6/7/2025 8:38,221.6087488,204.2453686,24.20364504,23.04552678,216.9248914,-46.29518735,32.86944351
6/7/2025 8:39,224.9683021,207.9300917,24.25492045,22.897429,220.6304384,-46.2746531,33.01918146
6/7/2025 8:40,228.33051,211.6195942,24.30626418,22.74892289,224.3402786,-46.25421513,33.16922111
6/7/2025 8:41,231.6951108,215.3135799,24.35767145,22.60002076,228.0541161,-46.23387807,33.31954982
6/7/2025 8:42,235.0618429,219.0117523,24.4091375,22.45073498,231.7716549,-46.21364656,33.47015489
6/7/2025 8:43,238.4304449,222.7138147,24.46065755,22.30107793,235.4925988,-46.19352522,33.62102361
6/7/2025 8:44,241.8006555,226.4194704,24.51222685,22.15106204,239.2166515,-46.17351864,33.77214323
6/7/2025 8:45,245.1722138,230.1284227,24.5638406,22.00069977,242.943517,-46.1536314,33.92350099
6/7/2025 8:46,248.5448591,233.8403749,24.61549407,21.85000363,246.672899,-46.13386802,34.0750841
6/7/2025 8:47,251.9183313,237.5550303,24.66718247,21.69898614,250.4045016,-46.11423303,34.22687975
6/7/2025 8:48,255.2923704,241.2720925,24.71890105,21.54765985,254.138029,-46.09473092,34.3788751
6/7/2025 8:49,258.6667171,244.9912652,24.77064507,21.39603733,257.8731856,-46.07536615,34.53105733
6/7/2025 8:50,262.0411125,248.7122522,24.82240978,21.24413118,261.609676,-46.05614316,34.68341357
6/7/2025 8:51,265.4152982,252.4347577,24.87419043,21.09195402,265.3472052,-46.03706634,34.83593097
6/7/2025 8:52,268.7890163,256.1584863,24.9259823,20.93951848,269.0854785,-46.01814006,34.98859664
6/7/2025 8:53,272.1620097,259.8831428,24.97778068,20.78683721,272.8242018,-45.99936868,35.14139772
6/7/2025 8:54,275.5340219,263.6084326,25.02958084,20.63392287,276.5630812,-45.98075648,35.29432132
6/7/2025 8:55,278.904797,267.3340615,25.0813781,20.48078811,280.3018234,-45.96230774,35.44735457
6/7/2025 8:56,282.2740799,271.0597358,25.13316776,20.32744561,284.0401357,-45.9440267,35.60048458
6/7/2025 8:57,285.6416162,274.7851625,25.18494516,20.17390805,287.7777261,-45.92591754,35.75369849
6/7/2025 8:58,289.0071526,278.5100491,25.23670564,20.0201881,291.5143031,-45.90798444,35.90698342
6/7/2025 8:59,292.3704363,282.2341038,25.28844455,19.86629843,295.249576,-45.8902315,36.06032652
6/7/2025 9:00,294.836597,284.6644539,25.33949957,19.72477205,297.8229782,-45.89471137,36.17481623
6/7/2025 9:01,298.194621,288.3859724,25.39118149,19.57058095,301.5547735,-45.87733097,36.32823714
6/7/2025 9:02,301.5496398,292.1057883,25.44282801,19.41625813,305.2843971,-45.86014286,36.48167773
6/7/2025 9:03,304.9014046,295.8236128,25.49443457,19.26181621,309.0115614,-45.84315098,36.63512519
6/7/2025 9:04,308.2496676,299.5391583,25.54599662,19.10726783,312.7359799,-45.82635926,36.78856676
6/7/2025 9:05,311.5941822,303.252138,25.59750961,18.9526256,316.4573671,-45.80977155,36.94198967
6/7/2025 9:06,314.9347025,306.9622663,25.64896904,18.7979021,320.1754382,-45.79339168,37.09538119
6/7/2025 9:07,318.2709843,310.6692583,25.70037043,18.6431099,323.8899098,-45.77722341,37.24872863
6/7/2025 9:08,321.6027843,314.3728305,25.75170931,18.48826155,327.6004995,-45.76127047,37.40201932
6/7/2025 9:09,324.9298603,318.0727004,25.80298123,18.33336956,331.306926,-45.74553654,37.55524061
6/7/2025 9:10,328.2519716,321.7685866,25.8541818,18.1784464,335.0089091,-45.73002524,37.7083799
6/7/2025 9:11,331.5688787,325.4602091,25.90530661,18.02350455,338.70617,-45.71474015,37.86142463
6/7/2025 9:12,334.8803433,329.1472891,25.95635131,17.86855641,342.3984312,-45.69968479,38.01436226
6/7/2025 9:13,338.1861288,332.829549,26.00731156,17.71361436,346.0854162,-45.68486263,38.16718031
6/7/2025 9:14,341.4859995,336.5067126,26.05818307,17.55869075,349.7668501,-45.6702771,38.31986633
6/7/2025 9:15,344.7797216,340.1785051,26.10896155,17.40379787,353.4424594,-45.65593155,38.47240793
6/7/2025 9:16,348.0670623,343.844653,26.15964277,17.24894798,357.1119718,-45.6418293,38.62479274
6/7/2025 9:17,351.3477907,347.5048846,26.21022251,17.09415329,360.7751168,-45.6279736,38.77700848
6/7/2025 9:18,354.6216772,351.1589294,26.26069659,16.93942595,364.4316251,-45.61436765,38.92904289
6/7/2025 9:19,357.8884936,354.8065183,26.31106086,16.78477807,368.0812291,-45.60101459,39.08088377
6/7/2025 9:20,361.1480135,358.4473843,26.36131122,16.63022169,371.7236626,-45.5879175,39.23251898
6/7/2025 9:21,364.400012,362.0812614,26.41144357,16.47576882,375.3586612,-45.57507941,39.38393645
6/7/2025 9:22,367.6442658,365.7078858,26.46145389,16.3214314,378.9859621,-45.56250328,39.53512414
6/7/2025 9:23,370.8805534,369.3269949,26.51133815,16.16722129,382.605304,-45.55019201,39.6860701
6/7/2025 9:24,374.1086548,372.9383282,26.5610924,16.0131503,386.2164276,-45.53814845,39.83676244
6/7/2025 9:25,377.3283517,376.5416268,26.61071269,15.85923019,389.8190751,-45.52637538,39.98718932
6/7/2025 9:26,380.5394277,380.1366336,26.66019514,15.70547263,393.4129906,-45.51487552,40.13733898
6/7/2025 9:27,383.741668,383.7230932,26.70953588,15.55188922,396.99792,-45.50365152,40.28719973
6/7/2025 9:28,386.9348596,387.3007522,26.75873111,15.39849151,400.5736109,-45.49270598,40.43675994
6/7/2025 9:29,390.1187913,390.8693592,26.80777705,15.24529094,404.1398131,-45.48204143,40.58600808
6/7/2025 9:30,393.2932538,394.4286644,26.85666996,15.09229891,407.6962779,-45.47166033,40.73493267
6/7/2025 9:31,396.4580396,397.9784201,26.90540616,14.93952672,411.2427587,-45.46156507,40.88352232
6/7/2025 9:32,399.6129429,401.5183807,26.95398199,14.78698559,414.779011,-45.45175801,41.03176571
6/7/2025 9:33,402.7577601,405.0483025,27.00239386,14.63468666,418.3047922,-45.44224139,41.1796516
6/7/2025 9:34,405.8922894,408.5679439,27.05063819,14.48264098,421.8198615,-45.43301741,41.32716886
6/7/2025 9:35,409.0163306,412.077065,27.09871148,14.33085952,425.3239804,-45.42408822,41.47430641
6/7/2025 9:36,412.129686,415.5754287,27.14661025,14.17935315,428.8169124,-45.41545588,41.62105326
6/7/2025 9:37,415.2321595,419.0627992,27.19433108,14.02813267,432.2984231,-45.40712237,41.76739854
6/7/2025 9:38,418.323557,422.5389436,27.24187058,13.87720876,435.7682801,-45.39908963,41.91333143
6/7/2025 9:39,421.4036865,426.0036306,27.28922543,13.72659202,439.2262533,-45.39135951,42.05884123
6/7/2025 9:40,424.472358,429.4566314,27.33639235,13.57629295,442.6721147,-45.3839338,42.20391731
6/7/2025 9:41,427.5293835,432.8977192,27.38336809,13.42632195,446.1056385,-45.37681422,42.34854916
6/7/2025 9:42,430.5745772,436.3266698,27.43014948,13.27668931,449.526601,-45.37000242,42.49272633
6/7/2025 9:43,433.607755,439.7432608,27.47673336,13.12740524,452.934781,-45.36349996,42.6364385
6/7/2025 9:44,436.6287353,443.1472724,27.52311667,12.97847981,456.3299592,-45.35730836,42.77967544
6/7/2025 9:45,439.6373383,446.5384869,27.56929635,12.82992303,459.7119188,-45.35142905,42.92242702
6/7/2025 9:46,442.6333864,449.9166892,27.61526943,12.68174476,463.0804453,-45.34586339,43.06468319
6/7/2025 9:47,445.6167041,453.2816663,27.66103297,12.53395477,466.4353263,-45.34061266,43.20643404
6/7/2025 9:48,448.5871181,456.6332076,27.70658409,12.38656271,469.7763521,-45.33567809,43.34766974
6/7/2025 9:49,451.5444571,459.9711049,27.75191995,12.23957812,473.1033149,-45.33106081,43.48838058
6/7/2025 9:50,454.4885521,463.2951525,27.79703779,12.09301043,476.4160096,-45.32676191,43.62855693
6/7/2025 9:51,457.4192361,466.6051469,27.84193487,11.94686896,479.7142332,-45.32278237,43.76818931
6/7/2025 9:52,460.3363445,469.9008872,27.88660852,11.80116287,482.9977855,-45.31912312,43.90726831
6/7/2025 9:53,463.2397145,473.1821749,27.93105614,11.65590126,486.2664682,-45.31578501,44.04578465
6/7/2025 9:54,466.1291859,476.4488139,27.97527515,11.51109306,489.5200858,-45.31276883,44.18372917
6/7/2025 9:55,469.0046003,479.7006107,28.01926306,11.36674711,492.7584451,-45.31007526,44.32109281
6/7/2025 9:56,471.8658019,482.9373741,28.06301741,11.22287211,495.9813552,-45.30770495,44.45786661
6/7/2025 9:57,474.7126367,486.1589155,28.1065358,11.07947663,499.1886279,-45.30565845,44.59404177
6/7/2025 9:58,477.5449532,489.3650488,28.1498159,10.93656913,502.3800774,-45.30393624,44.72960955
6/7/2025 9:59,480.362602,492.5555905,28.19285542,10.79415793,505.5555202,-45.30253874,44.86456138
6/7/2025 10:00,482.2708174,494.4377779,28.23499443,10.66477154,507.5544989,-45.32351482,44.95999004
6/7/2025 10:01,485.0586914,497.5965955,28.27754617,10.52337738,510.6973883,-45.32276764,45.09368463
6/7/2025 10:02,487.8314627,500.739286,28.31985081,10.38250369,513.8237359,-45.32234594,45.22673819
6/7/2025 10:03,490.5889909,503.8656757,28.36190631,10.24215829,516.9333683,-45.32224984,45.35914261
6/7/2025 10:04,493.3311376,506.9755939,28.40371067,10.10234882,520.0261146,-45.32247936,45.49088987
6/7/2025 10:05,496.0577668,510.0688721,28.44526194,9.963082825,523.1018064,-45.32303449,45.62197213
6/7/2025 10:06,498.7687447,513.1453448,28.48655825,9.824367683,526.1602781,-45.3239151,45.75238162
6/7/2025 10:07,501.4639395,516.2048486,28.52759777,9.686210651,529.2013661,-45.32512101,45.88211073
6/7/2025 10:08,504.1432218,519.247223,28.56837873,9.548618841,532.2249099,-45.32665198,46.01115195
6/7/2025 10:09,506.8064646,522.27231,28.60889943,9.41159923,535.230751,-45.32850767,46.13949791
6/7/2025 10:10,509.4535427,525.2799541,28.64915822,9.275158652,538.218734,-45.33068767,46.26714137
6/7/2025 10:11,512.0843336,528.2700024,28.68915351,9.139303798,541.1887055,-45.33319151,46.39407519
6/7/2025 10:12,514.6987165,531.2423048,28.72888376,9.004041221,544.140515,-45.33601865,46.52029239
6/7/2025 10:13,517.2965732,534.1967135,28.76834752,8.869377327,547.0740144,-45.33916847,46.64578611
6/7/2025 10:14,519.8777876,537.1330833,28.80754336,8.735318381,549.9890581,-45.34264026,46.7705496
6/7/2025 10:15,522.4422457,540.0512719,28.84646994,8.601870503,552.8855032,-45.34643328,46.89457625
6/7/2025 10:16,524.9898357,542.9511391,28.88512595,8.469039666,555.7632092,-45.35054668,47.01785959
6/7/2025 10:17,527.5204482,545.8325478,28.92351018,8.336831699,558.6220381,-45.35497955,47.14039327
6/7/2025 10:18,530.0339757,548.6953631,28.96162143,8.205252285,561.4618546,-45.35973092,47.26217106
6/7/2025 10:19,532.530313,551.5394527,28.9994586,8.074306958,564.2825258,-45.36479975,47.38318688
6/7/2025 10:20,535.0093571,554.3646871,29.03702063,7.944001107,567.0839213,-45.3701849,47.50343476
6/7/2025 10:21,537.4710071,557.1709392,29.07430652,7.814339971,569.8659134,-45.3758852,47.62290888
6/7/2025 10:22,539.9151642,559.9580843,29.11131534,7.68532864,572.6283765,-45.38189938,47.74160354
6/7/2025 10:23,542.3417319,562.7260006,29.1480462,7.556972059,575.3711881,-45.38822613,47.85951318
6/7/2025 10:24,544.7506157,565.4745687,29.1844983,7.429275018,578.0942277,-45.39486403,47.97663235
6/7/2025 10:25,547.1417232,568.2036715,29.22067086,7.302242163,580.7973775,-45.40181165,48.09295576
6/7/2025 10:26,549.5149641,570.9131947,29.2565632,7.175877986,583.4805222,-45.40906743,48.20847823
6/7/2025 10:27,551.8702503,573.6030265,29.29217466,7.05018683,586.1435489,-45.41662979,48.32319472
6/7/2025 10:28,554.2074957,576.2730575,29.32750467,6.925172891,588.7863472,-45.42449707,48.43710033
6/7/2025 10:29,556.5266162,578.9231808,29.3625527,6.800840206,591.4088092,-45.43266753,48.55019028
6/7/2025 10:30,558.82753,581.5532921,29.39731829,6.677192673,594.0108292,-45.44113938,48.66245991
6/7/2025 10:31,561.110157,584.1632895,29.43180102,6.554234029,596.5923044,-45.44991076,48.77390473
6/7/2025 10:32,563.3744194,586.7530735,29.46600055,6.431967865,599.1531339,-45.45897975,48.88452034
6/7/2025 10:33,565.6202413,589.3225471,29.49991659,6.310397621,601.6932196,-45.46834436,48.99430249
6/7/2025 10:34,567.8475488,591.8716159,29.5335489,6.189526584,604.2124657,-45.47800255,49.10324706
6/7/2025 10:35,570.05627,594.4001875,29.5668973,6.069357895,606.7107785,-45.4879522,49.21135007
6/7/2025 10:36,572.246335,596.9081724,29.59996169,5.949894538,609.1880671,-45.49819113,49.31860765
6/7/2025 10:37,574.4176757,599.3954832,29.63274199,5.83113935,611.6442427,-45.50871713,49.42501607
6/7/2025 10:38,576.5702262,601.8620348,29.66523821,5.71309502,614.0792189,-45.51952788,49.53057174
6/7/2025 10:39,578.7039223,604.3077448,29.69745038,5.595764081,616.4929117,-45.53062105,49.63527118
6/7/2025 10:40,580.8187017,606.7325329,29.72937862,5.47914892,618.8852392,-45.54199422,49.73911105
6/7/2025 10:41,582.9145042,609.1363211,29.7610231,5.363251775,621.2561219,-45.55364492,49.84208815
6/7/2025 10:42,584.9912711,611.5190338,29.79238402,5.248074733,623.6054827,-45.56557062,49.94419938
6/7/2025 10:43,587.0489459,613.8805976,29.82346166,5.133619732,625.9332466,-45.57776874,50.0454418
6/7/2025 10:44,589.0874737,616.2209416,29.85425636,5.019888563,628.2393409,-45.59023665,50.14581257
6/7/2025 10:45,591.1068016,618.5399968,29.88476849,4.906882868,630.5236951,-45.60297166,50.24530899
6/7/2025 10:46,593.1068782,620.8376968,29.91499849,4.794604142,632.786241,-45.615971,50.34392849
6/7/2025 10:47,595.0876541,623.1139771,29.94494684,4.683053734,635.0269123,-45.6292319,50.44166862
6/7/2025 10:48,597.0490817,625.3687756,29.9746141,4.572232842,637.2456453,-45.6427515,50.53852705
6/7/2025 10:49,598.9911148,627.6020323,30.00400085,4.462142526,639.442378,-45.65652689,50.63450158
6/7/2025 10:50,600.9137093,629.8136892,30.03310774,4.352783693,641.6170509,-45.67055512,50.72959013
6/7/2025 10:51,602.8168225,632.0036908,30.06193548,4.244157112,643.7696063,-45.6848332,50.82379075
6/7/2025 10:52,604.7004135,634.1719833,30.09048481,4.136263404,645.8999888,-45.69935807,50.91710161
6/7/2025 10:53,606.564443,636.3185152,30.11875653,4.029103048,648.0081448,-45.71412663,51.009521
6/7/2025 10:54,608.4088733,638.443237,30.1467515,3.922676382,650.0940231,-45.72913575,51.10104732
6/7/2025 10:55,610.2336683,640.5461013,30.17447061,3.816983601,652.1575743,-45.74438222,51.19167911
6/7/2025 10:56,612.0387935,642.6270626,30.20191482,3.712024761,654.1987509,-45.75986282,51.28141501
6/7/2025 10:57,613.8242159,644.6860776,30.22908513,3.607799777,656.2175076,-45.77557427,51.3702538
6/7/2025 10:58,615.5899041,646.7231046,30.25598258,3.504308426,658.2138008,-45.79151326,51.45819434
6/7/2025 10:59,617.3358282,648.7381042,30.28260827,3.401550348,660.187589,-45.8076764,51.54523565
6/7/2025 11:00,618.1673413,649.438457,30.30830565,3.312045372,660.9785561,-45.84610887,51.59247813
6/7/2025 11:01,619.8736533,651.4092907,30.33439129,3.210752211,662.9072173,-45.86271011,51.67771842
6/7/2025 11:02,621.5601201,653.3579895,30.36020873,3.110190424,664.8132602,-45.87952519,51.76205717
6/7/2025 11:03,623.2267176,655.2845216,30.38575925,3.01035911,666.6966506,-45.89655059,51.84549382
6/7/2025 11:04,624.8734231,657.1888567,30.41104418,2.911257234,668.5573563,-45.91378276,51.92802793
6/7/2025 11:05,626.5002151,659.0709662,30.43606489,2.812883632,670.3953466,-45.93121812,52.00965919
6/7/2025 11:06,628.1070736,660.9308235,30.46082278,2.715237009,672.2105929,-45.94885303,52.09038738
6/7/2025 11:07,629.6939799,662.7684035,30.4853193,2.618315941,674.0030681,-45.96668384,52.17021238
6/7/2025 11:08,631.2609164,664.5836831,30.50955597,2.522118876,675.7727468,-45.98470686,52.2491342
6/7/2025 11:09,632.8078669,666.3766405,30.53353431,2.426644138,677.5196052,-46.00291837,52.32715295
6/7/2025 11:10,634.3348165,668.1472559,30.55725589,2.331889923,679.2436215,-46.02131463,52.40426881
6/7/2025 11:11,635.8417515,669.8955107,30.58072235,2.237854307,680.944775,-46.03989184,52.48048212
6/7/2025 11:12,637.3286591,671.6213884,30.60393534,2.144535239,682.623047,-46.05864622,52.55579328
6/7/2025 11:13,638.7955282,673.3248736,30.62689654,2.051930551,684.2784202,-46.07757391,52.63020279
6/7/2025 11:14,640.2423483,675.0059527,30.6496077,1.960037956,685.9108789,-46.09667108,52.70371129
6/7/2025 11:15,641.6691103,676.6646135,30.67207059,1.868855046,687.5204088,-46.11593383,52.77631946
6/7/2025 11:16,643.0758061,678.3008454,30.69428702,1.7783793,689.1069971,-46.13535826,52.84802813
6/7/2025 11:17,644.4624288,679.9146389,30.71625882,1.688608079,690.6706326,-46.15494045,52.91883819
6/7/2025 11:18,645.8289723,681.5059863,30.73798788,1.599538633,692.2113053,-46.17467644,52.98875063
6/7/2025 11:19,647.1754317,683.0748812,30.75947611,1.511168101,693.7290068,-46.19456228,53.05776654
6/7/2025 11:20,648.5018029,684.6213184,30.78072545,1.423493508,695.2237301,-46.21459397,53.12588711
6/7/2025 11:21,649.808083,686.1452941,30.80173788,1.336511775,696.6954692,-46.23476752,53.1931136
6/7/2025 11:22,651.0942699,687.6468059,30.82251541,1.250219715,698.1442199,-46.25507891,53.25944736
6/7/2025 11:23,652.3603624,689.1258524,30.84306008,1.164614033,699.5699789,-46.2755241,53.32488984
6/7/2025 11:24,653.6063601,690.5824339,30.86337397,1.079691334,700.9727443,-46.29609906,53.38944257
6/7/2025 11:25,654.8322637,692.0165514,30.88345918,0.995448119,702.3525154,-46.31679971,53.45310716
6/7/2025 11:26,656.0380745,693.4282073,30.90331782,0.911880792,703.7092929,-46.337622,53.5158853
6/7/2025 11:27,657.2237947,694.8174053,30.92295207,0.828985654,705.0430783,-46.35856185,53.57777877
6/7/2025 11:28,658.3894273,696.18415,30.9423641,0.746758917,706.3538746,-46.37961516,53.63878943
6/7/2025 11:29,659.534976,697.5284472,30.96155613,0.66519669,707.6416857,-46.40077784,53.6989192
6/7/2025 11:30,660.6604453,698.8503036,30.98053039,0.584294995,708.9065167,-46.4220458,53.75817009
6/7/2025 11:31,661.7658404,700.1497271,30.99928914,0.504049761,710.1483737,-46.44341492,53.8165442
6/7/2025 11:32,662.8511671,701.4267266,31.01783466,0.42445683,711.3672639,-46.4648811,53.87404366
6/7/2025 11:33,663.916432,702.6813118,31.03616926,0.345511952,712.5631955,-46.48644023,53.93067072
6/7/2025 11:34,664.9616421,703.9134936,31.05429528,0.267210799,713.7361776,-46.50808818,53.98642767
6/7/2025 11:35,665.9868053,705.1232836,31.07221505,0.189548953,714.8862202,-46.52982086,54.04131688
6/7/2025 11:36,666.9919299,706.3106943,31.08993095,0.11252192,716.0133346,-46.55163413,54.09534078
6/7/2025 11:37,667.9770248,707.4757392,31.10744537,0.036125123,717.1175325,-46.57352391,54.14850187
6/7/2025 11:38,668.9420995,708.6184325,31.12476072,-0.039646092,718.1988268,-46.59548607,54.20080271
6/7/2025 11:39,669.8871638,709.7387892,31.14187942,-0.114796451,719.2572311,-46.61751651,54.25224593
6/7/2025 11:40,670.8122284,710.836825,31.15880391,-0.189330757,720.2927598,-46.63961114,54.3028342
6/7/2025 11:41,671.717304,711.9125566,31.17553665,-0.263253883,721.3054283,-46.66176588,54.35257029
6/7/2025 11:42,672.602402,712.9660011,31.19208012,-0.336570771,722.2952524,-46.68397663,54.40145697
6/7/2025 11:43,673.4675344,713.9971765,31.2084368,-0.409286431,723.2622491,-46.70623934,54.44949712
6/7/2025 11:44,674.3127131,715.0061013,31.2246092,-0.481405938,724.2064356,-46.72854993,54.49669363
6/7/2025 11:45,675.1379509,715.9927948,31.24059982,-0.552934428,725.1278302,-46.75090436,54.54304948
6/7/2025 11:46,675.9432606,716.9572766,31.25641118,-0.623877102,726.0264516,-46.7732986,54.58856768
6/7/2025 11:47,676.7286554,717.8995672,31.27204584,-0.694239215,726.9023193,-46.79572862,54.63325128
6/7/2025 11:48,677.4941491,718.8196875,31.28750632,-0.764026083,727.7554532,-46.81819042,54.67710339
6/7/2025 11:49,678.2397553,719.7176589,31.30279518,-0.833243076,728.5858741,-46.84068001,54.72012717
6/7/2025 11:50,678.9654884,720.5935032,31.31791499,-0.901895614,729.393603,-46.86319342,54.76232583
6/7/2025 11:51,679.6713626,721.447243,31.33286831,-0.96998917,730.1786617,-46.8857267,54.80370258
6/7/2025 11:52,680.3573925,722.2789008,31.34765772,-1.037529263,730.9410723,-46.90827591,54.84426073
6/7/2025 11:53,681.0235931,723.0885001,31.3622858,-1.10452146,731.6808576,-46.93083715,54.88400359
6/7/2025 11:54,681.6699793,723.8760643,31.37675512,-1.170971372,732.3980406,-46.95340653,54.92293451
6/7/2025 11:55,682.2965663,724.6416175,31.39106829,-1.23688465,733.0926451,-46.97598018,54.96105689
6/7/2025 11:56,682.9033694,725.3851838,31.40522788,-1.302266986,733.7646948,-46.99855427,54.99837415
6/7/2025 11:57,683.4904042,726.106788,31.4192365,-1.367124111,734.4142143,-47.02112498,55.03488976
6/7/2025 11:58,684.0576862,726.8064548,31.43309673,-1.431461787,735.0412282,-47.04368852,55.0706072
6/7/2025 11:59,684.6052312,727.4842095,31.44681116,-1.495285813,735.6457617,-47.06624113,55.10552999
6/7/2025 12:00,684.2384363,726.8474958,31.4597247,-1.546081689,735.0675636,-47.11082765,55.10076296
6/7/2025 12:01,684.7465545,727.4815024,31.47315533,-1.608895929,735.6272127,-47.13334726,55.13410713
6/7/2025 12:02,685.2349831,728.0936737,31.48644793,-1.671214088,736.1644583,-47.15584485,55.16666736
6/7/2025 12:03,685.7037379,728.6840355,31.49960509,-1.733042074,736.6793268,-47.17831679,55.19844727
6/7/2025 12:04,686.1528351,729.2526139,31.5126294,-1.794385818,737.1718447,-47.20075947,55.22945051
6/7/2025 12:05,686.5822903,729.7994351,31.52552341,-1.855251272,737.6420385,-47.22316932,55.25968073
6/7/2025 12:06,686.9921197,730.3245255,31.53828971,-1.915644401,738.0899352,-47.24554281,55.28914161
6/7/2025 12:07,687.382339,730.8279114,31.55093086,-1.975571193,738.5155618,-47.26787646,55.31783684
6/7/2025 12:08,687.752964,731.3096194,31.5634494,-2.035037643,738.9189455,-47.29016679,55.34577013
6/7/2025 12:09,688.1040106,731.7696759,31.57584788,-2.09404976,739.3001137,-47.3124104,55.3729452
6/7/2025 12:10,688.4354944,732.2081074,31.58812885,-2.152613563,739.6590938,-47.3346039,55.39936578
6/7/2025 12:11,688.747431,732.6249404,31.60029481,-2.210735076,739.9959135,-47.35674396,55.42503561
6/7/2025 12:12,689.0398359,733.0202015,31.61234829,-2.268420331,740.3106002,-47.37882727,55.44995844
6/7/2025 12:13,689.3127245,733.3939171,31.62429178,-2.325675358,740.6031818,-47.40085059,55.47413803
6/7/2025 12:14,689.5661121,733.7461137,31.63612779,-2.382506192,740.8736861,-47.42281069,55.49757813
6/7/2025 12:15,689.8000137,734.0768175,31.64785877,-2.438918864,741.1221407,-47.44470443,55.52028252
6/7/2025 12:16,690.0144444,734.3860548,31.6594872,-2.494919402,741.3485736,-47.46652866,55.54225496
6/7/2025 12:17,690.209419,734.6738517,31.67101551,-2.550513829,741.5530125,-47.48828033,55.56349921
6/7/2025 12:18,690.3849521,734.9402343,31.68244614,-2.605708158,741.7354852,-47.50995639,55.58401906
6/7/2025 12:19,690.5410582,735.1852284,31.69378149,-2.660508394,741.8960195,-47.53155388,55.60381825
6/7/2025 12:20,690.6777515,735.4088598,31.70502397,-2.714920528,742.0346432,-47.55306986,55.62290055
6/7/2025 12:21,690.7950462,735.611154,31.71617595,-2.768950539,742.1513839,-47.57450144,55.64126972
6/7/2025 12:22,690.8929562,735.7921363,31.72723979,-2.822604388,742.2462691,-47.5958458,55.65892951
6/7/2025 12:23,690.971495,735.9518321,31.73821782,-2.875888019,742.3193265,-47.61710016,55.67588366
6/7/2025 12:24,691.0306763,736.0902661,31.74911236,-2.928807354,742.3705835,-47.63826179,55.6921359
6/7/2025 12:25,691.070513,736.2074632,31.75992571,-2.981368295,742.4000673,-47.65932802,55.70768996
6/7/2025 12:26,691.0910184,736.3034479,31.77066014,-3.033576717,742.4078053,-47.68029622,55.72254953
6/7/2025 12:27,691.092205,736.3782445,31.78131789,-3.085438469,742.3938244,-47.70116382,55.73671833
6/7/2025 12:28,691.0740855,736.4318769,31.7919012,-3.136959374,742.3581516,-47.72192833,55.75020004
6/7/2025 12:29,691.036672,736.4643689,31.80241226,-3.188145222,742.3008138,-47.74258727,55.76299831
6/7/2025 12:30,690.9799765,736.4757439,31.81285325,-3.239001773,742.2218375,-47.76313827,55.7751168
6/7/2025 12:31,690.9040109,736.4660252,31.82322633,-3.28953475,742.1212493,-47.78357896,55.78655914
6/7/2025 12:32,690.8087865,736.4352355,31.83353362,-3.339749841,741.9990755,-47.80390707,55.79732893
6/7/2025 12:33,690.6943146,736.3833975,31.84377721,-3.389652697,741.8553421,-47.82412037,55.80742978
6/7/2025 12:34,690.5606061,736.3105335,31.85395918,-3.439248929,741.6900752,-47.8442167,55.81686524
6/7/2025 12:35,690.4076717,736.2166653,31.86408157,-3.488544103,741.5033005,-47.86419396,55.82563887
6/7/2025 12:36,690.2355218,736.1018146,31.87414638,-3.537543747,741.2950434,-47.88405009,55.83375417
6/7/2025 12:37,690.0441665,735.9660026,31.8841556,-3.586253338,741.0653295,-47.90378311,55.84121465
6/7/2025 12:38,689.8336157,735.8092503,31.89411119,-3.634678308,740.8141837,-47.92339111,55.84802378
6/7/2025 12:39,689.603879,735.6315784,31.90401506,-3.68282404,740.541631,-47.94287221,55.85418498
6/7/2025 12:40,689.3549656,735.4330069,31.91386911,-3.730695867,740.2476962,-47.96222463,55.85970168
6/7/2025 12:41,689.0868846,735.213556,31.92367518,-3.778299067,739.9324036,-47.98144663,55.86457726
6/7/2025 12:42,688.7996448,734.973245,31.93343511,-3.825638866,739.5957776,-48.00053653,55.86881506
6/7/2025 12:43,688.4932547,734.7120931,31.94315069,-3.872720433,739.2378421,-48.01949274,55.8724184
6/7/2025 12:44,688.1677224,734.4301192,31.95282367,-3.919548879,738.858621,-48.0383137,55.87539057
6/7/2025 12:45,687.823056,734.1273418,31.96245577,-3.966129256,738.4581378,-48.05699794,55.87773482
6/7/2025 12:46,687.4592632,733.8037789,31.97204869,-4.012466555,738.0364158,-48.07554406,55.87945437
6/7/2025 12:47,687.0763514,733.4594483,31.98160408,-4.058565705,737.5934782,-48.09395069,55.88055239
6/7/2025 12:48,686.6743278,733.0943673,31.99112356,-4.104431571,737.1293478,-48.11221658,55.88103203
6/7/2025 12:49,686.2531994,732.7085529,32.00060869,-4.15006895,736.6440473,-48.13034049,55.8808964
6/7/2025 12:50,685.8129728,732.3020218,32.01006103,-4.195482574,736.137599,-48.14832129,55.88014857
6/7/2025 12:51,685.3536545,731.8747902,32.01948209,-4.240677107,735.6100251,-48.1661579,55.87879155
6/7/2025 12:52,684.8752508,731.426874,32.02887332,-4.285657141,735.0613477,-48.1838493,55.87682835
6/7/2025 12:53,684.3777678,730.9582889,32.03823617,-4.330427196,734.4915883,-48.20139455,55.87426191
6/7/2025 12:54,683.861211,730.4690501,32.04757201,-4.374991721,733.9007686,-48.21879278,55.87109514
6/7/2025 12:55,683.3255863,729.9591723,32.05688221,-4.41935509,733.2889098,-48.23604318,55.8673309
6/7/2025 12:56,682.7708989,729.4286701,32.06616807,-4.463521599,732.6560331,-48.25314501,55.86297201
6/7/2025 12:57,682.1971541,728.8775577,32.07543086,-4.507495471,732.0021592,-48.27009759,55.85802126
6/7/2025 12:58,681.6043568,728.3058489,32.08467182,-4.551280846,731.3273089,-48.28690034,55.85248137
6/7/2025 12:59,680.9925119,727.7135572,32.09389214,-4.594881787,730.6315026,-48.30355271,55.84635504
6/7/2025 13:00,679.4670056,725.8081143,32.10243526,-4.625781949,728.7544842,-48.34210281,55.80074619
6/7/2025 13:01,678.8170794,725.1746961,32.11161769,-4.669025886,728.0168268,-48.35845311,55.79345485
6/7/2025 13:02,678.1481191,724.5207337,32.12078281,-4.712097086,727.2582737,-48.37465186,55.78558486
6/7/2025 13:03,677.460129,723.8462393,32.12993162,-4.754999282,726.4788448,-48.3906988,55.77713873
6/7/2025 13:04,676.7531132,723.151225,32.13906512,-4.797736118,725.6785597,-48.40659375,55.76811891
6/7/2025 13:05,676.0270758,722.4357023,32.14818425,-4.840311154,724.8574379,-48.42233658,55.75852781
6/7/2025 13:06,675.2820205,721.6996829,32.15728989,-4.882727863,724.0154986,-48.43792725,55.74836779
6/7/2025 13:07,674.5179514,720.9431777,32.16638291,-4.924989627,723.1527611,-48.45336578,55.73764116
6/7/2025 13:08,673.7348721,720.1661977,32.1754641,-4.967099738,722.2692444,-48.46865227,55.72635019
6/7/2025 13:09,672.9327863,719.3687537,32.18453424,-5.009061399,721.3649675,-48.48378688,55.71449709
6/7/2025 13:10,672.1116977,718.5508561,32.19359405,-5.050877721,720.4399493,-48.49876983,55.70208403
6/7/2025 13:11,671.2716099,717.712515,32.2026442,-5.092551721,719.4942086,-48.51360143,55.68911311
6/7/2025 13:12,670.4125266,716.8537407,32.21168532,-5.134086325,718.527764,-48.52828205,55.67558641
6/7/2025 13:13,669.5344514,715.9745428,32.22071801,-5.175484363,717.5406343,-48.54281212,55.66150594
6/7/2025 13:14,668.6373878,715.0749311,32.22974281,-5.216748569,716.5328379,-48.55719216,55.64687366
6/7/2025 13:15,667.7213397,714.1549151,32.23876022,-5.257881584,715.5043936,-48.57142273,55.63169148
6/7/2025 13:16,666.7863106,713.2145042,32.24777068,-5.298885951,714.4553198,-48.58550448,55.61596126
6/7/2025 13:17,665.8323045,712.2537077,32.25677462,-5.339764114,713.385635,-48.59943813,55.59968482
6/7/2025 13:18,664.8593251,711.2725346,32.26577238,-5.380518422,712.2953579,-48.61322445,55.5828639
6/7/2025 13:19,663.8673765,710.270994,32.2747643,-5.421151125,711.1845069,-48.62686429,55.56550023
6/7/2025 13:20,662.8564628,709.2490948,32.28375063,-5.461664372,710.0531007,-48.64035857,55.54759545
6/7/2025 13:21,661.8265881,708.2068459,32.29273162,-5.502060213,708.901158,-48.65370827,55.52915118
6/7/2025 13:22,660.7777568,707.1442563,32.30170744,-5.5423406,707.7286974,-48.66691444,55.51016895
6/7/2025 13:23,659.7099736,706.0613346,32.31067823,-5.582507381,706.5357378,-48.67997819,55.49065028
6/7/2025 13:24,658.6232432,704.9580897,32.31964407,-5.622562305,705.3222982,-48.69290071,55.47059662
6/7/2025 13:25,657.5175705,703.8345303,32.32860502,-5.662507019,704.0883975,-48.70568325,55.45000937
6/7/2025 13:26,656.3929608,702.6906655,32.33756107,-5.702343068,702.834055,-48.71832711,55.42888987
6/7/2025 13:27,655.2494194,701.5265039,32.34651218,-5.742071893,701.5592899,-48.73083368,55.40723942
6/7/2025 13:28,654.0869522,700.3420546,32.35545826,-5.781694836,700.2641219,-48.7432044,55.38505928
6/7/2025 13:29,652.905565,699.1373265,32.36439916,-5.821213133,698.9485707,-48.75544077,55.36235063
6/7/2025 13:30,651.7052644,697.9123289,32.37333471,-5.860627918,697.6126561,-48.76754437,55.33911462
6/7/2025 13:31,650.4860568,696.6670711,32.38226468,-5.899940221,696.2563984,-48.77951683,55.31535236
6/7/2025 13:32,649.2479494,695.4015623,32.39118881,-5.939150971,694.8798179,-48.79135985,55.29106489
6/7/2025 13:33,647.9909495,694.1158123,32.40010676,-5.978260988,693.4829354,-48.80307518,55.2662532
6/7/2025 13:34,646.7150649,692.8098308,32.40901818,-6.017270995,692.0657718,-48.81466464,55.24091824
6/7/2025 13:35,645.4203038,691.4836279,32.41792266,-6.056181606,690.6283484,-48.82613012,55.21506092
6/7/2025 13:36,644.1066749,690.1372136,32.42681974,-6.094993333,689.170687,-48.83747355,55.18868209
6/7/2025 13:37,642.7741873,688.7705987,32.43570895,-6.133706584,687.6928094,-48.84869694,55.16178254
6/7/2025 13:38,641.4228506,687.3837938,32.44458972,-6.172321663,686.1947381,-48.85980235,55.13436304
6/7/2025 13:39,640.0526749,685.97681,32.45346148,-6.210838771,684.6764958,-48.87079189,55.1064243
6/7/2025 13:40,638.6636708,684.5496588,32.46232361,-6.249258005,683.1381057,-48.88166775,55.07796697
6/7/2025 13:41,637.2558495,683.1023519,32.47117542,-6.287579358,681.5795915,-48.89243215,55.04899168
6/7/2025 13:42,635.8292229,681.6349015,32.4800162,-6.325802719,680.0009773,-48.90308738,55.01949899
6/7/2025 13:43,634.3838033,680.1473202,32.4888452,-6.363927876,678.4022877,-48.9136358,54.98948944
6/7/2025 13:44,632.9196036,678.639621,32.49766161,-6.401954511,676.7835477,-48.9240798,54.9589635
6/7/2025 13:45,631.4366376,677.1118173,32.50646458,-6.439882208,675.1447831,-48.93442183,54.92792161
6/7/2025 13:46,629.9349195,675.5639231,32.51525324,-6.477710445,673.48602,-48.94466442,54.89636417
6/7/2025 13:47,628.4144644,673.9959528,32.52402665,-6.515438599,671.8072853,-48.95481012,54.86429153
6/7/2025 13:48,626.8752881,672.4079213,32.53278385,-6.553065945,670.1086062,-48.96486154,54.831704
6/7/2025 13:49,625.3174069,670.7998443,32.54152381,-6.590591658,668.3900109,-48.97482135,54.79860186
6/7/2025 13:50,623.7408381,669.1717377,32.5502455,-6.628014812,666.6515281,-48.98469226,54.76498532
6/7/2025 13:51,622.1455997,667.5236183,32.55894781,-6.66533438,664.893187,-48.99447705,54.73085459
6/7/2025 13:52,620.5317107,665.8555036,32.56762962,-6.702549236,663.1150177,-49.00417852,54.69620981
6/7/2025 13:53,618.8991907,664.1674114,32.57628974,-6.739658155,661.317051,-49.01379954,54.66105109
6/7/2025 13:54,617.2480601,662.4593605,32.58492697,-6.776659812,659.4993184,-49.02334302,54.62537852
6/7/2025 13:55,615.5783406,660.7313703,32.59354005,-6.813552787,657.6618522,-49.0328119,54.58919212
6/7/2025 13:56,613.8900544,658.9834609,32.6021277,-6.850335561,655.8046856,-49.04220921,54.55249191
6/7/2025 13:57,612.1832247,657.2156534,32.61068858,-6.887006517,653.9278524,-49.05153797,54.51527785
6/7/2025 13:58,610.4578759,655.4279694,32.61922133,-6.923563944,652.0313874,-49.06080127,54.47754988
6/7/2025 13:59,608.7140331,653.6204315,32.62772455,-6.960006035,650.1153263,-49.07000226,54.4393079
6/7/2025 14:00,606.0571042,650.5004815,32.63553908,-6.983810562,647.019429,-49.10119265,54.36165306
6/7/2025 14:01,604.2763533,648.6533068,32.64397886,-7.020016185,645.0642861,-49.11027855,54.32238264
6/7/2025 14:02,602.4771902,646.786351,32.65238467,-7.056100489,643.0896595,-49.11931177,54.28259772
6/7/2025 14:03,600.6596444,644.8996404,32.66075496,-7.092061294,641.0955885,-49.1282956,54.24229809
6/7/2025 14:04,598.8237464,642.9932018,32.66908815,-7.127896332,639.0821135,-49.13723337,54.2014835
6/7/2025 14:05,596.9695277,641.0670634,32.67738262,-7.16360324,637.0492758,-49.14612843,54.16015367
6/7/2025 14:06,595.0970212,639.1212543,32.68563672,-7.19917957,634.997118,-49.15498421,54.11830831
6/7/2025 14:07,593.2062608,637.1558045,32.69384875,-7.234622785,632.9256835,-49.16380412,54.07594707
6/7/2025 14:08,591.2972816,635.1707453,32.70201701,-7.269930258,630.8350169,-49.17259165,54.03306962
6/7/2025 14:09,589.3701201,633.166109,32.71013975,-7.30509928,628.725164,-49.18135029,53.98967557
6/7/2025 14:10,587.4248138,631.1419289,32.71821517,-7.340127056,626.5961715,-49.19008357,53.94576454
6/7/2025 14:11,585.4614017,629.0982395,32.72624147,-7.375010706,624.4480875,-49.19879506,53.9013361
6/7/2025 14:12,583.4799238,627.0350767,32.7342168,-7.409747267,622.2809613,-49.20748836,53.85638981
6/7/2025 14:13,581.4804216,624.9524773,32.74213929,-7.444333695,620.0948432,-49.21616708,53.81092523
6/7/2025 14:14,579.4629381,622.8504796,32.75000704,-7.478766866,617.8897849,-49.22483487,53.76494188
6/7/2025 14:15,577.4275173,620.7291228,32.75781811,-7.513043576,615.6658394,-49.23349541,53.71843927
6/7/2025 14:16,575.3742049,618.5884478,32.76557054,-7.547160543,613.4230609,-49.2421524,53.6714169
6/7/2025 14:17,573.3030477,616.4284965,32.77326235,-7.581114411,611.1615048,-49.25080955,53.62387424
6/7/2025 14:18,571.2140941,614.2493122,32.78089153,-7.614901744,608.8812281,-49.25947062,53.57581077
6/7/2025 14:19,569.1073941,612.0509398,32.78845603,-7.648519035,606.582289,-49.26813937,53.52722595
6/7/2025 14:20,566.9829988,609.8334252,32.79595378,-7.681962701,604.264747,-49.27681959,53.47811922
6/7/2025 14:21,564.840961,607.5968161,32.8033827,-7.715229093,601.9286631,-49.28551509,53.42849001
6/7/2025 14:22,562.6813351,605.3411613,32.81074068,-7.748314487,599.5740999,-49.29422968,53.37833777
6/7/2025 14:23,560.5041769,603.0665112,32.81802557,-7.781215092,597.2011211,-49.30296722,53.32766191
6/7/2025 14:24,558.3095437,600.7729178,32.82523521,-7.81392705,594.8097921,-49.31173156,53.27646185
6/7/2025 14:25,556.0974944,598.4604345,32.83236743,-7.846446437,592.4001797,-49.32052656,53.224737
6/7/2025 14:26,553.8680896,596.1291162,32.83942002,-7.878769264,589.9723522,-49.32935613,53.17248679
6/7/2025 14:27,551.6213915,593.7790195,32.84639075,-7.910891479,587.5263796,-49.33822415,53.1197106
6/7/2025 14:28,549.3574637,591.4102024,32.85327738,-7.94280897,585.0623332,-49.34713453,53.06640786
6/7/2025 14:29,547.0763717,589.0227247,32.86007764,-7.974517564,582.5802862,-49.35609119,53.01257797
6/7/2025 14:30,544.7781825,586.6166478,32.86678926,-8.006013031,580.0803129,-49.36509807,52.95822034
6/7/2025 14:31,542.462965,584.1920346,32.87340994,-8.037291082,577.5624898,-49.37415908,52.9033344
6/7/2025 14:32,540.1307895,581.7489499,32.87993735,-8.068347376,575.0268947,-49.38327818,52.84791955
6/7/2025 14:33,537.7817282,579.28746,32.88636917,-8.099177514,572.473607,-49.39245931,52.79197523
6/7/2025 14:34,535.4158551,576.8076331,32.89270305,-8.12977705,569.9027079,-49.40170642,52.73550087
6/7/2025 14:35,533.0332458,574.3095391,32.89893662,-8.160141484,567.3142804,-49.41102347,52.6784959
6/7/2025 14:36,530.6339777,571.7932495,32.90506751,-8.190266269,564.708409,-49.4204144,52.62095979
6/7/2025 14:37,528.2181301,569.2588379,32.91109332,-8.220146811,562.0851801,-49.42988318,52.56289199
6/7/2025 14:38,525.7857838,566.7063795,32.91701167,-8.24977847,559.4446818,-49.43943375,52.50429199
6/7/2025 14:39,523.3370219,564.1359513,32.92282012,-8.279156563,556.7870038,-49.44907007,52.44515926
6/7/2025 14:40,520.8719289,561.5476324,32.92851626,-8.308276365,554.1122379,-49.45879609,52.38549332
6/7/2025 14:41,518.3905913,558.9415033,32.93409766,-8.33713311,551.4204773,-49.46861575,52.32529368
6/7/2025 14:42,515.8930974,556.3176471,32.93956186,-8.365721995,548.7118175,-49.47853299,52.26455989
6/7/2025 14:43,513.3795376,553.676148,32.94490641,-8.394038179,545.9863555,-49.48855174,52.2032915
6/7/2025 14:44,510.8500038,551.0170929,32.95012886,-8.422076786,543.2441902,-49.49867592,52.14148809
6/7/2025 14:45,508.3045902,548.34057,32.95522674,-8.449832909,540.4854223,-49.50890945,52.07914926
6/7/2025 14:46,505.7433925,545.6466699,32.96019757,-8.477301608,537.7101546,-49.51925624,52.01627464
6/7/2025 14:47,503.1665087,542.935485,32.96503888,-8.504477912,534.9184917,-49.52972017,51.95286387
6/7/2025 14:48,500.5740385,540.2071098,32.96974818,-8.531356825,532.1105399,-49.54030513,51.88891662
6/7/2025 14:49,497.9660835,537.4616405,32.97432299,-8.557933322,529.2864076,-49.55101498,51.8244326
6/7/2025 14:50,495.3427475,534.6991758,32.97876081,-8.584202358,526.4462053,-49.56185357,51.75941153
6/7/2025 14:51,492.7041361,531.9198162,32.98305915,-8.610158862,523.590045,-49.57282474,51.69385317
6/7/2025 14:52,490.0503568,529.1236641,32.98721553,-8.635797743,520.7180411,-49.58393231,51.62775731
6/7/2025 14:53,487.3815192,526.3108244,32.99122744,-8.661113893,517.8303097,-49.59518006,51.56112377
6/7/2025 14:54,484.6977348,523.4814036,32.99509239,-8.686102187,514.926969,-49.60657178,51.4939524
6/7/2025 14:55,481.9991172,520.6355106,32.9988079,-8.710757483,512.0081391,-49.61811124,51.42624309
6/7/2025 14:56,479.2857819,517.7732565,33.00237146,-8.735074629,509.0739422,-49.62980215,51.35799577
6/7/2025 14:57,476.5578464,514.8947542,33.0057806,-8.759048458,506.1245023,-49.64164825,51.2892104
6/7/2025 14:58,473.8154304,512.000119,33.00903282,-8.782673797,503.1599457,-49.6536532,51.21988697
6/7/2025 14:59,471.0586554,509.0894681,33.01212566,-8.805945464,500.1804005,-49.66582069,51.15002552
6/7/2025 15:00,467.3930265,504.8703397,33.01439893,-8.816337944,496.0257205,-49.7002029,51.04072743
6/7/2025 15:01,464.6079063,501.9280185,33.01716556,-8.838886701,493.0165908,-49.71270632,50.96979023
6/7/2025 15:02,461.8088039,498.9700467,33.01976539,-8.861066216,489.9928693,-49.72538309,50.89831539
6/7/2025 15:03,458.9958492,495.9965505,33.02219597,-8.882871293,486.9546923,-49.73823677,50.82630311
6/7/2025 15:04,456.1691737,493.007658,33.02445486,-8.904296744,483.9021982,-49.75127087,50.75375364
6/7/2025 15:05,453.3289113,490.0034997,33.0265396,-8.925337379,480.8355275,-49.76448888,50.68066729
6/7/2025 15:06,450.4751978,486.9842082,33.02844778,-8.94598802,477.7548226,-49.77789425,50.6070444
6/7/2025 15:07,447.608171,483.9499185,33.03017698,-8.96624349,474.6602282,-49.7914904,50.53288538
6/7/2025 15:08,444.7279708,480.9007675,33.0317248,-8.986098625,471.5518908,-49.80528072,50.45819066
6/7/2025 15:09,441.8347392,477.8368945,33.03308884,-9.005548273,468.4299592,-49.81926856,50.38296076
6/7/2025 15:10,438.9286201,474.7584411,33.03426672,-9.024587292,465.2945842,-49.83345723,50.30719621
6/7/2025 15:11,436.0097596,471.6655511,33.03525607,-9.043210559,462.1459187,-49.84784999,50.23089763
6/7/2025 15:12,433.0783056,468.5583703,33.03605454,-9.061412963,458.9841176,-49.86245009,50.15406568
6/7/2025 15:13,430.1344082,465.4370471,33.03665981,-9.079189417,455.8093379,-49.87726072,50.07670106
6/7/2025 15:14,427.1782197,462.301732,33.03706954,-9.096534851,452.6217387,-49.89228503,49.99880456
6/7/2025 15:15,424.209894,459.1525775,33.03728143,-9.113444218,449.4214811,-49.90752613,49.92037699
6/7/2025 15:16,421.2295874,455.9897386,33.0372932,-9.129912496,446.2087284,-49.92298709,49.84141925
6/7/2025 15:17,418.2374581,452.8133726,33.03710257,-9.145934689,442.9836459,-49.93867093,49.76193229
6/7/2025 15:18,415.2336661,449.6236388,33.03670731,-9.161505828,439.7464008,-49.95458063,49.6819171
6/7/2025 15:19,412.2183738,446.4206989,33.03610519,-9.176620976,436.4971628,-49.97071912,49.60137477
6/7/2025 15:20,409.1917452,443.2047167,33.03529398,-9.191275225,433.2361031,-49.98708929,49.52030641
6/7/2025 15:21,406.1539467,439.9758585,33.03427152,-9.205463701,429.9633953,-50.00369397,49.43871323
6/7/2025 15:22,403.1051462,436.7342924,33.03303562,-9.219181566,426.6792151,-50.02053596,49.35659648
6/7/2025 15:23,400.045514,433.4801891,33.03158416,-9.232424018,423.3837399,-50.03761798,49.27395749
6/7/2025 15:24,396.9752222,430.2137214,33.02991501,-9.245186294,420.0771495,-50.05494274,49.19079765
6/7/2025 15:25,393.8944447,426.9350642,33.02802608,-9.257463671,416.7596254,-50.07251287,49.10711841
6/7/2025 15:26,390.8033576,423.6443948,33.02591529,-9.26925147,413.4313513,-50.09033095,49.0229213
6/7/2025 15:27,387.7021388,420.3418925,33.02358061,-9.280545051,410.092513,-50.10839952,48.93820791
6/7/2025 15:28,384.5909681,417.0277389,33.02102001,-9.291339827,406.743298,-50.12672106,48.85297991
6/7/2025 15:29,381.4700273,413.7021178,33.01823151,-9.301631252,403.383896,-50.14529799,48.76723901
6/7/2025 15:30,378.3395,410.3652151,33.01521314,-9.311414832,400.0144986,-50.16413268,48.68098703
6/7/2025 15:31,375.1995717,407.0172189,33.01196296,-9.320686122,396.6352995,-50.18322745,48.59422585
6/7/2025 15:32,372.0504297,403.6583194,33.00847907,-9.329440731,393.246494,-50.20258455,48.5069574
6/7/2025 15:33,368.8922634,400.2887091,33.00475959,-9.33767432,389.8482797,-50.22220618,48.4191837
6/7/2025 15:34,365.7252636,396.9085823,33.00080267,-9.345382608,386.440856,-50.24209449,48.33090685
6/7/2025 15:35,362.5496234,393.5181359,32.9966065,-9.35256137,383.0244241,-50.26225156,48.24212902
6/7/2025 15:36,359.3655374,390.1175684,32.99216929,-9.359206438,379.5991872,-50.28267942,48.15285244
6/7/2025 15:37,356.1732021,386.7070807,32.98748929,-9.365313707,376.1653503,-50.30338001,48.06307943
6/7/2025 15:38,352.9728156,383.2868757,32.98256477,-9.370879133,372.7231205,-50.32435526,47.97281239
6/7/2025 15:39,349.7645779,379.8571583,32.97739406,-9.375898735,369.2727063,-50.34560701,47.88205377
6/7/2025 15:40,346.5486908,376.4181354,32.97197549,-9.380368597,365.8143185,-50.36713702,47.79080613
6/7/2025 15:41,343.3253575,372.9700162,32.96630745,-9.38428487,362.3481693,-50.38894702,47.69907209
6/7/2025 15:42,340.0947832,369.5130115,32.96038834,-9.387643772,358.8744729,-50.41103867,47.60685435
6/7/2025 15:43,336.8571746,366.0473343,32.95421663,-9.390441592,355.3934453,-50.43341355,47.51415569
6/7/2025 15:44,333.6127401,362.5731997,32.9477908,-9.392674688,351.9053041,-50.4560732,47.42097896
6/7/2025 15:45,330.3616896,359.0908245,32.94110936,-9.394339491,348.4102687,-50.47901906,47.3273271
6/7/2025 15:46,327.1042349,355.6004276,32.93417088,-9.395432507,344.9085603,-50.50225256,47.23320312
6/7/2025 15:47,323.840589,352.1022295,32.92697396,-9.395950313,341.4004015,-50.525775,47.13861013
6/7/2025 15:48,320.5709666,348.5964531,32.91951723,-9.395889567,337.8860169,-50.54958766,47.04355129
6/7/2025 15:49,317.2955841,345.0833227,32.91179937,-9.395247002,334.3656326,-50.57369175,46.94802986
6/7/2025 15:50,314.014659,341.5630647,32.90381908,-9.39401943,330.8394761,-50.59808838,46.85204918
6/7/2025 15:51,310.7284107,338.0359072,32.89557512,-9.392203744,327.3077767,-50.62277863,46.75561267
6/7/2025 15:52,307.4370598,334.50208,32.88706628,-9.38979692,323.7707654,-50.6477635,46.65872381
6/7/2025 15:53,304.1408283,330.9618149,32.8782914,-9.386796013,320.2286744,-50.67304391,46.5613862
6/7/2025 15:54,300.8399397,327.4153452,32.86924933,-9.383198165,316.6817376,-50.69862072,46.46360348
6/7/2025 15:55,297.5346188,323.8629061,32.85993901,-9.379000601,313.1301903,-50.72449473,46.3653794
6/7/2025 15:56,294.2250919,320.3047344,32.85035937,-9.374200635,309.5742694,-50.75066667,46.26671779
6/7/2025 15:57,290.9115862,316.7410686,32.84050943,-9.368795665,306.014213,-50.77713718,46.16762255
6/7/2025 15:58,287.5943306,313.1721486,32.83038821,-9.36278318,302.4502608,-50.80390685,46.06809765
6/7/2025 15:59,284.273555,309.5982162,32.8199948,-9.356160758,298.8826537,-50.8309762,45.96814719
6/7/2025 16:00,280.0548722,304.7269331,32.80867063,-9.33640574,294.1513575,-50.88039423,45.82887657
6/7/2025 16:01,276.7277515,301.1437071,32.79773026,-9.32855654,290.5771689,-50.9080642,45.72808747
6/7/2025 16:02,273.3978078,297.5562031,32.7865152,-9.320090684,287.0000561,-50.93603497,45.62688549
6/7/2025 16:03,270.0652759,293.9646687,32.77502471,-9.311006118,283.4202654,-50.96430679,45.52527501
6/7/2025 16:04,266.7303915,290.3693532,32.7632581,-9.301300883,279.838044,-50.9928798,45.42326051
6/7/2025 16:05,263.3933913,286.7705071,32.75121469,-9.290973114,276.2536405,-51.02175411,45.32084655
6/7/2025 16:06,260.0545131,283.1683824,32.7388939,-9.280021045,272.6673044,-51.05092973,45.21803776
6/7/2025 16:07,256.7139957,279.5632325,32.72629514,-9.268443005,269.0792865,-51.08040663,45.11483887
6/7/2025 16:08,253.3720788,275.9553119,32.7134179,-9.256237422,265.4898386,-51.11018468,45.01125466
6/7/2025 16:09,250.0290031,272.3448767,32.7002617,-9.243402822,261.8992136,-51.14026368,44.90729002
6/7/2025 16:10,246.68501,268.7321838,32.68682612,-9.229937831,258.3076652,-51.17064339,44.80294991
6/7/2025 16:11,243.3403419,265.1174917,32.67311078,-9.215841176,254.7154483,-51.20132346,44.69823935
6/7/2025 16:12,239.995242,261.5010598,32.65911533,-9.201111682,251.1228187,-51.23230349,44.59316348
6/7/2025 16:13,236.6499541,257.8831486,32.6448395,-9.185748281,247.5300329,-51.26358301,44.48772748
6/7/2025 16:14,233.3047229,254.2640201,32.63028303,-9.169750003,243.9373484,-51.29516147,44.38193662
6/7/2025 16:15,229.9597939,250.6439367,32.61544573,-9.15311598,240.3450235,-51.32703826,44.27579627
6/7/2025 16:16,226.6154129,247.0231624,32.60032745,-9.135845453,236.7533172,-51.35921269,44.16931184
6/7/2025 16:17,223.2718265,243.4019618,32.58492809,-9.117937761,233.1624893,-51.391684,44.06248886
6/7/2025 16:18,219.9292821,239.7806005,32.5692476,-9.099392352,229.5728004,-51.42445137,43.95533289
6/7/2025 16:19,216.5880272,236.1593451,32.55328597,-9.080208775,225.9845115,-51.4575139,43.84784959
6/7/2025 16:20,213.2483101,232.538463,32.53704324,-9.06038669,222.3978844,-51.49087061,43.74004471
6/7/2025 16:21,209.9103796,228.9182223,32.52051949,-9.039925856,218.8131815,-51.52452047,43.63192405
6/7/2025 16:22,206.5744846,225.298892,32.50371487,-9.018826145,215.2306656,-51.55846237,43.52349349
6/7/2025 16:23,203.2408747,221.6807417,32.48662956,-8.997087531,211.6506001,-51.59269514,43.414759
6/7/2025 16:24,199.9097997,218.0640418,32.46926378,-8.974710097,208.0732487,-51.62721752,43.3057266
6/7/2025 16:25,196.5815096,214.4490631,32.45161782,-8.951694034,204.4988757,-51.66202821,43.19640239
6/7/2025 16:26,193.2562549,210.8360774,32.43369201,-8.928039638,200.9277457,-51.69712582,43.08679255
6/7/2025 16:27,189.9342861,207.2253566,32.41548672,-8.903747315,197.3601235,-51.73250889,42.97690332
6/7/2025 16:28,186.6158539,203.6171734,32.39700236,-8.878817579,193.7962743,-51.7681759,42.86674102
6/7/2025 16:29,183.3012092,200.0118008,32.37823942,-8.853251051,190.2364636,-51.80412527,42.75631203
6/7/2025 16:30,179.9906029,196.4095124,32.35919841,-8.827048462,186.6809568,-51.84035534,42.64562279
6/7/2025 16:31,176.6842861,192.8105818,32.3398799,-8.800210649,183.1300199,-51.87686439,42.53467984
6/7/2025 16:32,173.3825096,189.2152832,32.3202845,-8.772738559,179.5839185,-51.91365063,42.42348975
6/7/2025 16:33,170.0855245,185.6238912,32.30041286,-8.744633249,176.0429187,-51.9507122,42.31205918
6/7/2025 16:34,166.7935815,182.0366802,32.28026571,-8.715895881,172.5072862,-51.98804719,42.20039484
6/7/2025 16:35,163.5069313,178.4539252,32.2598438,-8.68652773,168.9772871,-52.02565361,42.08850352
6/7/2025 16:36,160.2258246,174.875901,32.23914792,-8.656530174,165.453187,-52.0635294,41.97639205
6/7/2025 16:37,156.9505116,171.3028827,32.21817893,-8.625904705,161.9352516,-52.10167246,41.86406734
6/7/2025 16:38,153.6812423,167.7351454,32.19693773,-8.59465292,158.4237464,-52.1400806,41.75153635
6/7/2025 16:39,150.4182665,164.1729641,32.17542527,-8.562776525,154.9189368,-52.17875158,41.63880611
6/7/2025 16:40,147.1618335,160.6166137,32.15364252,-8.530277332,151.4210875,-52.21768311,41.52588371
6/7/2025 16:41,143.9121923,157.0663692,32.13159054,-8.497157266,147.9304635,-52.25687281,41.41277627
6/7/2025 16:42,140.6695914,153.5225052,32.1092704,-8.463418354,144.4473289,-52.29631826,41.29949101
6/7/2025 16:43,137.4342789,149.9852963,32.08668324,-8.429062732,140.9719477,-52.33601697,41.18603517
6/7/2025 16:44,134.2065022,146.4550168,32.06383024,-8.394092644,137.5045834,-52.37596639,41.07241606
6/7/2025 16:45,130.9865083,142.9319404,32.0407126,-8.35851044,134.0454989,-52.41616391,40.95864103
6/7/2025 16:46,127.7745435,139.4163408,32.01733161,-8.322318575,130.5949566,-52.45660688,40.84471751
6/7/2025 16:47,124.5708533,135.9084913,31.99368857,-8.285519612,127.1532183,-52.49729255,40.73065294
6/7/2025 16:48,121.3756826,132.4086643,31.96978485,-8.248116217,123.7205452,-52.53821816,40.61645485
6/7/2025 16:49,118.1892757,128.9171323,31.94562184,-8.210111163,120.2971977,-52.57938085,40.50213079
6/7/2025 16:50,115.0118757,125.4341668,31.92120099,-8.171507326,116.8834356,-52.62077775,40.38768836
6/7/2025 16:51,111.8437253,121.9600388,31.89652379,-8.132307686,113.4795178,-52.66240588,40.27313522
6/7/2025 16:52,108.6850659,118.4950187,31.87159178,-8.092515327,110.0857023,-52.70426226,40.15847906
6/7/2025 16:53,105.5361382,115.0393761,31.84640654,-8.052133436,106.7022464,-52.74634383,40.04372762
6/7/2025 16:54,102.3971818,111.5933799,31.82096968,-8.011165301,103.3294064,-52.78864746,39.92888868
6/7/2025 16:55,99.2684353,108.1572983,31.79528288,-7.969614312,99.96743741,-52.83117,39.81397005
6/7/2025 16:56,96.15013623,104.7313984,31.76934783,-7.927483959,96.6165938,-52.87390823,39.6989796
6/7/2025 16:57,93.04252099,101.3159465,31.74316628,-7.884777834,93.27712872,-52.91685888,39.58392521
6/7/2025 16:58,89.94582478,97.91120797,31.71674003,-7.841499627,89.94929418,-52.96001864,39.46881481
6/7/2025 16:59,86.86028161,94.5174471,31.69007091,-7.797653127,86.63334106,-53.00338414,39.35365638
6/7/2025 17:00,82.89150578,89.84234553,31.66250309,-7.740721894,82.16924247,-53.06900053,39.19955919
6/7/2025 17:01,79.82896558,86.47132859,31.63535388,-7.695750565,78.87779978,-53.11276723,39.0843287
6/7/2025 17:02,76.77827268,83.11207566,31.60796754,-7.650222893,75.59898354,-53.1567293,38.96907425
6/7/2025 17:03,73.73965574,79.76484645,31.58034605,-7.604143055,72.33303939,-53.20088317,38.85380393
6/7/2025 17:04,70.71334199,76.42989942,31.55249145,-7.557515317,69.08021157,-53.24522526,38.73852585
6/7/2025 17:05,67.69955722,73.10749174,31.52440581,-7.510344044,65.84074288,-53.28975191,38.62324816
6/7/2025 17:06,64.69852563,69.79787916,31.49609124,-7.462633691,62.61487458,-53.33445946,38.507979
6/7/2025 17:07,61.71046988,66.50131603,31.46754988,-7.414388805,59.40284638,-53.37934417,38.39272656
6/7/2025 17:08,58.73561102,63.21805524,31.43878391,-7.365614023,56.20489639,-53.42440228,38.27749905
6/7/2025 17:09,55.77416837,59.94834809,31.40979557,-7.316314073,53.02126101,-53.46962998,38.16230469
6/7/2025 17:10,52.82635966,56.69244442,31.3805871,-7.26649377,49.85217503,-53.51502344,38.04715172
6/7/2025 17:11,49.89240078,53.45059234,31.35116079,-7.216158016,46.69787142,-53.56057876,37.93204839
6/7/2025 17:12,46.97250584,50.22303832,31.32151898,-7.165311799,43.55858136,-53.60629202,37.81700298
6/7/2025 17:13,44.06688718,47.01002715,31.29166402,-7.113960195,40.43453424,-53.65215928,37.70202376
6/7/2025 17:14,41.17575518,43.81180178,31.26159831,-7.062108359,37.32595749,-53.69817654,37.58711903
6/7/2025 17:15,38.29931837,40.6286034,31.23132428,-7.009761534,34.23307668,-53.74433979,37.47229709
6/7/2025 17:16,35.43778329,37.46067128,31.2008444,-6.956925041,31.15611534,-53.79064495,37.35756624
6/7/2025 17:17,32.59135446,34.3082428,31.17016115,-6.903604282,28.095295,-53.83708796,37.24293481
6/7/2025 17:18,29.76023442,31.17155336,31.13927707,-6.849804739,25.05083514,-53.88366468,37.1284111
6/7/2025 17:19,26.94462354,28.05083635,31.10819471,-6.795531969,22.02295308,-53.93037097,37.01400345
6/7/2025 17:20,24.14472015,24.9463231,31.07691666,-6.74079161,19.01186402,-53.97720265,36.89972016
6/7/2025 17:21,21.36072037,21.85824283,31.04544555,-6.685589372,16.01778096,-54.02415552,36.78556957
6/7/2025 17:22,18.59281812,18.78682258,31.01378401,-6.629931039,13.0409146,-54.07122535,36.67155998
6/7/2025 17:23,15.8412051,15.73228722,30.98193473,-6.573822467,10.08147343,-54.11840788,36.55769972
6/7/2025 17:24,13.10607071,12.69485936,30.94990041,-6.517269587,7.139663565,-54.16569883,36.44399708
6/7/2025 17:25,10.38760199,9.67475925,30.91768379,-6.460278392,4.215688699,-54.2130939,36.33046036
6/7/2025 17:26,7.685983736,6.672204926,30.88528762,-6.402854952,1.30975022,-54.26058876,36.21709786
6/7/2025 17:27,5.001398213,3.687411897,30.85271469,-6.345005397,-1.577953062,-54.30817907,36.10391784
6/7/2025 17:28,2.334025369,0.72059336,30.81996782,-6.286735927,-4.447224727,-54.35586047,35.99092858
6/7/2025 17:29,-0.315957404,-2.22804006,30.78704983,-6.228052803,-7.297870986,-54.40362856,35.87813832
6/7/2025 17:30,-2.948375198,-5.158280234,30.7539636,-6.168962347,-10.12970061,-54.45147895,35.76555529
6/7/2025 17:31,-5.563055591,-8.06992154,30.72071201,-6.109470948,-12.94252492,-54.49940721,35.65318771
6/7/2025 17:32,-8.159828823,-10.96276105,30.68729795,-6.049585047,-15.73615801,-54.54740892,35.54104377
6/7/2025 17:33,-10.73852771,-13.83659845,30.65372437,-5.989311149,-18.51041661,-54.59547962,35.42913164
6/7/2025 17:34,-13.29898769,-16.69123611,30.61999422,-5.92865581,-21.26512018,-54.64361486,35.31745947
6/7/2025 17:35,-15.84104692,-19.52647915,30.58611047,-5.867625644,-24.000091,-54.69181016,35.20603537
6/7/2025 17:36,-18.36454626,-22.34213545,30.5520761,-5.806227319,-26.71515411,-54.74006105,35.09486746
6/7/2025 17:37,-20.86932931,-25.13801574,30.51789414,-5.74446755,-29.41013746,-54.78836301,34.98396378
6/7/2025 17:38,-23.35524247,-27.91393359,30.48356762,-5.682353106,-32.08487185,-54.83671157,34.87333238
6/7/2025 17:39,-25.82213491,-30.66970544,30.44909958,-5.619890802,-34.73919101,-54.8851022,34.76298125
6/7/2025 17:40,-28.26985869,-33.40515072,30.41449309,-5.557087501,-37.37293164,-54.93353039,34.65291838
6/7/2025 17:41,-30.69826872,-36.12009181,30.37975124,-5.49395011,-39.98593344,-54.98199163,34.54315168
6/7/2025 17:42,-33.10722282,-38.81435409,30.34487712,-5.430485579,-42.57803909,-55.03048138,34.43368905
6/7/2025 17:43,-35.49658174,-41.48776601,30.30987385,-5.3667009,-45.14909441,-55.07899513,34.32453836
6/7/2025 17:44,-37.86620919,-44.1401591,30.27474455,-5.302603107,-47.69894824,-55.12752835,34.21570741
6/7/2025 17:45,-40.21597186,-46.771368,30.23949238,-5.238199268,-50.22745258,-55.1760765,34.10720397
6/7/2025 17:46,-42.54573951,-49.38123058,30.20412048,-5.17349649,-52.73446263,-55.22463506,33.99903578
6/7/2025 17:47,-44.85538486,-51.96958778,30.16863203,-5.108501916,-55.21983669,-55.27319951,33.89121051
6/7/2025 17:48,-47.14478377,-54.53628388,30.13303021,-5.04322272,-57.68343636,-55.32176532,33.78373579
6/7/2025 17:49,-49.41381519,-57.08116638,30.09731819,-4.977666106,-60.12512647,-55.37032798,33.67661922
6/7/2025 17:50,-51.66236115,-59.60408607,30.0614992,-4.911839312,-62.54477509,-55.41888297,33.56986832
6/7/2025 17:51,-53.89030688,-62.10489709,30.02557643,-4.8457496,-64.94225366,-55.46742579,33.46349057
6/7/2025 17:52,-56.09754073,-64.58345689,29.98955311,-4.77940426,-67.31743691,-55.51595194,33.3574934
6/7/2025 17:53,-58.28395428,-67.03962638,29.95343245,-4.712810605,-69.67020294,-55.56445693,33.25188417
6/7/2025 17:54,-60.44944233,-69.47326985,29.91721771,-4.645975972,-72.00043328,-55.61293627,33.1466702
6/7/2025 17:55,-62.59390287,-71.88425503,29.8809121,-4.578907717,-74.30801282,-55.66138551,33.04185874
6/7/2025 17:56,-64.71723722,-74.27245316,29.84451889,-4.511613217,-76.59282992,-55.70980018,32.93745697
6/7/2025 17:57,-66.81934992,-76.63773898,29.80804132,-4.444099865,-78.85477642,-55.75817585,32.83347203
6/7/2025 17:58,-68.90014883,-78.97999073,29.77148265,-4.37637507,-81.0937476,-55.80650807,32.72991097
6/7/2025 17:59,-70.95954514,-81.29909028,29.73484613,-4.308446254,-83.3096423,-55.85479244,32.6267808
6/7/2025 18:00,-73.8920718,-84.88750461,29.69747733,-4.227800525,-86.66263939,-55.92507313,32.48518972
6/7/2025 18:01,-75.90840979,-87.15995956,29.6606949,-4.159485982,-88.83209173,-55.97324862,32.38294204
6/7/2025 18:02,-77.90309882,-89.40892941,29.62384441,-4.090989748,-90.97818536,-56.02136313,32.28114582
6/7/2025 18:03,-79.87606347,-91.63431044,29.58692913,-4.022319284,-93.10083331,-56.06941232,32.17980779
6/7/2025 18:04,-81.82723182,-93.83600272,29.54995231,-3.953482054,-95.19995232,-56.11739185,32.07893459
6/7/2025 18:05,-83.75653527,-96.0139099,29.51291723,-3.884485526,-97.27546267,-56.16529744,31.97853279
6/7/2025 18:06,-85.66390872,-98.16793945,29.47582713,-3.815337165,-99.32728837,-56.21312481,31.87860887
6/7/2025 18:07,-87.5492905,-100.2980026,29.43868529,-3.746044442,-101.3553571,-56.2608697,31.77916927
6/7/2025 18:08,-89.41262235,-102.4040141,29.40149495,-3.676614819,-103.3596,-56.30852791,31.68022031
6/7/2025 18:09,-91.25384953,-104.485893,29.36425937,-3.607055758,-105.3399524,-56.35609521,31.58176824
6/7/2025 18:10,-93.07292076,-106.5435615,29.32698178,-3.537374715,-107.2963527,-56.40356745,31.48381925
6/7/2025 18:11,-94.86978825,-108.5769462,29.28966544,-3.467579135,-109.2287436,-56.45094048,31.38637942
6/7/2025 18:12,-96.64440769,-110.5859772,29.25231358,-3.397676457,-111.1370712,-56.49821018,31.28945475
6/7/2025 18:13,-98.39673829,-112.5705885,29.21492941,-3.327674108,-113.0212855,-56.54537248,31.19305116
6/7/2025 18:14,-100.1267428,-114.530718,29.17751617,-3.257579499,-114.8813401,-56.59242331,31.09717449
6/7/2025 18:15,-101.8343874,-116.4663076,29.14007706,-3.18740003,-116.7171926,-56.63935866,31.00183047
6/7/2025 18:16,-103.5196419,-118.3773028,29.10261529,-3.117143082,-118.5288042,-56.68617453,30.90702476
6/7/2025 18:17,-105.1824796,-120.2636532,29.06513404,-3.046816019,-120.3161398,-56.73286699,30.81276291
6/7/2025 18:18,-106.8228773,-122.1253124,29.0276365,-2.976426186,-122.0791685,-56.7794321,30.71905039
6/7/2025 18:19,-108.4408154,-123.9622377,28.99012585,-2.905980903,-123.8178628,-56.82586598,30.62589258
6/7/2025 18:20,-110.0362778,-125.7743905,28.95260522,-2.835487469,-125.5321991,-56.8721648,30.53329474
6/7/2025 18:21,-111.609252,-127.5617361,28.91507779,-2.764953157,-127.2221577,-56.91832474,30.44126208
6/7/2025 18:22,-113.1597289,-129.3242436,28.87754666,-2.694385216,-128.8877227,-56.96434203,30.34979965
6/7/2025 18:23,-114.6877031,-131.0618863,28.84001497,-2.623790859,-130.5288821,-57.01021294,30.25891246
6/7/2025 18:24,-116.1931727,-132.7746413,28.80248582,-2.553177279,-132.1456274,-57.0559338,30.16860539
6/7/2025 18:25,-117.6761393,-134.4624897,28.7649623,-2.482551628,-133.7379542,-57.10150094,30.07888322
6/7/2025 18:26,-119.1366081,-136.1254166,28.72744747,-2.411921029,-135.3058619,-57.14691077,29.98975064
6/7/2025 18:27,-120.5745878,-137.763411,28.6899444,-2.34129257,-136.8493538,-57.19215972,29.90121221
6/7/2025 18:28,-121.9900906,-139.3764659,28.65245612,-2.2706733,-138.3684367,-57.23724427,29.81327243
6/7/2025 18:29,-123.3831324,-140.9645784,28.61498565,-2.200070232,-139.8631216,-57.28216096,29.72593566
6/7/2025 18:30,-124.7537324,-142.5277493,28.57753599,-2.129490337,-141.3334231,-57.32690636,29.63920617
6/7/2025 18:31,-126.1019135,-144.0659837,28.54011014,-2.058940546,-142.7793596,-57.37147708,29.5530881
6/7/2025 18:32,-127.4277019,-145.5792905,28.50271104,-1.988427744,-144.2009534,-57.41586979,29.46758552
6/7/2025 18:33,-128.7311275,-147.0676824,28.46534165,-1.917958775,-145.5982306,-57.46008121,29.38270237
6/7/2025 18:34,-130.0122237,-148.5311764,28.42800487,-1.847540435,-146.9712211,-57.50410809,29.29844248
6/7/2025 18:35,-131.2710272,-149.9697933,28.39070362,-1.777179471,-148.3199586,-57.54794726,29.21480956
6/7/2025 18:36,-132.5075784,-151.3835578,28.35344077,-1.706882582,-149.6444804,-57.59159556,29.13180723
6/7/2025 18:37,-133.721921,-152.7724986,28.31621917,-1.636656416,-150.9448278,-57.63504993,29.04943899
6/7/2025 18:38,-134.9141021,-154.1366484,28.27904165,-1.56650757,-152.2210458,-57.67830731,28.96770823
6/7/2025 18:39,-136.0841726,-155.4760437,28.24191103,-1.496442582,-153.4731831,-57.72136474,28.88661822
6/7/2025 18:40,-137.2321863,-156.790725,28.20483007,-1.426467941,-154.7012921,-57.76421926,28.80617211
6/7/2025 18:41,-138.3582009,-158.0807368,28.16780155,-1.356590078,-155.9054292,-57.80686802,28.72637295
6/7/2025 18:42,-139.4622771,-159.3461274,28.13082818,-1.286815362,-157.0856541,-57.84930819,28.64722367
6/7/2025 18:43,-140.5444794,-160.5869489,28.09391267,-1.217150107,-158.2420305,-57.89153699,28.56872709
6/7/2025 18:44,-141.6048752,-161.8032576,28.05705771,-1.147600564,-159.3746258,-57.93355172,28.49088589
6/7/2025 18:45,-142.6435356,-162.9951132,28.02026594,-1.078172923,-160.4835108,-57.97534972,28.41370266
6/7/2025 18:46,-143.6605348,-164.1625797,27.98353998,-1.008873309,-161.5687602,-58.01692838,28.33717986
6/7/2025 18:47,-144.6559506,-165.3057246,27.94688243,-0.939707783,-162.6304522,-58.05828517,28.26131983
6/7/2025 18:48,-145.6298637,-166.4246194,27.91029585,-0.870682342,-163.6686687,-58.0994176,28.1861248
6/7/2025 18:49,-146.5823585,-167.5193393,27.87378278,-0.80180291,-164.6834951,-58.14032324,28.11159688
6/7/2025 18:50,-147.5135222,-168.5899634,27.83734573,-0.733075349,-165.6750206,-58.18099971,28.03773805
6/7/2025 18:51,-148.4234456,-169.6365745,27.80098717,-0.664505446,-166.6433376,-58.22144471,27.96455017
6/7/2025 18:52,-149.3122225,-170.6592591,27.76470954,-0.596098921,-167.5885423,-58.26165599,27.892035
6/7/2025 18:53,-150.17995,-171.6581075,27.72851526,-0.527861419,-168.5107343,-58.30163135,27.82019416
6/7/2025 18:54,-151.0267282,-172.6332135,27.69240671,-0.459798513,-169.4100168,-58.34136867,27.74902916
6/7/2025 18:55,-151.8526605,-173.5846749,27.65638624,-0.3919157,-170.2864963,-58.38086587,27.67854138
6/7/2025 18:56,-152.6578533,-174.512593,27.62045617,-0.324218403,-171.1402828,-58.42012094,27.60873209
6/7/2025 18:57,-153.4424161,-175.4170726,27.58461878,-0.256711968,-171.9714898,-58.45913193,27.53960243
6/7/2025 18:58,-154.2064615,-176.2982223,27.54887632,-0.189401663,-172.780234,-58.49789696,27.47115342
6/7/2025 18:59,-154.9501051,-177.1561541,27.51323101,-0.122292679,-173.5666356,-58.53641421,27.40338597
6/7/2025 19:00,-156.5680838,-179.2835654,27.47702734,-0.042869795,-175.4910946,-58.59673046,27.29740212
6/7/2025 19:01,-157.2712824,-180.095412,27.44158285,0.023821303,-176.2331848,-58.6347469,27.23099998
6/7/2025 19:02,-157.9544437,-180.8843982,27.40624195,0.090295997,-176.9533127,-58.67251046,27.16528136
6/7/2025 19:03,-158.6176952,-181.6506503,27.37100672,0.156549421,-177.6516116,-58.71001955,27.10024667
6/7/2025 19:04,-159.2611671,-182.3942976,27.33587921,0.222576796,-178.328218,-58.74727268,27.03589622
6/7/2025 19:05,-159.8849926,-183.1154733,27.30086143,0.288373423,-178.9832715,-58.78426839,26.97223016
6/7/2025 19:06,-160.4893074,-183.8143136,27.26595534,0.353934694,-179.6169149,-58.82100531,26.90924854
6/7/2025 19:07,-161.0742504,-184.4909581,27.23116287,0.419256081,-180.2292942,-58.85748211,26.8469513
6/7/2025 19:08,-161.6399629,-185.14555,27.19648594,0.484333147,-180.8205583,-58.89369753,26.78533823
6/7/2025 19:09,-162.1865891,-185.7782353,27.16192639,0.549161542,-181.3908592,-58.9296504,26.72440903
6/7/2025 19:10,-162.7142758,-186.3891636,27.12748605,0.613737004,-181.9403519,-58.96533959,26.66416325
6/7/2025 19:11,-163.2231724,-186.9784877,27.0931667,0.67805536,-182.4691944,-59.00076402,26.60460035
6/7/2025 19:12,-163.713431,-187.5463632,27.0589701,0.742112526,-182.9775476,-59.03592272,26.54571964
6/7/2025 19:13,-164.1852061,-188.0929492,27.02489796,0.805904511,-183.4655752,-59.07081475,26.48752033
6/7/2025 19:14,-164.638655,-188.6184077,26.99095194,0.869427413,-183.9334438,-59.10543923,26.43000151
6/7/2025 19:15,-165.0739371,-189.1229039,26.95713367,0.932677422,-184.381323,-59.13979538,26.37316213
6/7/2025 19:16,-165.4912146,-189.6066058,26.92344476,0.995650821,-184.8093848,-59.17388246,26.31700104
6/7/2025 19:17,-165.890652,-190.0696845,26.88988675,1.058343986,-185.2178042,-59.20769978,26.26151698
6/7/2025 19:18,-166.272416,-190.5123141,26.85646117,1.120753386,-185.6067589,-59.24124676,26.20670854
6/7/2025 19:19,-166.6366759,-190.9346713,26.82316949,1.182875583,-185.976429,-59.27452284,26.15257423
6/7/2025 19:20,-166.983603,-191.336936,26.79001314,1.244707236,-186.3269974,-59.30752755,26.09911242
6/7/2025 19:21,-167.3133711,-191.7192906,26.75699354,1.306245095,-186.6586496,-59.34026048,26.04632137
6/7/2025 19:22,-167.6261561,-192.0819205,26.72411202,1.367486008,-186.9715734,-59.37272128,25.99419923
6/7/2025 19:23,-167.922136,-192.4250136,26.69136992,1.428426919,-187.2659592,-59.40490966,25.94274401
6/7/2025 19:24,-168.201491,-192.7487606,26.65876851,1.489064865,-187.5419999,-59.43682542,25.89195364
6/7/2025 19:25,-168.4644033,-193.0533548,26.62630902,1.549396982,-187.7998906,-59.46846839,25.84182592
6/7/2025 19:26,-168.7110572,-193.338992,26.59399267,1.609420502,-188.0398288,-59.49983849,25.79235853
6/7/2025 19:27,-168.941639,-193.6058707,26.5618206,1.669132753,-188.2620144,-59.53093568,25.74354905
6/7/2025 19:28,-169.1563368,-193.8541916,26.52979394,1.72853116,-188.4666494,-59.56176002,25.69539495
6/7/2025 19:29,-169.3553407,-194.0841581,26.49791375,1.787613245,-188.653938,-59.59231159,25.64789357
6/7/2025 19:30,-169.5388428,-194.2959759,26.46618109,1.84637663,-188.8240866,-59.62259056,25.60104217
6/7/2025 19:31,-169.7070366,-194.4898529,26.43459694,1.904819031,-188.9773036,-59.65259717,25.55483787
6/7/2025 19:32,-169.8601177,-194.6659995,26.40316226,1.962938265,-189.1137995,-59.6823317,25.5092777
6/7/2025 19:33,-169.9982834,-194.8246281,26.37187797,2.020732242,-189.2337869,-59.71179451,25.46435859
6/7/2025 19:34,-170.1217324,-194.9659536,26.34074495,2.078198976,-189.3374802,-59.740986,25.42007734
6/7/2025 19:35,-170.2306653,-195.0901927,26.30976402,2.135336575,-189.4250956,-59.76990667,25.37643066
6/7/2025 19:36,-170.325284,-195.1975644,26.27893599,2.192143244,-189.4968515,-59.79855704,25.33341516
6/7/2025 19:37,-170.4057921,-195.2882896,26.24826161,2.24861729,-189.5529677,-59.82693771,25.29102733
6/7/2025 19:38,-170.4723947,-195.3625913,26.21774159,2.304757112,-189.5936659,-59.85504935,25.24926357
6/7/2025 19:39,-170.5252982,-195.4206942,26.18737661,2.360561213,-189.6191694,-59.88289268,25.20812019
6/7/2025 19:40,-170.5647105,-195.4628251,26.1571673,2.416028189,-189.6297035,-59.91046847,25.16759337
6/7/2025 19:41,-170.5908405,-195.4892126,26.12711426,2.471156734,-189.6254945,-59.93777758,25.12767922
6/7/2025 19:42,-170.6038987,-195.5000869,26.09721804,2.525945641,-189.6067706,-59.96482089,25.08837374
6/7/2025 19:43,-170.6040968,-195.49568,26.06747915,2.580393799,-189.5737614,-59.99159938,25.04967282
6/7/2025 19:44,-170.5916476,-195.4762256,26.03789807,2.634500193,-189.5266979,-60.01811404,25.01157228
6/7/2025 19:45,-170.5667648,-195.4419589,26.00847524,2.688263906,-189.4658125,-60.04436597,24.97406783
6/7/2025 19:46,-170.5296636,-195.3931166,25.97921105,2.741684117,-189.3913388,-60.07035628,24.93715509
6/7/2025 19:47,-170.4805599,-195.3299371,25.95010586,2.794760099,-189.3035118,-60.09608617,24.90082959
6/7/2025 19:48,-170.4196705,-195.25266,25.92115998,2.847491224,-189.2025676,-60.12155689,24.86508677
6/7/2025 19:49,-170.3472135,-195.1615264,25.89237369,2.899876957,-189.0887435,-60.14676973,24.82992198
6/7/2025 19:50,-170.2634076,-195.0567785,25.86374724,2.951916857,-188.9622778,-60.17172606,24.79533049
6/7/2025 19:51,-170.1684721,-194.9386602,25.83528082,3.003610579,-188.8234098,-60.19642727,24.76130746
6/7/2025 19:52,-170.0626276,-194.807416,25.8069746,3.054957872,-188.67238,-60.22087484,24.727848
6/7/2025 19:53,-169.9460949,-194.6632921,25.7788287,3.105958578,-188.5094297,-60.24507027,24.69494709
6/7/2025 19:54,-169.8190956,-194.5065354,25.75084321,3.15661263,-188.3348009,-60.26901515,24.66259969
6/7/2025 19:55,-169.6818522,-194.3373939,25.72301817,3.206920058,-188.1487366,-60.2927111,24.63080062
6/7/2025 19:56,-169.5345873,-194.1561167,25.69535361,3.256880979,-187.9514805,-60.31615978,24.59954465
6/7/2025 19:57,-169.3775242,-193.9629538,25.66784949,3.306495605,-187.743277,-60.33936293,24.56882648
6/7/2025 19:58,-169.2108868,-193.7581558,25.64050575,3.355764236,-187.5243711,-60.36232231,24.5386407
6/7/2025 19:59,-169.034899,-193.5419742,25.61332229,3.404687262,-187.2950084,-60.38503975,24.50898187
6/7/2025 20:00,-169.7444039,-194.6072431,25.58564128,3.465785492,-188.2157115,-60.42956569,24.44094572
6/7/2025 20:01,-169.5503894,-194.3690521,25.55877794,3.51401884,-187.966174,-60.45180493,24.41232409
6/7/2025 20:02,-169.3476987,-194.1202363,25.53207438,3.561908291,-187.7069193,-60.47380799,24.38421258
6/7/2025 20:03,-169.1365572,-193.8610499,25.50553033,3.609454588,-187.4381948,-60.49557689,24.35660544
6/7/2025 20:04,-168.9171901,-193.5917474,25.47914554,3.656658562,-187.1602481,-60.51711369,24.32949686
6/7/2025 20:05,-168.6898228,-193.3125838,25.45291968,3.703521129,-186.8733271,-60.53842049,24.30288097
6/7/2025 20:06,-168.4546806,-193.0238145,25.42685241,3.75004329,-186.5776797,-60.55949946,24.27675181
6/7/2025 20:07,-168.2119891,-192.7256953,25.40094335,3.796226129,-186.2735541,-60.58035277,24.2511034
6/7/2025 20:08,-167.9619734,-192.418482,25.37519209,3.842070815,-185.9611985,-60.60098267,24.22592966
6/7/2025 20:09,-167.7048586,-192.1024307,25.34959816,3.8875786,-185.6408611,-60.62139144,24.20122447
6/7/2025 20:10,-167.4408699,-191.7777977,25.32416111,3.932750812,-185.3127901,-60.6415814,24.17698166
6/7/2025 20:11,-167.1702319,-191.4448394,25.2988804,3.977588866,-184.9772334,-60.6615549,24.153195
6/7/2025 20:12,-166.893169,-191.1038121,25.2737555,4.022094252,-184.634439,-60.68131435,24.12985819
6/7/2025 20:13,-166.6099053,-190.754972,25.24878582,4.066268542,-184.2846545,-60.70086219,24.10696489
6/7/2025 20:14,-166.3206647,-190.3985753,25.22397077,4.110113381,-183.9281273,-60.72020089,24.08450873
6/7/2025 20:15,-166.0256702,-190.034878,25.19930969,4.153630494,-183.5651042,-60.73933296,24.06248326
6/7/2025 20:16,-165.7251448,-189.6641359,25.17480192,4.19682168,-183.1958321,-60.75826096,24.040882
6/7/2025 20:17,-165.4193106,-189.2866046,25.15044676,4.239688814,-182.820557,-60.77698747,24.01969843
6/7/2025 20:18,-165.1083892,-188.902539,25.12624348,4.282233842,-182.4395246,-60.79551511,23.99892597
6/7/2025 20:19,-164.7926017,-188.512194,25.10219131,4.324458784,-182.05298,-60.81384654,23.97855802
6/7/2025 20:20,-164.4721683,-188.1158239,25.07828948,4.366365731,-181.6611676,-60.83198443,23.95858793
6/7/2025 20:21,-164.1473086,-187.7136823,25.05453715,4.407956842,-181.2643313,-60.8499315,23.939009
6/7/2025 20:22,-163.8182413,-187.3060225,25.0309335,4.449234348,-180.8627141,-60.86769051,23.91981452
6/7/2025 20:23,-163.4851842,-186.893097,25.00747764,4.490200545,-180.4565583,-60.88526423,23.90099773
6/7/2025 20:24,-163.1483545,-186.4751575,24.98416868,4.530857796,-180.0461053,-60.90265547,23.88255185
6/7/2025 20:25,-162.8079681,-186.0524553,24.9610057,4.571208532,-179.6315957,-60.91986706,23.86447006
6/7/2025 20:26,-162.4642402,-185.6252405,24.93798773,4.611255243,-179.213269,-60.93690187,23.8467455
6/7/2025 20:27,-162.1173846,-185.1937626,24.91511381,4.651000486,-178.7913637,-60.95376278,23.82937132
6/7/2025 20:28,-161.7676145,-184.7582699,24.89238293,4.690446879,-178.3661175,-60.97045271,23.81234062
6/7/2025 20:29,-161.4151415,-184.3190101,24.86979407,4.729597098,-177.9377668,-60.98697459,23.79564647
6/7/2025 20:30,-161.0601763,-183.8762296,24.84734618,4.768453881,-177.5065467,-61.00333138,23.77928195
6/7/2025 20:31,-160.7029283,-183.4301736,24.82503818,4.807020021,-177.0726913,-61.01952608,23.76324008
6/7/2025 20:32,-160.3436056,-182.9810865,24.80286898,4.84529837,-176.6364334,-61.03556167,23.74751391
6/7/2025 20:33,-159.982415,-182.5292112,24.78083746,4.883291833,-176.1980044,-61.0514412,23.73209643
6/7/2025 20:34,-159.6195618,-182.0747894,24.75894247,4.92100337,-175.7576344,-61.0671677,23.71698065
6/7/2025 20:35,-159.2552502,-181.6180616,24.73718287,4.958435994,-175.3155519,-61.08274423,23.70215956
6/7/2025 20:36,-158.8896826,-181.1592669,24.71555746,4.995592767,-174.8719843,-61.09817388,23.68762613
6/7/2025 20:37,-158.5230602,-180.6986429,24.69406504,5.032476802,-174.427157,-61.11345975,23.67337333
6/7/2025 20:38,-158.1555824,-180.2364257,24.67270438,5.06909126,-173.9812942,-61.12860494,23.65939413
6/7/2025 20:39,-157.7874471,-179.7728501,24.65147426,5.10543935,-173.5346184,-61.14361259,23.64568149
6/7/2025 20:40,-157.4188507,-179.308149,24.6303734,5.141524324,-173.0873503,-61.15848584,23.63222837
6/7/2025 20:41,-157.0499877,-178.8425539,24.60940054,5.177349481,-172.639709,-61.17322783,23.61902773
6/7/2025 20:42,-156.6810512,-178.3762946,24.58855436,5.212918161,-172.1919117,-61.18784174,23.60607252
6/7/2025 20:43,-156.3122321,-177.909599,24.56783357,5.248233746,-171.744174,-61.20233074,23.59335572
6/7/2025 20:44,-155.94372,-177.4426935,24.54723683,5.283299657,-171.2967095,-61.21669801,23.5808703
6/7/2025 20:45,-155.5757023,-176.9758024,24.5267628,5.318119353,-170.8497299,-61.23094676,23.56860923
6/7/2025 20:46,-155.2083646,-176.5091483,24.50641011,5.352696333,-170.403445,-61.24508018,23.5565655
6/7/2025 20:47,-154.8418908,-176.0429518,24.4861774,5.387034127,-169.9580625,-61.25910148,23.54473211
6/7/2025 20:48,-154.4764626,-175.5774315,24.46606328,5.421136302,-169.5137881,-61.27301387,23.53310208
6/7/2025 20:49,-154.1122598,-175.112804,24.44606633,5.455006456,-169.0708256,-61.28682058,23.52166843
6/7/2025 20:50,-153.7494601,-174.6492839,24.42618516,5.488648219,-168.6293765,-61.30052483,23.5104242
6/7/2025 20:51,-153.3882394,-174.1870836,24.40641833,5.52206525,-168.1896401,-61.31412984,23.49936247
6/7/2025 20:52,-153.0287711,-173.7264134,24.38676439,5.555261236,-167.7518135,-61.32763885,23.4884763
6/7/2025 20:53,-152.6712269,-173.2674814,24.36722191,5.588239891,-167.3160918,-61.34105507,23.47775881
6/7/2025 20:54,-152.3157759,-172.8104932,24.34778942,5.621004953,-166.8826674,-61.35438175,23.46720312
6/7/2025 20:55,-151.9625854,-172.3556526,24.32846545,5.653560186,-166.4517306,-61.3676221,23.4568024
6/7/2025 20:56,-151.6118201,-171.9031607,24.30924852,5.685909372,-166.0234695,-61.38077935,23.44654982
6/7/2025 20:57,-151.2636428,-171.4532163,24.29013715,5.718056317,-165.5980694,-61.39385672,23.43643859
6/7/2025 20:58,-150.9182137,-171.0060157,24.27112982,5.750004845,-165.1757135,-61.40685744,23.42646196
6/7/2025 20:59,-150.5756907,-170.5617531,24.25222505,5.781758798,-164.7565823,-61.41978471,23.4166132
6/7/2025 21:00,-151.1308481,-171.4132013,24.23276361,5.825842359,-165.5011304,-61.45469029,23.3679869
6/7/2025 21:01,-150.7946021,-170.9753862,24.21405939,5.857218747,-165.0889803,-61.46748029,23.35837385
6/7/2025 21:02,-150.4617219,-170.5410756,24.19545317,5.888412173,-164.6805814,-61.48020644,23.34886871
6/7/2025 21:03,-150.132356,-170.1104533,24.1769434,5.919426534,-164.2761041,-61.49287193,23.33946491
6/7/2025 21:04,-149.8066502,-169.6837003,24.15852857,5.950265737,-163.8757159,-61.50547993,23.33015591
6/7/2025 21:05,-149.4847479,-169.2609952,24.14020713,5.980933695,-163.4795819,-61.51803362,23.32093522
6/7/2025 21:06,-149.1667899,-168.8425134,24.12197753,6.011434331,-163.0878642,-61.53053613,23.31179639
6/7/2025 21:07,-148.8529147,-168.4284281,24.10383824,6.041771573,-162.7007225,-61.54299061,23.30273301
6/7/2025 21:08,-148.5432578,-168.0189092,24.0857877,6.071949351,-162.3183133,-61.55540019,23.29373874
6/7/2025 21:09,-148.2379525,-167.6141242,24.06782437,6.1019716,-161.9407907,-61.56776798,23.28480726
6/7/2025 21:10,-147.9371292,-167.2142374,24.04994669,6.131842255,-161.5683057,-61.58009708,23.27593234
6/7/2025 21:11,-147.6409157,-166.8194106,24.03215311,6.161565249,-161.2010065,-61.59239057,23.26710775
6/7/2025 21:12,-147.3494373,-166.4298022,24.01444207,6.191144515,-160.8390384,-61.60465151,23.25832736
6/7/2025 21:13,-147.0628164,-166.0455681,23.99681203,6.220583984,-160.4825438,-61.61688295,23.24958507
6/7/2025 21:14,-146.7811729,-165.6668611,23.97926144,6.249887577,-160.1316622,-61.62908792,23.24087485
6/7/2025 21:15,-146.5046236,-165.2938308,23.96178874,6.279059213,-159.7865302,-61.64126943,23.23219072
6/7/2025 21:16,-146.2332831,-164.926624,23.94439239,6.308102803,-159.4472812,-61.65343047,23.22352677
6/7/2025 21:17,-145.9672627,-164.5653844,23.92707083,6.337022247,-159.1140456,-61.66557401,23.21487713
6/7/2025 21:18,-145.7066712,-164.2102526,23.90982254,6.365821436,-158.7869511,-61.67770298,23.20623602
6/7/2025 21:19,-145.4516146,-163.8613661,23.89264597,6.394504247,-158.466122,-61.68982032,23.1975977
6/7/2025 21:20,-145.202196,-163.5188593,23.87553958,6.423074545,-158.1516796,-61.70192893,23.18895652
6/7/2025 21:21,-144.9585158,-163.1828633,23.85850184,6.451536181,-157.8437422,-61.71403167,23.18030687
6/7/2025 21:22,-144.7206712,-162.8535063,23.84153124,6.479892987,-157.542425,-61.72613141,23.17164323
6/7/2025 21:23,-144.4887571,-162.5309131,23.82462625,6.508148779,-157.2478399,-61.73823096,23.16296014
6/7/2025 21:24,-144.262865,-162.2152054,23.80778535,6.536307355,-156.9600958,-61.75033312,23.15425221
6/7/2025 21:25,-144.0430839,-161.9065016,23.79100705,6.564372489,-156.6792984,-61.76244067,23.14551412
6/7/2025 21:26,-143.8294998,-161.6049169,23.77428983,6.592347939,-156.4055504,-61.77455634,23.13674063
6/7/2025 21:27,-143.6221956,-161.3105633,23.75763222,6.620237434,-156.1389509,-61.78668286,23.12792657
6/7/2025 21:28,-143.4212515,-161.0235493,23.74103273,6.648044681,-155.8795962,-61.79882289,23.11906685
6/7/2025 21:29,-143.2267449,-160.7439804,23.72448988,6.675773363,-155.6275792,-61.8109791,23.11015645
6/7/2025 21:30,-143.0387499,-160.4719585,23.70800221,6.703427133,-155.3829896,-61.82315411,23.10119044
6/7/2025 21:31,-142.857338,-160.2075825,23.69156826,6.731009618,-155.1459139,-61.83535052,23.09216395
6/7/2025 21:32,-142.6825776,-159.9509476,23.67518659,6.758524414,-154.9164354,-61.84757087,23.0830722
6/7/2025 21:33,-142.5145343,-159.702146,23.65885576,6.785975086,-154.6946339,-61.85981769,23.07391049
6/7/2025 21:34,-142.3532706,-159.4612663,23.64257435,6.81336517,-154.4805864,-61.87209349,23.06467422
6/7/2025 21:35,-142.1988462,-159.2283938,23.62634094,6.840698164,-154.2743661,-61.88440071,23.05535884
6/7/2025 21:36,-142.0513176,-159.0036105,23.61015414,6.867977534,-154.0760433,-61.89674178,23.0459599
6/7/2025 21:37,-141.9107387,-158.7869951,23.59401255,6.895206712,-153.885685,-61.90911909,23.03647305
6/7/2025 21:38,-141.7771602,-158.5786225,23.57791481,6.922389088,-153.7033547,-61.92153498,23.026894
6/7/2025 21:39,-141.6506299,-158.3785648,23.56185954,6.94952802,-153.5291129,-61.93399178,23.01721856
6/7/2025 21:40,-141.5311927,-158.1868901,23.54584541,6.976626823,-153.3630166,-61.94649176,23.00744263
6/7/2025 21:41,-141.4188905,-158.0036636,23.52987107,7.003688773,-153.2051196,-61.95903715,22.99756219
6/7/2025 21:42,-141.3137623,-157.8289468,23.51393521,7.030717104,-153.0554725,-61.97163018,22.98757332
6/7/2025 21:43,-141.2158442,-157.6627978,23.49803653,7.057715008,-152.9141224,-61.98427298,22.97747218
6/7/2025 21:44,-141.1251692,-157.5052716,23.48217372,7.084685635,-152.7811133,-61.9969677,22.96725502
6/7/2025 21:45,-141.0417675,-157.3564193,23.46634553,7.111632086,-152.6564859,-62.0097164,22.9569182
6/7/2025 21:46,-140.9656664,-157.2162891,23.45055068,7.138557421,-152.5402776,-62.02252115,22.94645816
6/7/2025 21:47,-140.8968901,-157.0849253,23.43478794,7.165464651,-152.4325225,-62.03538393,22.93587141
6/7/2025 21:48,-140.8354603,-156.9623693,23.41905609,7.192356741,-152.3332515,-62.04830671,22.9251546
6/7/2025 21:49,-140.7813952,-156.8486587,23.40335391,7.219236604,-152.2424922,-62.06129141,22.91430443
6/7/2025 21:50,-140.7347106,-156.7438279,23.38768021,7.246107109,-152.160269,-62.07433991,22.90331773
6/7/2025 21:51,-140.6954192,-156.6479079,23.37203383,7.272971068,-152.0866029,-62.08745403,22.8921914
6/7/2025 21:52,-140.663531,-156.5609263,23.35641361,7.299831248,-152.0215119,-62.10063559,22.88092245
6/7/2025 21:53,-140.6390528,-156.4829073,23.34081841,7.32669036,-151.9650106,-62.11388631,22.86950798
6/7/2025 21:54,-140.6219889,-156.4138717,23.32524711,7.353551062,-151.9171104,-62.12720792,22.85794518
6/7/2025 21:55,-140.6123406,-156.3538371,23.30969861,7.38041596,-151.8778197,-62.14060207,22.84623136
6/7/2025 21:56,-140.6101064,-156.3028176,23.29417185,7.407287603,-151.8471434,-62.15407037,22.83436391
6/7/2025 21:57,-140.6152821,-156.2608241,23.27866575,7.434168486,-151.8250836,-62.1676144,22.82234031
6/7/2025 21:58,-140.6278606,-156.227864,23.26317928,7.461061047,-151.8116388,-62.18123569,22.81015816
6/7/2025 21:59,-140.647832,-156.2039416,23.24771141,7.487967669,-151.8068047,-62.19493572,22.79781514
6/7/2025 22:00,-141.5698021,-157.4816394,23.23160346,7.527410999,-152.9708502,-62.23076448,22.74641032
6/7/2025 22:01,-141.6045188,-157.4757917,23.21616983,7.554352652,-152.9832117,-62.24462625,22.73373902
6/7/2025 22:02,-141.6465824,-157.4789746,23.20075187,7.581315158,-153.004152,-62.25857094,22.72090051
6/7/2025 22:03,-141.6959722,-157.4911792,23.18534865,7.608300664,-153.0336541,-62.27259983,22.70789287
6/7/2025 22:04,-141.7526647,-157.5123933,23.16995925,7.635311255,-153.0716983,-62.28671419,22.69471429
6/7/2025 22:05,-141.8166338,-157.5426017,23.15458277,7.662348957,-153.1182616,-62.30091523,22.68136304
6/7/2025 22:06,-141.8878509,-157.5817858,23.13921835,7.689415731,-153.1733181,-62.31520409,22.66783751
6/7/2025 22:07,-141.9662845,-157.629924,23.12386512,7.71651348,-153.2368388,-62.32958189,22.65413617
6/7/2025 22:08,-142.0519008,-157.6869914,23.10852228,7.743644041,-153.308792,-62.34404971,22.64025762
6/7/2025 22:09,-142.1446632,-157.7529602,23.093189,7.770809189,-153.3891427,-62.35860854,22.62620053
6/7/2025 22:10,-142.2445327,-157.8277992,23.07786451,7.798010636,-153.4778532,-62.37325938,22.61196369
6/7/2025 22:11,-142.3514677,-157.9114742,23.06254804,7.825250028,-153.5748829,-62.38800314,22.59754596
6/7/2025 22:12,-142.4654242,-158.0039482,23.04723885,7.852528948,-153.6801882,-62.40284069,22.58294634
6/7/2025 22:13,-142.5863557,-158.1051809,23.03193624,7.879848915,-153.7937228,-62.41777287,22.56816389
6/7/2025 22:14,-142.7142132,-158.2151291,23.0166395,7.907211379,-153.9154376,-62.43280046,22.55319781
6/7/2025 22:15,-142.8489453,-158.3337465,23.00134798,7.934617728,-154.0452804,-62.44792418,22.53804735
6/7/2025 22:16,-142.9904984,-158.4609841,22.98606101,7.962069284,-154.1831967,-62.46314474,22.52271191
6/7/2025 22:17,-143.1388162,-158.5967897,22.97077799,7.989567299,-154.3291289,-62.47846276,22.50719095
6/7/2025 22:18,-143.2938404,-158.7411084,22.9554983,8.017112963,-154.483017,-62.49387883,22.49148405
6/7/2025 22:19,-143.4555103,-158.8938824,22.94022138,8.044707394,-154.6447981,-62.50939351,22.47559087
6/7/2025 22:20,-143.6237628,-159.055051,22.92494667,8.072351649,-154.8144067,-62.52500728,22.45951118
6/7/2025 22:21,-143.7985328,-159.2245508,22.90967364,8.100046714,-154.9917749,-62.5407206,22.44324485
6/7/2025 22:22,-143.9797528,-159.4023156,22.89440178,8.127793507,-155.1768319,-62.55653386,22.42679183
6/7/2025 22:23,-144.1673534,-159.5882764,22.87913062,8.155592881,-155.3695048,-62.57244742,22.41015218
6/7/2025 22:24,-144.3612627,-159.7823615,22.8638597,8.183445619,-155.5697176,-62.58846159,22.39332606
6/7/2025 22:25,-144.561407,-159.9844968,22.84858858,8.211352439,-155.7773925,-62.60457663,22.37631371
6/7/2025 22:26,-144.7677103,-160.1946051,22.83331685,8.239313988,-155.9924488,-62.62079274,22.35911547
6/7/2025 22:27,-144.9800949,-160.4126071,22.81804412,8.267330847,-156.2148035,-62.6371101,22.34173178
6/7/2025 22:28,-145.1984807,-160.6384206,22.80277004,8.295403529,-156.4443715,-62.65352883,22.32416317
6/7/2025 22:29,-145.422786,-160.871961,22.78749425,8.32353248,-156.681065,-62.670049,22.30641026
6/7/2025 22:30,-145.652927,-161.1131413,22.77221646,8.351718075,-156.9247942,-62.68667064,22.28847376
6/7/2025 22:31,-145.8888179,-161.3618718,22.75693635,8.379960625,-157.1754669,-62.70339372,22.27035448
6/7/2025 22:32,-146.1303713,-161.6180607,22.74165367,8.408260371,-157.4329889,-62.7202182,22.25205331
6/7/2025 22:33,-146.3774979,-161.8816137,22.72636816,8.436617488,-157.6972635,-62.73714395,22.23357125
6/7/2025 22:34,-146.6301065,-162.1524341,22.71107962,8.465032081,-157.9681923,-62.75417082,22.21490937
6/7/2025 22:35,-146.8881043,-162.4304231,22.69578783,8.493504192,-158.2456744,-62.77129862,22.19606883
6/7/2025 22:36,-147.1513968,-162.7154796,22.68049262,8.522033792,-158.5296072,-62.78852709,22.17705088
6/7/2025 22:37,-147.4198879,-163.0075001,22.66519385,8.550620788,-158.819886,-62.80585596,22.15785687
6/7/2025 22:38,-147.6934796,-163.3063792,22.64989137,8.579265018,-159.1164041,-62.82328489,22.13848821
6/7/2025 22:39,-147.9720727,-163.6120094,22.63458509,8.607966256,-159.4190528,-62.84081351,22.11894642
6/7/2025 22:40,-148.2555662,-163.9242808,22.61927492,8.636724209,-159.7277218,-62.85844139,22.09923309
6/7/2025 22:41,-148.5438577,-164.2430819,22.6039608,8.665538517,-160.0422987,-62.87616808,22.0793499
6/7/2025 22:42,-148.8368434,-164.568299,22.5886427,8.694408757,-160.3626695,-62.89399306,22.0592986
6/7/2025 22:43,-149.134418,-164.8998165,22.57332059,8.723334441,-160.6887185,-62.91191581,22.03908104
6/7/2025 22:44,-149.4364748,-165.2375168,22.55799449,8.752315014,-161.0203281,-62.92993572,22.01869913
6/7/2025 22:45,-149.742906,-165.5812806,22.54266441,8.78134986,-161.3573793,-62.94805218,21.99815488
6/7/2025 22:46,-150.0536022,-165.9309869,22.52733042,8.810438296,-161.6997513,-62.9662645,21.97745036
6/7/2025 22:47,-150.368453,-166.2865127,22.51199259,8.839579579,-162.047322,-62.98457199,21.95658773
6/7/2025 22:48,-150.6873466,-166.6477335,22.496651,8.868772901,-162.3999674,-63.00297389,21.93556922
6/7/2025 22:49,-151.0101704,-167.0145231,22.48130578,8.898017394,-162.7575626,-63.0214694,21.91439713
6/7/2025 22:50,-151.3368102,-167.3867535,22.46595706,8.927312125,-163.1199808,-63.04005772,21.89307383
6/7/2025 22:51,-151.667151,-167.7642955,22.45060499,8.956656105,-163.487094,-63.05873796,21.87160179
6/7/2025 22:52,-152.001077,-168.1470182,22.43524976,8.986048279,-163.8587731,-63.07750922,21.84998352
6/7/2025 22:53,-152.3384709,-168.5347892,22.41989156,9.015487536,-164.2348874,-63.09637057,21.82822162
6/7/2025 22:54,-152.6792149,-168.9274747,22.40453061,9.044972704,-164.6153053,-63.11532101,21.80631874
6/7/2025 22:55,-153.0231902,-169.3249398,22.38916715,9.074502552,-164.9998938,-63.13435955,21.78427761
6/7/2025 22:56,-153.370277,-169.7270478,22.37380144,9.104075794,-165.3885188,-63.15348512,21.76210102
6/7/2025 22:57,-153.7203548,-170.1336613,22.35843375,9.133691083,-165.7810454,-63.17269664,21.73979184
6/7/2025 22:58,-154.0733025,-170.5446413,22.34306439,9.163347018,-166.1773374,-63.191993,21.71735299
6/7/2025 22:59,-154.4289981,-170.9598478,22.32769366,9.193042142,-166.5772576,-63.21137303,21.69478744
6/7/2025 23:00,-155.6819374,-172.6717213,22.31166421,9.235295269,-168.1409448,-63.2528841,21.63319953
6/7/2025 23:01,-156.0427603,-173.0949564,22.29629177,9.265064178,-168.547707,-63.27242788,21.6103898
6/7/2025 23:02,-156.4059614,-173.5219916,22.28091903,9.294867578,-168.957681,-63.29205168,21.58746269
6/7/2025 23:03,-156.7714165,-173.9526827,22.26554637,9.324703793,-169.3707264,-63.3117542,21.56442142
6/7/2025 23:04,-157.1390007,-174.3868847,22.2501742,9.354571103,-169.7867022,-63.33153414,21.54126926
6/7/2025 23:05,-157.5085888,-174.8244519,22.23480294,9.38446773,-170.2054665,-63.35139014,21.51800954
6/7/2025 23:06,-157.8800551,-175.2652374,22.21943303,9.41439185,-170.6268769,-63.37132083,21.49464564
6/7/2025 23:07,-158.2532738,-175.7090941,22.20406492,9.444341589,-171.0507904,-63.39132481,21.47118098
6/7/2025 23:08,-158.6281184,-176.1558738,22.18869909,9.474315025,-171.4770636,-63.41140064,21.44761906
6/7/2025 23:09,-159.0044626,-176.6054278,22.17333602,9.504310189,-171.9055526,-63.43154686,21.42396339
6/7/2025 23:10,-159.3821795,-177.0576069,22.15797621,9.534325064,-172.336113,-63.45176199,21.40021756
6/7/2025 23:11,-159.7611423,-177.5122613,22.14262019,9.56435759,-172.7686002,-63.47204451,21.37638517
6/7/2025 23:12,-160.141224,-177.9692408,22.12726849,9.594405664,-173.2028691,-63.49239287,21.35246989
6/7/2025 23:13,-160.5222975,-178.4283946,22.11192165,9.624467134,-173.6387745,-63.51280553,21.32847542
6/7/2025 23:14,-160.9042358,-178.8895717,22.09658023,9.654539813,-174.076171,-63.53328088,21.3044055
6/7/2025 23:15,-161.2869117,-179.3526208,22.08124482,9.684621466,-174.514913,-63.55381731,21.28026392
6/7/2025 23:16,-161.6701983,-179.8173903,22.06591598,9.714709825,-174.9548548,-63.5744132,21.25605449
6/7/2025 23:17,-162.0539686,-180.2837284,22.05059433,9.744802577,-175.3958506,-63.59506688,21.23178107
6/7/2025 23:18,-162.4380959,-180.751483,22.03528048,9.774897373,-175.8377547,-63.61577668,21.20744753
6/7/2025 23:19,-162.8224538,-181.2205022,22.01997505,9.804991828,-176.2804215,-63.63654089,21.18305782
6/7/2025 23:20,-163.2069159,-181.6906337,22.00467868,9.835083521,-176.7237054,-63.6573578,21.15861586
6/7/2025 23:21,-163.5913562,-182.1617255,21.98939201,9.865169996,-177.1674608,-63.67822568,21.13412564
6/7/2025 23:22,-163.9756491,-182.6336256,21.97411571,9.895248764,-177.6115428,-63.69914277,21.10959116
6/7/2025 23:23,-164.3596693,-183.106182,21.95885044,9.925317301,-178.0558061,-63.72010729,21.08501645
6/7/2025 23:24,-164.743292,-183.5792429,21.94359687,9.955373058,-178.5001063,-63.74111745,21.06040558
6/7/2025 23:25,-165.1263927,-184.0526568,21.9283557,9.985413449,-178.944299,-63.76217146,21.0357626
6/7/2025 23:26,-165.5088476,-184.5262724,21.91312763,10.01543586,-179.3882403,-63.78326749,21.01109163
6/7/2025 23:27,-165.8905334,-184.9999386,21.89791335,10.04543766,-179.8317867,-63.8044037,20.98639678
6/7/2025 23:28,-166.2713274,-185.4735049,21.88271359,10.07541618,-180.2747954,-63.82557826,20.96168217
6/7/2025 23:29,-166.6511074,-185.9468212,21.86752906,10.10536873,-180.7171239,-63.84678929,20.93695196
6/7/2025 23:30,-167.0297522,-186.4197376,21.85236049,10.1352926,-181.1586305,-63.86803493,20.91221032
6/7/2025 23:31,-167.4071409,-186.8921051,21.83720862,10.16518504,-181.5991739,-63.88931329,20.8874614
6/7/2025 23:32,-167.7831538,-187.363775,21.82207419,10.1950433,-182.0386139,-63.91062248,20.8627094
6/7/2025 23:33,-168.1576717,-187.8345992,21.80695795,10.2248646,-182.4768106,-63.93196059,20.83795852
6/7/2025 23:34,-168.5305763,-188.3044306,21.79186065,10.25464614,-182.9136251,-63.95332571,20.81321295
6/7/2025 23:35,-168.9017503,-188.7731226,21.77678305,10.28438511,-183.3489195,-63.97471593,20.78847689
6/7/2025 23:36,-169.2710773,-189.2405292,21.76172591,10.31407868,-183.7825565,-63.99612932,20.76375457
6/7/2025 23:37,-169.6384418,-189.7065056,21.74669001,10.34372401,-184.2143998,-64.01756393,20.73905018
6/7/2025 23:38,-170.0037294,-190.1709075,21.73167611,10.37331822,-184.6443143,-64.03901784,20.71436794
6/7/2025 23:39,-170.3668265,-190.6335919,21.71668499,10.40285845,-185.0721656,-64.0604891,20.68971206
6/7/2025 23:40,-170.727621,-191.0944165,21.70171743,10.43234182,-185.4978205,-64.08197575,20.66508675
6/7/2025 23:41,-171.0860016,-191.5532401,21.6867742,10.46176543,-185.921147,-64.10347586,20.64049622
6/7/2025 23:42,-171.4418583,-192.0099225,21.67185609,10.49112638,-186.3420142,-64.12498747,20.61594465
6/7/2025 23:43,-171.7950822,-192.4643247,21.65696389,10.52042176,-186.7602923,-64.14650862,20.59143624
6/7/2025 23:44,-172.1455658,-192.9163088,21.64209837,10.54964866,-187.1758529,-64.16803736,20.56697516
6/7/2025 23:45,-172.4932027,-193.3657381,21.62726033,10.57880415,-187.5885688,-64.18957174,20.54256559
6/7/2025 23:46,-172.8378878,-193.8124772,21.61245054,10.60788532,-187.9983142,-64.21110979,20.51821167
6/7/2025 23:47,-173.1795176,-194.256392,21.5976698,10.63688925,-188.4049645,-64.23264958,20.49391755
6/7/2025 23:48,-173.5179898,-194.6973496,21.58291889,10.665813,-188.8083967,-64.25418914,20.46968735
6/7/2025 23:49,-173.8532033,-195.1352186,21.56819859,10.69465365,-189.2084892,-64.27572653,20.44552518
6/7/2025 23:50,-174.1850589,-195.569869,21.55350969,10.72340828,-189.6051218,-64.29725981,20.42143512
6/7/2025 23:51,-174.5134585,-196.0011722,21.53885296,10.75207397,-189.998176,-64.31878704,20.39742124
6/7/2025 23:52,-174.8383057,-196.4290013,21.52422918,10.78064782,-190.3875346,-64.3403063,20.37348758
6/7/2025 23:53,-175.1595057,-196.8532307,21.50963912,10.8091269,-190.7730823,-64.36181565,20.34963815
6/7/2025 23:54,-175.476965,-197.2737366,21.49508356,10.83750833,-191.1547054,-64.38331318,20.32587696
6/7/2025 23:55,-175.7905919,-197.6903967,21.48056327,10.8657892,-191.5322917,-64.40479697,20.30220797
6/7/2025 23:56,-176.1002965,-198.1030903,21.46607899,10.89396664,-191.9057309,-64.42626514,20.2786351
6/7/2025 23:57,-176.4059902,-198.5116987,21.45163151,10.92203779,-192.2749143,-64.44771577,20.25516228
6/7/2025 23:58,-176.7075864,-198.9161046,21.43722155,10.94999977,-192.6397352,-64.46914701,20.23179336
6/7/2025 23:59,-177.0050001,-199.3161927,21.42284988,10.97784975,-193.0000885,-64.49055696,20.2085322
7/7/2025 0:00,-156.7219238,-169.9824726,21.42364427,10.71761739,-166.6695114,-64.00482698,21.08005313
7/7/2025 0:01,-157.0107245,-170.3735865,21.40935137,10.7452349,-167.0206222,-64.02618882,21.05701884
7/7/2025 0:02,-157.2950983,-170.7600476,21.39509896,10.77273198,-167.3669618,-64.04752385,21.03410361
7/7/2025 0:03,-157.5749674,-171.1417482,21.38088776,10.80010586,-167.7084329,-64.06883025,21.01131112
7/7/2025 0:04,-157.8502559,-171.5185823,21.36671847,10.82735377,-168.0449401,-64.09010622,20.98864502
7/7/2025 0:05,-158.1208897,-171.890446,21.3525918,10.85447299,-168.3763901,-64.11134996,20.96610893
7/7/2025 0:06,-158.3867966,-172.2572376,21.33850845,10.88146082,-168.7026915,-64.13255971,20.9437064
7/7/2025 0:07,-158.6479064,-172.6188573,21.32446909,10.90831455,-169.0237554,-64.15373371,20.92144096
7/7/2025 0:08,-158.9041508,-172.9752073,21.31047442,10.93503155,-169.3394944,-64.17487022,20.89931606
7/7/2025 0:09,-159.1554635,-173.3261922,21.29652509,10.96160917,-169.6498237,-64.19596753,20.87733515
7/7/2025 0:10,-159.4017802,-173.6717185,21.28262176,10.9880448,-169.9546605,-64.21702393,20.85550159
7/7/2025 0:11,-159.6430386,-174.0116951,21.26876508,11.01433589,-170.2539242,-64.23803774,20.8338187
7/7/2025 0:12,-159.8791784,-174.3460329,21.25495568,11.04047988,-170.5475364,-64.2590073,20.81228976
7/7/2025 0:13,-160.1101415,-174.6746452,21.24119419,11.06647425,-170.835421,-64.27993098,20.79091799
7/7/2025 0:14,-160.3358716,-174.9974475,21.22748121,11.09231654,-171.117504,-64.30080715,20.76970655
7/7/2025 0:15,-160.5563149,-175.3143577,21.21381735,11.11800429,-171.3937141,-64.32163422,20.74865855
7/7/2025 0:16,-160.7714192,-175.625296,21.2002032,11.14353509,-171.6639817,-64.34241062,20.72777704
7/7/2025 0:17,-160.981135,-175.9301847,21.18663932,11.16890658,-171.92824,-64.3631348,20.70706501
7/7/2025 0:18,-161.1854144,-176.2289488,21.17312628,11.1941164,-172.1864245,-64.38380523,20.6865254
7/7/2025 0:19,-161.3842119,-176.5215156,21.15966463,11.21916227,-172.4384728,-64.40442041,20.66616108
7/7/2025 0:20,-161.5774844,-176.8078147,21.1462549,11.24404193,-172.6843252,-64.42497886,20.64597487
7/7/2025 0:21,-161.7651905,-177.0877782,21.13289761,11.26875316,-172.9239243,-64.44547914,20.6259695
7/7/2025 0:22,-161.9472913,-177.3613408,21.11959326,11.29329377,-173.1572149,-64.46591983,20.60614767
7/7/2025 0:23,-162.12375,-177.6284395,21.10634234,11.31766166,-173.3841447,-64.48629952,20.58651201
7/7/2025 0:24,-162.2945323,-177.8890138,21.09314533,11.34185471,-173.6046635,-64.50661686,20.56706505
7/7/2025 0:25,-162.4596056,-178.1430059,21.08000268,11.36587089,-173.8187237,-64.52687049,20.54780929
7/7/2025 0:26,-162.6189399,-178.3903603,21.06691484,11.3897082,-174.0262802,-64.54705911,20.52874715
7/7/2025 0:27,-162.7725075,-178.6310242,21.05388224,11.4133647,-174.2272903,-64.56718143,20.50988097
7/7/2025 0:28,-162.9202827,-178.8649473,21.04090527,11.43683847,-174.421714,-64.5872362,20.49121305
7/7/2025 0:29,-163.0622422,-179.0920819,21.02798434,11.46012767,-174.6095136,-64.6072222,20.47274559
7/7/2025 0:30,-163.198365,-179.312383,21.01511983,11.48323049,-174.7906542,-64.62713824,20.45448072
7/7/2025 0:31,-163.3286323,-179.5258079,21.00231208,11.50614518,-174.9651032,-64.64698315,20.43642051
7/7/2025 0:32,-163.4530276,-179.7323169,20.98956145,11.52887004,-175.1328306,-64.6667558,20.41856696
7/7/2025 0:33,-163.5715366,-179.9318727,20.97686825,11.55140343,-175.2938091,-64.6864551,20.40092197
7/7/2025 0:34,-163.6841474,-180.1244406,20.96423278,11.57374374,-175.4480139,-64.70607997,20.38348741
7/7/2025 0:35,-163.7908504,-180.3099888,20.95165535,11.59588944,-175.5954228,-64.7256294,20.36626502
7/7/2025 0:36,-163.8916382,-180.4884878,20.9391362,11.61783904,-175.736016,-64.74510237,20.3492565
7/7/2025 0:37,-163.9865056,-180.6599111,20.9266756,11.63959112,-175.8697766,-64.76449792,20.33246347
7/7/2025 0:38,-164.07545,-180.8242346,20.91427376,11.66114431,-175.99669,-64.78381511,20.31588745
7/7/2025 0:39,-164.1584708,-180.9814371,20.90193091,11.68249729,-176.1167444,-64.80305306,20.29952991
7/7/2025 0:40,-164.2355697,-181.1315,20.88964724,11.7036488,-176.2299304,-64.82221089,20.28339223
7/7/2025 0:41,-164.3067509,-181.2744073,20.8774229,11.72459765,-176.3362415,-64.84128778,20.26747569
7/7/2025 0:42,-164.3720206,-181.4101457,20.86525807,11.74534271,-176.4356734,-64.86028294,20.25178152
7/7/2025 0:43,-164.4313875,-181.5387047,20.85315285,11.7658829,-176.5282247,-64.8791956,20.23631086
7/7/2025 0:44,-164.4848624,-181.6600765,20.84110738,11.7862172,-176.6138964,-64.89802505,20.22106475
7/7/2025 0:45,-164.5324585,-181.7742558,20.82912174,11.80634466,-176.6926924,-64.9167706,20.20604418
7/7/2025 0:46,-164.5741912,-181.8812402,20.81719599,11.8262644,-176.7646187,-64.93543159,20.19125003
7/7/2025 0:47,-164.6100781,-181.9810298,20.8053302,11.84597558,-176.8296843,-64.95400743,20.17668311
7/7/2025 0:48,-164.6401392,-182.0736276,20.79352438,11.86547744,-176.8879007,-64.97249753,20.16234415
7/7/2025 0:49,-164.6643965,-182.159039,20.78177854,11.88476928,-176.9392817,-64.99090135,20.14823379
7/7/2025 0:50,-164.6828744,-182.2372724,20.77009268,11.90385048,-176.983844,-65.0092184,20.13435259
7/7/2025 0:51,-164.6955994,-182.3083386,20.75846675,11.92272045,-177.0216068,-65.02744821,20.12070101
7/7/2025 0:52,-164.7026004,-182.3722512,20.74690071,11.9413787,-177.0525916,-65.04559035,20.10727946
7/7/2025 0:53,-164.7039083,-182.4290264,20.73539446,11.95982478,-177.0768227,-65.06364445,20.09408823
7/7/2025 0:54,-164.6995561,-182.4786831,20.72394793,11.97805834,-177.0943268,-65.08161014,20.08112755
7/7/2025 0:55,-164.6895793,-182.5212429,20.71256097,11.99607906,-177.1051332,-65.09948711,20.06839755
7/7/2025 0:56,-164.6740152,-182.5567298,20.70123347,12.0138867,-177.1092736,-65.11727511,20.05589828
7/7/2025 0:57,-164.6529034,-182.5851706,20.68996524,12.03148111,-177.1067824,-65.13497388,20.04362971
7/7/2025 0:58,-164.6262857,-182.6065948,20.6787561,12.04886217,-177.0976961,-65.15258324,20.03159172
7/7/2025 0:59,-164.5942058,-182.6210342,20.66760586,12.06602985,-177.0820541,-65.17010302,20.0197841
7/7/2025 1:00,-165.4513281,-183.9211051,20.65585657,12.09550453,-178.2201745,-65.20958167,19.96930784
7/7/2025 1:01,-165.4084637,-183.9216813,20.64482339,12.11224564,-178.1915483,-65.22692199,19.95796001
7/7/2025 1:02,-165.3602809,-183.9153842,20.63384835,12.12877369,-178.1564986,-65.2441725,19.94684143
7/7/2025 1:03,-165.3068319,-183.9022558,20.62293115,12.14508893,-178.1150742,-65.2613332,19.93595155
7/7/2025 1:04,-165.2481707,-183.882341,20.61207148,12.16119166,-178.0673263,-65.27840412,19.92528973
7/7/2025 1:05,-165.1843533,-183.8556869,20.601269,12.17708226,-178.0133086,-65.29538533,19.91485528
7/7/2025 1:06,-165.1154378,-183.8223434,20.59052335,12.19276119,-177.9530771,-65.31227696,19.90464737
7/7/2025 1:07,-165.0414841,-183.7823624,20.57983415,12.20822897,-177.8866901,-65.32907915,19.89466514
7/7/2025 1:08,-164.962554,-183.7357988,20.569201,12.22348619,-177.814208,-65.34579209,19.88490761
7/7/2025 1:09,-164.8787114,-183.6827094,20.55862347,12.23853351,-177.7356937,-65.36241603,19.87537372
7/7/2025 1:10,-164.7900219,-183.6231537,20.54810112,12.25337166,-177.6512123,-65.37895121,19.86606235
7/7/2025 1:11,-164.696553,-183.5571935,20.53763349,12.26800144,-177.5608312,-65.39539796,19.85697227
7/7/2025 1:12,-164.5983741,-183.484893,20.52722008,12.28242372,-177.4646197,-65.41175661,19.84810218
7/7/2025 1:13,-164.4955563,-183.4063187,20.51686038,12.29663943,-177.3626497,-65.42802756,19.83945069
7/7/2025 1:14,-164.3881724,-183.3215393,20.50655387,12.31064959,-177.2549948,-65.44421122,19.83101634
7/7/2025 1:15,-164.2762972,-183.2306259,20.4963,12.32445528,-177.1417311,-65.46030804,19.82279758
7/7/2025 1:16,-164.160007,-183.1336519,20.48609819,12.33805763,-177.0229366,-65.47631854,19.81479278
7/7/2025 1:17,-164.0393799,-183.0306927,20.47594785,12.35145788,-176.8986912,-65.49224324,19.80700023
7/7/2025 1:18,-163.9144955,-182.921826,20.46584836,12.36465729,-176.7690773,-65.50808271,19.79941813
7/7/2025 1:19,-163.7854353,-182.8071319,20.4557991,12.37765723,-176.6341788,-65.52383757,19.79204462
7/7/2025 1:20,-163.6522821,-182.6866923,20.44579941,12.39045912,-176.4940818,-65.53950845,19.78487775
7/7/2025 1:21,-163.5151205,-182.5605912,20.43584862,12.40306444,-176.3488744,-65.55509605,19.77791548
7/7/2025 1:22,-163.3740366,-182.4289151,20.42594602,12.41547476,-176.1986465,-65.57060107,19.77115573
7/7/2025 1:23,-163.2291178,-182.2917519,20.41609092,12.42769169,-176.0434898,-65.58602428,19.7645963
7/7/2025 1:24,-163.0804533,-182.1491921,20.40628257,12.43971693,-175.8834981,-65.60136647,19.75823493
7/7/2025 1:25,-162.9281335,-182.0013278,20.39652023,12.45155223,-175.7187666,-65.61662846,19.7520693
7/7/2025 1:26,-162.7722502,-181.8482532,20.38680313,12.46319942,-175.5493927,-65.63181111,19.74609699
7/7/2025 1:27,-162.6128967,-181.6900644,20.37713046,12.47466039,-175.3754753,-65.64691531,19.74031553
7/7/2025 1:28,-162.4501676,-181.5268592,20.36750144,12.48593709,-175.1971149,-65.66194201,19.73472236
7/7/2025 1:29,-162.2841588,-181.3587374,20.35791522,12.49703153,-175.0144139,-65.67689216,19.72931485
7/7/2025 1:30,-162.1149674,-181.1858006,20.34837097,12.50794581,-174.8274761,-65.69176676,19.72409031
7/7/2025 1:31,-161.9426918,-181.0081521,20.33886782,12.51868206,-174.6364071,-65.70656685,19.71904596
7/7/2025 1:32,-161.7674315,-180.825897,20.32940489,12.5292425,-174.4413139,-65.72129348,19.71417898
7/7/2025 1:33,-161.5892873,-180.6391419,20.3199813,12.53962939,-174.2423049,-65.73594776,19.70948645
7/7/2025 1:34,-161.408361,-180.4479952,20.31059611,12.54984506,-174.0394903,-65.75053082,19.70496541
7/7/2025 1:35,-161.2247555,-180.2525668,20.30124841,12.55989192,-173.8329815,-65.76504381,19.70061281
7/7/2025 1:36,-161.0385748,-180.0529682,20.29193724,12.5697724,-173.6228911,-65.77948792,19.69642555
7/7/2025 1:37,-160.8499239,-179.8493126,20.28266165,12.57948903,-173.4093334,-65.79386439,19.69240047
7/7/2025 1:38,-160.6589086,-179.6417143,20.27342065,12.58904437,-173.1924239,-65.80817447,19.68853433
7/7/2025 1:39,-160.4656359,-179.4302894,20.26421326,12.59844105,-172.9722792,-65.82241943,19.68482384
7/7/2025 1:40,-160.2702134,-179.2151551,20.25503846,12.60768175,-172.7490172,-65.8366006,19.68126564
7/7/2025 1:41,-160.0727497,-178.9964302,20.24589523,12.61676923,-172.5227571,-65.85071931,19.67785633
7/7/2025 1:42,-159.8733542,-178.7742346,20.23678254,12.62570627,-172.293619,-65.86477693,19.67459244
7/7/2025 1:43,-159.6721371,-178.5486896,20.22769933,12.63449572,-172.0617243,-65.87877486,19.67147043
7/7/2025 1:44,-159.4692092,-178.3199176,20.21864454,12.64314049,-171.8271952,-65.89271453,19.66848673
7/7/2025 1:45,-159.264682,-178.0880423,20.20961709,12.65164354,-171.5901552,-65.90659738,19.66563769
7/7/2025 1:46,-159.0586677,-177.8531884,20.20061589,12.66000787,-171.3507284,-65.9204249,19.66291962
7/7/2025 1:47,-158.8512791,-177.6154818,20.19163985,12.66823654,-171.1090401,-65.93419858,19.66032879
7/7/2025 1:48,-158.6426294,-177.3750493,20.18268783,12.67633267,-170.8652163,-65.94791996,19.6578614
7/7/2025 1:49,-158.4328326,-177.1320188,20.17375873,12.6842994,-170.6193838,-65.96159059,19.6555136
7/7/2025 1:50,-158.2220029,-176.8865191,20.16485141,12.69213995,-170.3716702,-65.97521205,19.65328152
7/7/2025 1:51,-158.0102549,-176.6386798,20.1559647,12.69985756,-170.1222039,-65.98878593,19.65116121
7/7/2025 1:52,-157.7977039,-176.3886315,20.14709747,12.70745553,-169.8711138,-66.00231385,19.64914869
7/7/2025 1:53,-157.5844652,-176.1365055,20.13824854,12.7149372,-169.6185296,-66.01579747,19.64723994
7/7/2025 1:54,-157.3706546,-175.8824339,20.12941673,12.72230596,-169.3645813,-66.02923844,19.64543089
7/7/2025 1:55,-157.1563879,-175.6265493,20.12060087,12.72956523,-169.1093997,-66.04263845,19.64371744
7/7/2025 1:56,-156.9417814,-175.3689852,20.11179975,12.73671847,-168.853116,-66.05599921,19.64209545
7/7/2025 1:57,-156.7269515,-175.1098757,20.10301217,12.7437692,-168.5958617,-66.06932244,19.64056073
7/7/2025 1:58,-156.5120144,-174.8493551,20.09423693,12.75072095,-168.3377688,-66.08260988,19.63910906
7/7/2025 1:59,-156.2970869,-174.5875587,20.08547282,12.75757731,-168.0789696,-66.0958633,19.6377362
7/7/2025 2:00,-156.9769037,-175.6172033,20.0760609,12.77686222,-168.9798732,-66.13113304,19.59753914
7/7/2025 2:01,-156.7623446,-175.3532619,20.06731535,12.78353868,-168.7200593,-66.14432376,19.59631101
7/7/2025 2:02,-156.5481445,-175.088452,20.05857724,12.7901307,-168.4599375,-66.15748584,19.59514873
7/7/2025 2:03,-156.3344196,-174.8229103,20.04984533,12.79664199,-168.1996407,-66.17062111,19.59404795
7/7/2025 2:04,-156.1212862,-174.5567736,20.04111837,12.80307631,-167.9393022,-66.18373141,19.59300426
7/7/2025 2:05,-155.9088602,-174.2901787,20.03239512,12.80943743,-167.6790552,-66.19681858,19.59201325
7/7/2025 2:06,-155.6972575,-174.0232627,20.02367433,12.81572915,-167.4190329,-66.2098845,19.59107045
7/7/2025 2:07,-155.4865933,-173.7561629,20.01495474,12.82195531,-167.1593683,-66.22293105,19.59017143
7/7/2025 2:08,-155.276983,-173.4890163,20.0062351,12.82811975,-166.9001944,-66.2359601,19.58931167
7/7/2025 2:09,-155.0685411,-173.2219603,19.99751416,12.83422637,-166.641644,-66.24897358,19.5884867
7/7/2025 2:10,-154.8613819,-172.9551319,19.98879064,12.84027905,-166.3838496,-66.26197337,19.58769198
7/7/2025 2:11,-154.6556194,-172.6886681,19.98006331,12.84628173,-166.1269436,-66.27496141,19.58692298
7/7/2025 2:12,-154.4513668,-172.4227057,19.97133088,12.85223833,-165.871058,-66.28793963,19.58617517
7/7/2025 2:13,-154.248737,-172.1573814,19.96259211,12.85815283,-165.6163242,-66.30090995,19.58544399
7/7/2025 2:14,-154.0478419,-171.8928314,19.95384574,12.8640292,-165.3628734,-66.31387431,19.58472487
7/7/2025 2:15,-153.8487932,-171.6291917,19.9450905,12.86987142,-165.1108363,-66.32683468,19.58401324
7/7/2025 2:16,-153.6517017,-171.366598,19.93632515,12.87568351,-164.8603431,-66.33979299,19.58330454
7/7/2025 2:17,-153.4566773,-171.1051854,19.92754843,12.88146946,-164.6115232,-66.35275121,19.58259417
7/7/2025 2:18,-153.2638295,-170.8450886,19.9187591,12.88723332,-164.3645056,-66.3657113,19.58187757
7/7/2025 2:19,-153.0732667,-170.5864417,19.90995589,12.89297911,-164.1194186,-66.37867522,19.58115014
7/7/2025 2:20,-152.8850963,-170.3293783,19.90113759,12.89871088,-163.8763896,-66.39164493,19.58040732
7/7/2025 2:21,-152.6994252,-170.0740313,19.89230294,12.90443267,-163.6355454,-66.40462241,19.57964453
7/7/2025 2:22,-152.5163591,-169.8205328,19.88345071,12.91014852,-163.3970118,-66.41760962,19.5788572
7/7/2025 2:23,-152.3360025,-169.5690145,19.87457969,12.9158625,-163.1609138,-66.43060852,19.57804077
7/7/2025 2:24,-152.1584593,-169.3196069,19.86568865,12.92157866,-162.9273756,-66.44362109,19.57719069
7/7/2025 2:25,-151.9838319,-169.0724398,19.85677638,12.92730104,-162.6965202,-66.45664928,19.57630242
7/7/2025 2:26,-151.8122218,-168.8276423,19.84784167,12.9330337,-162.4684696,-66.46969505,19.57537143
7/7/2025 2:27,-151.6437292,-168.5853421,19.83888333,12.93878068,-162.2433448,-66.48276037,19.57439322
7/7/2025 2:28,-151.4784533,-168.3456664,19.82990017,12.94454602,-162.0212657,-66.49584718,19.57336328
7/7/2025 2:29,-151.3164918,-168.108741,19.82089102,12.95033376,-161.8023509,-66.50895743,19.57227715
7/7/2025 2:30,-151.1579413,-167.8746907,19.8118547,12.95614791,-161.5867179,-66.52209306,19.57113037
7/7/2025 2:31,-151.0028967,-167.6436392,19.80279006,12.96199249,-161.3744829,-66.535256,19.56991849
7/7/2025 2:32,-150.851452,-167.415709,19.79369594,12.9678715,-161.1657606,-66.54844818,19.56863712
7/7/2025 2:33,-150.7036994,-167.1910211,19.78457123,12.97378892,-160.9606646,-66.56167152,19.56728188
7/7/2025 2:34,-150.5597299,-166.9696955,19.77541479,12.97974872,-160.7593068,-66.57492792,19.5658484
7/7/2025 2:35,-150.4196328,-166.7518508,19.76622551,12.98575486,-160.561798,-66.58821929,19.56433236
7/7/2025 2:36,-150.283496,-166.5376041,19.7570023,12.99181126,-160.3682472,-66.6015475,19.56272948
7/7/2025 2:37,-150.1514057,-166.327071,19.74774407,12.99792184,-160.1787619,-66.61491443,19.56103548
7/7/2025 2:38,-150.0234466,-166.1203658,19.73844977,13.00409049,-159.993448,-66.62832194,19.55924615
7/7/2025 2:39,-149.8997015,-165.9176012,19.72911832,13.01032108,-159.8124098,-66.64177189,19.55735729
7/7/2025 2:40,-149.7802519,-165.7188881,19.71974871,13.01661744,-159.6357499,-66.6552661,19.55536477
7/7/2025 2:41,-149.6651773,-165.524336,19.71033989,13.02298338,-159.4635691,-66.66880639,19.55326446
7/7/2025 2:42,-149.5545554,-165.3340526,19.70089089,13.0294227,-159.2959666,-66.68239457,19.55105232
7/7/2025 2:43,-149.4484622,-165.1481439,19.69140069,13.03593913,-159.1330396,-66.69603243,19.54872431
7/7/2025 2:44,-149.3469718,-164.9667142,19.68186835,13.04253641,-158.9748834,-66.70972172,19.54627646
7/7/2025 2:45,-149.2501565,-164.7898659,19.6722929,13.04921821,-158.8215915,-66.72346421,19.54370484
7/7/2025 2:46,-149.1580866,-164.6176994,19.66267341,13.05598818,-158.6732554,-66.73726162,19.54100559
7/7/2025 2:47,-149.0708305,-164.4503135,19.65300898,13.06284994,-158.5299647,-66.75111566,19.53817487
7/7/2025 2:48,-148.9884546,-164.2878047,19.64329871,13.06980706,-158.3918069,-66.76502803,19.53520891
7/7/2025 2:49,-148.9110232,-164.1302678,19.63354173,13.07686306,-158.2588674,-66.7790004,19.53210399
7/7/2025 2:50,-148.8385988,-163.9777954,19.6237372,13.08402145,-158.1312294,-66.7930344,19.52885647
7/7/2025 2:51,-148.7712415,-163.830478,19.61388428,13.09128565,-158.0089742,-66.80713168,19.52546272
7/7/2025 2:52,-148.7090095,-163.6884041,19.60398216,13.09865908,-157.8921807,-66.82129383,19.52191922
7/7/2025 2:53,-148.6519588,-163.55166,19.59403007,13.10614508,-157.7809256,-66.83552242,19.51822248
7/7/2025 2:54,-148.6001432,-163.4203296,19.58402725,13.11374696,-157.6752833,-66.84981901,19.51436909
7/7/2025 2:55,-148.5536143,-163.2944949,19.57397295,13.12146796,-157.5753262,-66.86418513,19.5103557
7/7/2025 2:56,-148.5124216,-163.1742353,19.56386648,13.12931129,-157.4811238,-66.87862226,19.50617902
7/7/2025 2:57,-148.4766121,-163.059628,19.55370714,13.13728009,-157.3927438,-66.8931319,19.50183585
7/7/2025 2:58,-148.4462305,-162.950748,19.54349427,13.14537745,-157.3102511,-66.90771547,19.49732303
7/7/2025 2:59,-148.4213196,-162.8476676,19.53322724,13.15360639,-157.2337082,-66.9223744,19.49263749
7/7/2025 3:00,-149.2965378,-164.0430385,19.52224774,13.17449024,-158.3234519,-66.95915863,19.44887752
7/7/2025 3:01,-149.282686,-163.9517651,19.51187058,13.18299123,-158.2589866,-66.9739724,19.44383762
7/7/2025 3:02,-149.274418,-163.8664938,19.50143752,13.19163255,-158.2006438,-66.9888656,19.43861624
7/7/2025 3:03,-149.2717669,-163.7872874,19.49094802,13.20041699,-158.1484761,-67.00383951,19.43321061
7/7/2025 3:04,-149.2747631,-163.7142056,19.48040159,13.20934726,-158.1025333,-67.01889541,19.42761803
7/7/2025 3:05,-149.2834347,-163.6473058,19.46979776,13.21842604,-158.0628626,-67.03403451,19.42183589
7/7/2025 3:06,-149.2978071,-163.5866427,19.45913609,13.2276559,-158.0295085,-67.04925803,19.41586167
7/7/2025 3:07,-149.3179035,-163.5322683,19.44841617,13.23703936,-158.0025128,-67.06456711,19.40969293
7/7/2025 3:08,-149.3437443,-163.4842319,19.43763761,13.24657887,-157.9819147,-67.07996289,19.40332732
7/7/2025 3:09,-149.3753474,-163.4425801,19.42680007,13.25627682,-157.9677505,-67.09544647,19.39676255
7/7/2025 3:10,-149.4127282,-163.4073567,19.41590323,13.26613549,-157.9600538,-67.11101889,19.38999646
7/7/2025 3:11,-149.4558994,-163.3786027,19.4049468,13.27615712,-157.9588553,-67.12668118,19.38302696
7/7/2025 3:12,-149.5048712,-163.3563563,19.39393053,13.28634385,-157.964183,-67.14243432,19.37585203
7/7/2025 3:13,-149.559651,-163.3406528,19.38285419,13.29669776,-157.9760619,-67.15827926,19.36846978
7/7/2025 3:14,-149.6202437,-163.3315248,19.37171759,13.30722085,-157.9945143,-67.17421691,19.36087839
7/7/2025 3:15,-149.6866514,-163.3290018,19.36052058,13.31791501,-158.0195594,-67.19024814,19.35307614
7/7/2025 3:16,-149.7588736,-163.3331105,19.34926303,13.32878208,-158.0512135,-67.20637378,19.34506142
7/7/2025 3:17,-149.8369071,-163.3438747,19.33794484,13.33982381,-158.0894903,-67.22259462,19.33683269
7/7/2025 3:18,-149.920746,-163.3613149,19.32656597,13.35104186,-158.1343999,-67.23891141,19.32838854
7/7/2025 3:19,-150.0103815,-163.3854491,19.31512639,13.36243781,-158.1859501,-67.25532487,19.31972763
7/7/2025 3:20,-150.1058024,-163.4162919,19.30362612,13.37401313,-158.2441451,-67.27183566,19.31084874
7/7/2025 3:21,-150.2069943,-163.4538551,19.29206519,13.38576924,-158.3089864,-67.2884444,19.30175075
7/7/2025 3:22,-150.3139405,-163.4981473,19.28044371,13.39770743,-158.3804726,-67.3051517,19.29243264
7/7/2025 3:23,-150.4266211,-163.549174,19.26876177,13.40982893,-158.4585988,-67.32195809,19.28289349
7/7/2025 3:24,-150.5450138,-163.6069379,19.25701956,13.42213487,-158.5433574,-67.33886407,19.27313251
7/7/2025 3:25,-150.6690932,-163.6714382,19.24521724,13.43462628,-158.6347376,-67.3558701,19.26314897
7/7/2025 3:26,-150.7988313,-163.7426712,19.23335505,13.44730409,-158.7327254,-67.37297659,19.2529423
7/7/2025 3:27,-150.9341971,-163.82063,19.22143327,13.46016915,-158.8373039,-67.39018392,19.242512
7/7/2025 3:28,-151.0751571,-163.9053046,19.20945218,13.4732222,-158.9484529,-67.40749241,19.2318577
7/7/2025 3:29,-151.2216745,-163.9966818,19.19741214,13.4864639,-159.0661492,-67.42490234,19.22097912
7/7/2025 3:30,-151.3737102,-164.0947452,19.18531351,13.4998948,-159.1903662,-67.44241394,19.20987612
7/7/2025 3:31,-151.531222,-164.1994752,19.17315673,13.51351534,-159.3210746,-67.46002741,19.19854865
7/7/2025 3:32,-151.6941648,-164.3108491,19.16094223,13.52732587,-159.4582415,-67.4777429,19.18699678
7/7/2025 3:33,-151.8624908,-164.4288409,19.14867052,13.54132665,-159.6018311,-67.49556049,19.17522069
7/7/2025 3:34,-152.0361494,-164.5534213,19.13634213,13.55551781,-159.7518043,-67.51348025,19.16322068
7/7/2025 3:35,-152.215087,-164.6845579,19.12395762,13.56989941,-159.9081188,-67.53150217,19.15099717
7/7/2025 3:36,-152.3992473,-164.8222151,19.11151761,13.58447137,-160.0707292,-67.54962622,19.13855068
7/7/2025 3:37,-152.5885711,-164.9663539,19.09902275,13.59923353,-160.2395869,-67.56785231,19.12588185
7/7/2025 3:38,-152.7829964,-165.1169322,19.08647372,13.61418562,-160.4146402,-67.58618031,19.11299145
7/7/2025 3:39,-152.9824584,-165.2739046,19.07387126,13.62932725,-160.595834,-67.60461002,19.09988036
7/7/2025 3:40,-153.1868894,-165.4372223,19.06121612,13.64465794,-160.7831101,-67.62314121,19.08654957
7/7/2025 3:41,-153.396219,-165.6068335,19.04850913,13.6601771,-160.9764071,-67.64177362,19.07300021
7/7/2025 3:42,-153.6103738,-165.782683,19.03575112,13.675884,-161.1756605,-67.66050691,19.0592335
7/7/2025 3:43,-153.8292777,-165.9647122,19.02294299,13.69177785,-161.3808026,-67.67934071,19.04525081
7/7/2025 3:44,-154.0528518,-166.1528597,19.01008565,13.70785772,-161.5917623,-67.69827458,19.0310536
7/7/2025 3:45,-154.2810145,-166.3470602,18.99718009,13.72412256,-161.8084656,-67.71730807,19.01664348
7/7/2025 3:46,-154.5136811,-166.5472457,18.98422731,13.74057124,-162.0308351,-67.73644065,19.00202216
7/7/2025 3:47,-154.7507645,-166.7533447,18.97122835,13.75720248,-162.2587904,-67.75567175,18.98719148
7/7/2025 3:48,-154.9921745,-166.9652825,18.95818431,13.77401493,-162.4922478,-67.77500075,18.9721534
7/7/2025 3:49,-155.2378185,-167.182981,18.94509632,13.79100708,-162.7311206,-67.79442698,18.95691
7/7/2025 3:50,-155.4876008,-167.4063592,18.93196555,13.80817735,-162.9753188,-67.81394974,18.94146348
7/7/2025 3:51,-155.7414231,-167.6353326,18.9187932,13.82552402,-163.2247493,-67.83356824,18.92581617
7/7/2025 3:52,-155.9991846,-167.8698135,18.90558053,13.84304526,-163.4793159,-67.85328169,18.90997052
7/7/2025 3:53,-156.2607814,-168.1097111,18.89232883,13.86073914,-163.7389193,-67.87308922,18.8939291
7/7/2025 3:54,-156.5261072,-168.3549313,18.87903944,13.87860358,-164.003457,-67.89298991,18.87769459
7/7/2025 3:55,-156.7950529,-168.6053769,18.86571372,13.89663643,-164.2728234,-67.9129828,18.86126982
7/7/2025 3:56,-157.0675069,-168.8609475,18.85235309,13.91483538,-164.5469101,-67.9330669,18.84465771
7/7/2025 3:57,-157.3433546,-169.1215394,18.838959,13.93319804,-164.8256053,-67.95324113,18.82786134
7/7/2025 3:58,-157.6224793,-169.387046,18.82553295,13.95172189,-165.1087942,-67.9735044,18.81088388
7/7/2025 3:59,-157.9047612,-169.6573573,18.81207647,13.97040428,-165.3963592,-67.99385554,18.79372864
7/7/2025 4:00,-159.0846966,-171.224942,18.79793343,14.0017628,-166.8484559,-68.03634192,18.73750033
7/7/2025 4:01,-159.372924,-171.5045206,18.78442085,14.02075391,-167.1444077,-68.05686517,18.71999993
7/7/2025 4:02,-159.6639344,-171.7885557,18.77088268,14.03989497,-167.4443641,-68.07747254,18.70233239
7/7/2025 4:03,-159.9575982,-172.076925,18.75732062,14.05918286,-167.7481956,-68.09816269,18.6845015
7/7/2025 4:04,-160.2537829,-172.3695031,18.74373639,14.07861437,-168.0557696,-68.11893423,18.66651118
7/7/2025 4:05,-160.5523539,-172.6661616,18.73013178,14.09818615,-168.3669504,-68.1397857,18.64836547
7/7/2025 4:06,-160.853174,-172.9667693,18.71650858,14.11789477,-168.6815996,-68.16071563,18.63006851
7/7/2025 4:07,-161.1561035,-173.2711917,18.70286866,14.13773664,-168.999576,-68.18172247,18.61162458
7/7/2025 4:08,-161.4610003,-173.5792916,18.6892139,14.15770809,-169.3207353,-68.20280465,18.59303808
7/7/2025 4:09,-161.7677201,-173.8909288,18.67554623,14.17780531,-169.6449307,-68.22396053,18.57431351
7/7/2025 4:10,-162.0761162,-174.2059599,18.66186762,14.19802438,-169.9720123,-68.24518844,18.55545552
7/7/2025 4:11,-162.3860394,-174.524239,18.64818007,14.21836128,-170.3018276,-68.26648666,18.53646885
7/7/2025 4:12,-162.6973384,-174.8456172,18.63448562,14.23881185,-170.6342215,-68.28785341,18.51735837
7/7/2025 4:13,-163.0098596,-175.1699427,18.62078636,14.25937182,-170.9690359,-68.30928689,18.49812906
7/7/2025 4:14,-163.3234472,-175.4970608,18.6070844,14.28003683,-171.3061102,-68.33078524,18.47878603
7/7/2025 4:15,-163.6379432,-175.8268144,18.5933819,14.30080238,-171.6452811,-68.35234656,18.45933449
7/7/2025 4:16,-163.9531873,-176.1590432,18.57968104,14.32166386,-171.9863827,-68.3739689,18.43977978
7/7/2025 4:17,-164.2690172,-176.4935844,18.56598407,14.34261656,-172.3292466,-68.39565027,18.42012735
7/7/2025 4:18,-164.5852685,-176.8302726,18.55229323,14.36365564,-172.6737017,-68.41738865,18.40038274
7/7/2025 4:19,-164.9017748,-177.1689396,18.53861084,14.38477615,-173.0195744,-68.43918194,18.38055164
7/7/2025 4:20,-165.2183673,-177.5094145,18.52493922,14.40597303,-173.3666888,-68.46102804,18.36063983
7/7/2025 4:21,-165.5348757,-177.8515241,18.51128076,14.42724113,-173.7148663,-68.48292479,18.3406532
7/7/2025 4:22,-165.8511275,-178.1950924,18.49763785,14.44857516,-174.063926,-68.50486998,18.32059777
7/7/2025 4:23,-166.1669481,-178.5399409,18.48401293,14.46996973,-174.4136848,-68.52686137,18.30047963
7/7/2025 4:24,-166.4821614,-178.8858887,18.47040848,14.49141934,-174.7639569,-68.54889668,18.28030503
7/7/2025 4:25,-166.7965892,-179.2327524,18.45682701,14.51291838,-175.1145545,-68.57097359,18.26008028
7/7/2025 4:26,-167.1100514,-179.5803463,18.44327105,14.53446115,-175.4652874,-68.59308973,18.23981181
7/7/2025 4:27,-167.4223664,-179.9284823,18.42974319,14.55604181,-175.8159633,-68.61524269,18.21950618
7/7/2025 4:28,-167.7333506,-180.2769697,18.41624603,14.57765444,-176.1663875,-68.63743005,18.19917002
7/7/2025 4:29,-168.0428189,-180.6256159,18.4027822,14.59929301,-176.5163634,-68.65964933,18.17881009
7/7/2025 4:30,-168.3505843,-180.9742259,18.38935437,14.62095137,-176.8656921,-68.681898,18.15843321
7/7/2025 4:31,-168.6564585,-181.3226024,18.37596525,14.64262329,-177.2141728,-68.70417352,18.13804636
7/7/2025 4:32,-168.9602514,-181.670546,18.36261757,14.66430241,-177.5616026,-68.72647331,18.11765656
7/7/2025 4:33,-169.2617714,-182.0178553,18.34931408,14.6859823,-177.9077767,-68.74879473,18.09727097
7/7/2025 4:34,-169.5608255,-182.3643265,18.33605758,14.70765641,-178.2524882,-68.77113513,18.07689682
7/7/2025 4:35,-169.8572191,-182.7097543,18.32285089,14.72931808,-178.5955286,-68.79349182,18.05654146
7/7/2025 4:36,-170.1507562,-183.0539308,18.30969686,14.75096058,-178.9366873,-68.81586208,18.0362123
7/7/2025 4:37,-170.4412397,-183.3966466,18.29659835,14.77257706,-179.275752,-68.83824315,18.01591687
7/7/2025 4:38,-170.7284709,-183.7376901,18.28355828,14.79416059,-179.6125088,-68.86063224,17.99566279
7/7/2025 4:39,-171.0122499,-184.0768482,18.27057957,14.81570412,-179.9467418,-68.88302652,17.97545774
7/7/2025 4:40,-171.2923756,-184.4139056,18.25766518,14.83720054,-180.2782338,-68.90542316,17.95530953
7/7/2025 4:41,-171.5686457,-184.7486456,18.24481809,14.85864262,-180.6067657,-68.92781926,17.93522601
7/7/2025 4:42,-171.8408568,-185.0808495,18.2320413,14.88002306,-180.9321171,-68.95021192,17.91521516
7/7/2025 4:43,-172.1088043,-185.4102971,18.21933786,14.90133444,-181.2540659,-68.9725982,17.89528502
7/7/2025 4:44,-172.3722826,-185.7367666,18.20671081,14.92256929,-181.5723885,-68.99497514,17.8754437
7/7/2025 4:45,-172.6310852,-186.0600346,18.19416323,14.94372002,-181.8868602,-69.01733974,17.85569941
7/7/2025 4:46,-172.8850046,-186.3798761,18.18169822,14.96477897,-182.1972548,-69.03968898,17.83606044
7/7/2025 4:47,-173.1338322,-186.6960649,18.16931891,14.9857384,-182.5033445,-69.06201983,17.81653513
7/7/2025 4:48,-173.3773589,-187.008373,18.15702844,15.00659047,-182.8049008,-69.08432921,17.79713192
7/7/2025 4:49,-173.6153745,-187.3165715,18.14482998,15.02732728,-183.1016935,-69.10661404,17.77785932
7/7/2025 4:50,-173.8476681,-187.6204299,18.1327267,15.04794083,-183.3934916,-69.12887119,17.7587259
7/7/2025 4:51,-174.0740282,-187.9197165,18.12072182,15.06842305,-183.6800628,-69.15109754,17.73974031
7/7/2025 4:52,-174.2942426,-188.2141984,18.10881855,15.08876579,-183.961174,-69.17328992,17.72091125
7/7/2025 4:53,-174.5080984,-188.5036417,18.09702015,15.10896084,-184.2365907,-69.19544517,17.70224751
7/7/2025 4:54,-174.7153822,-188.7878113,18.08532985,15.1289999,-184.506078,-69.21756008,17.68375793
7/7/2025 4:55,-174.9158802,-189.066471,18.07375095,15.1488746,-184.7693996,-69.23963144,17.66545141
7/7/2025 4:56,-175.1093778,-189.3393837,18.06228673,15.1685765,-185.0263189,-69.26165602,17.64733692
7/7/2025 4:57,-175.2956604,-189.6063114,18.0509405,15.1880971,-185.276598,-69.28363057,17.62942347
7/7/2025 4:58,-175.4745128,-189.8670153,18.03971557,15.20742782,-185.5199987,-69.30555183,17.61172015
7/7/2025 4:59,-175.6457195,-190.1212556,18.02861529,15.22656003,-185.7562819,-69.32741651,17.59423608
7/7/2025 5:00,-176.7036833,-191.6613736,18.0169853,15.25800536,-187.1454846,-69.37126989,17.53808174
7/7/2025 5:01,-176.8589513,-191.9019647,18.00614435,15.27671437,-187.3668137,-69.39301154,17.52106378
7/7/2025 5:02,-177.0059259,-192.135369,17.99543812,15.29519859,-187.5803049,-69.4146867,17.50429278
7/7/2025 5:03,-177.1443909,-192.361344,17.98486998,15.31344913,-187.7857172,-69.43629205,17.48777806
7/7/2025 5:04,-177.2741301,-192.5796469,17.97444334,15.33145705,-187.9828093,-69.45782424,17.47152898
7/7/2025 5:05,-177.3949273,-192.7900342,17.96416159,15.34921337,-188.1713392,-69.47927993,17.45555498
7/7/2025 5:06,-177.5065662,-192.9922623,17.95402814,15.36670903,-188.3510651,-69.50065576,17.43986548
7/7/2025 5:07,-177.6088308,-193.1860871,17.9440464,15.38393496,-188.5217448,-69.52194837,17.42446999
7/7/2025 5:08,-177.7015052,-193.3712641,17.93421981,15.40088201,-188.6831358,-69.54315439,17.40937803
7/7/2025 5:09,-177.7843735,-193.5475488,17.92455178,15.41754098,-188.8349957,-69.56427045,17.39459916
7/7/2025 5:10,-177.8572204,-193.7146963,17.91504575,15.43390266,-188.9770822,-69.58529316,17.38014296
7/7/2025 5:11,-177.9198307,-193.8724618,17.90570516,15.44995777,-189.1091527,-69.60621914,17.36601905
7/7/2025 5:12,-177.9719896,-194.0206002,17.89653346,15.465697,-189.2309649,-69.62704501,17.35223707
7/7/2025 5:13,-178.0134827,-194.1588666,17.88753409,15.48111099,-189.3422766,-69.64776738,17.33880669
7/7/2025 5:14,-178.0440961,-194.2870162,17.87871049,15.49619035,-189.4428458,-69.66838287,17.32573761
7/7/2025 5:15,-178.0636164,-194.4048042,17.87006612,15.51092568,-189.5324308,-69.68888809,17.31303952
7/7/2025 5:16,-178.0718308,-194.5119859,17.86160442,15.5253075,-189.6107903,-69.70927966,17.30072216
7/7/2025 5:17,-178.0685271,-194.608317,17.85332884,15.53932635,-189.6776831,-69.7295542,17.28879527
7/7/2025 5:18,-178.0534938,-194.6935535,17.84524283,15.55297271,-189.7328687,-69.74970832,17.27726859
7/7/2025 5:19,-178.0265201,-194.7674518,17.83734983,15.56623704,-189.7761071,-69.76973866,17.26615191
7/7/2025 5:20,-177.9873959,-194.8297685,17.82965329,15.5791098,-189.8071586,-69.78964184,17.25545498
7/7/2025 5:21,-177.9359121,-194.8802609,17.82215664,15.59158139,-189.8257844,-69.80941452,17.24518759
7/7/2025 5:22,-177.8718604,-194.9186867,17.81486331,15.60364222,-189.8317463,-69.82905333,17.23535952
7/7/2025 5:23,-177.7950333,-194.9448044,17.80777674,15.61528267,-189.8248067,-69.84855493,17.22598055
7/7/2025 5:24,-177.7052246,-194.958373,17.80090034,15.62649313,-189.8047289,-69.86791598,17.21706047
7/7/2025 5:25,-177.6022288,-194.9591521,17.79423753,15.63726393,-189.7712771,-69.88713318,17.20860906
7/7/2025 5:26,-177.4858417,-194.9469024,17.78779171,15.64758545,-189.7242163,-69.90620319,17.20063608
7/7/2025 5:27,-177.3558602,-194.9213852,17.78156628,15.657448,-189.6633125,-69.92512273,17.19315131
7/7/2025 5:28,-177.2120823,-194.8823628,17.77556464,15.66684194,-189.5883327,-69.94388851,17.18616449
7/7/2025 5:29,-177.0543072,-194.8295984,17.76979015,15.6757576,-189.499045,-69.96249725,17.17968537
7/7/2025 5:30,-176.8823357,-194.7628562,17.76424617,15.6841853,-189.3952187,-69.98094571,17.17372368
7/7/2025 5:31,-176.6959696,-194.6819016,17.75893608,15.69211539,-189.2766242,-69.99923065,17.16828912
7/7/2025 5:32,-176.4950122,-194.5865009,17.75386319,15.69953819,-189.1430331,-70.01734884,17.16339138
7/7/2025 5:33,-176.2792682,-194.476422,17.74903084,15.70644406,-188.9942185,-70.03529709,17.15904013
7/7/2025 5:34,-176.0485439,-194.3514335,17.74444234,15.71282334,-188.8299547,-70.05307222,17.155245
7/7/2025 5:35,-175.802647,-194.2113058,17.74010099,15.7186664,-188.6500175,-70.07067107,17.15201562
7/7/2025 5:36,-175.541387,-194.0558104,17.73601005,15.72396362,-188.4541841,-70.08809049,17.14936156
7/7/2025 5:37,-175.2645747,-193.8847203,17.7321728,15.72870539,-188.2422333,-70.10532738,17.14729239
7/7/2025 5:38,-174.9720227,-193.6978099,17.72859248,15.73288212,-188.0139455,-70.12237864,17.1458176
7/7/2025 5:39,-174.6635456,-193.4948552,17.7252723,15.73648424,-187.7691026,-70.1392412,17.1449467
7/7/2025 5:40,-174.3389593,-193.2756339,17.72221548,15.7395022,-187.5074884,-70.15591203,17.14468911
7/7/2025 5:41,-173.998082,-193.0399252,17.71942519,15.74192647,-187.2288883,-70.17238812,17.14505424
7/7/2025 5:42,-173.6407333,-192.7875101,17.71690459,15.74374757,-186.9330895,-70.18866647,17.14605145
7/7/2025 5:43,-173.2667351,-192.5181712,17.71465683,15.74495603,-186.6198813,-70.20474413,17.14769004
7/7/2025 5:44,-172.875911,-192.231693,17.71268502,15.74554242,-186.2890545,-70.22061817,17.14997928
7/7/2025 5:45,-172.4680867,-191.9278621,17.71099225,15.74549733,-185.9404023,-70.23628569,17.15292838
7/7/2025 5:46,-172.04309,-191.6064666,17.70958159,15.7448114,-185.5737195,-70.25174384,17.1565465
7/7/2025 5:47,-171.6007506,-191.2672969,17.70845607,15.74347531,-185.1888033,-70.26698978,17.16084273
7/7/2025 5:48,-171.1409007,-190.9101454,17.70761871,15.74147978,-184.7854529,-70.2820207,17.16582613
7/7/2025 5:49,-170.6633741,-190.5348064,17.70707249,15.73881557,-184.3634695,-70.29683385,17.17150567
7/7/2025 5:50,-170.1680074,-190.1410765,17.70682037,15.73547348,-183.9226569,-70.31142649,17.17789028
7/7/2025 5:51,-169.6546392,-189.7287544,17.70686529,15.73144437,-183.4628209,-70.32579594,17.18498881
7/7/2025 5:52,-169.1231103,-189.2976412,17.70721013,15.72671915,-182.9837696,-70.33993953,17.19281006
7/7/2025 5:53,-168.5732639,-188.8475402,17.70785777,15.72128878,-182.4853136,-70.35385466,17.20136274
7/7/2025 5:54,-168.0049459,-188.3782569,17.70881104,15.71514426,-181.9672659,-70.36753873,17.2106555
7/7/2025 5:55,-167.4180041,-187.8895994,17.71007275,15.70827668,-181.4294419,-70.38098922,17.22069692
7/7/2025 5:56,-166.8122892,-187.3813781,17.71164567,15.70067716,-180.8716595,-70.39420362,17.23149549
7/7/2025 5:57,-166.1876541,-186.853406,17.71353252,15.6923369,-180.2937393,-70.40717948,17.24305963
7/7/2025 5:58,-165.5439545,-186.3054987,17.71573603,15.68324716,-179.6955043,-70.41991438,17.25539769
7/7/2025 5:59,-164.8810485,-185.7374741,17.71825884,15.67339926,-179.0767805,-70.43240596,17.26851792
7/7/2025 6:00,-165.0934152,-186.4417346,17.72044591,15.67530493,-179.5976726,-70.46670044,17.24352976
7/7/2025 6:01,-164.3916812,-185.8329405,17.7236152,15.66391497,-178.937459,-70.47869843,17.25823875
7/7/2025 6:02,-163.6703311,-185.2034995,17.72711159,15.65174126,-178.2562502,-70.49044625,17.27375416
7/7/2025 6:03,-162.9292337,-184.5532404,17.73093759,15.6387754,-177.553883,-70.50194171,17.2900839
7/7/2025 6:04,-162.1682606,-183.8819951,17.73509568,15.62500909,-176.8301971,-70.51318267,17.30723576
7/7/2025 6:05,-161.3872861,-183.1895981,17.73958829,15.61043411,-176.0850351,-70.52416704,17.32521747
7/7/2025 6:06,-160.5861874,-182.4758869,17.74441783,15.59504231,-175.3182426,-70.53489276,17.34403665
7/7/2025 6:07,-159.7648447,-181.740702,17.74958665,15.57882562,-174.5296683,-70.54535785,17.36370081
7/7/2025 6:08,-158.9231408,-180.9838869,17.75509707,15.56177609,-173.7191637,-70.55556037,17.38421736
7/7/2025 6:09,-158.0609616,-180.205288,17.76095135,15.54388581,-172.8865835,-70.5654984,17.40559362
7/7/2025 6:10,-157.178196,-179.4047549,17.76715173,15.525147,-172.0317856,-70.57517013,17.42783679
7/7/2025 6:11,-156.2747358,-178.5821403,17.77370039,15.50555196,-171.1546309,-70.58457375,17.45095397
7/7/2025 6:12,-155.3504757,-177.7373,17.78059947,15.48509309,-170.2549836,-70.59370753,17.47495215
7/7/2025 6:13,-154.4053137,-176.870093,17.78785107,15.46376287,-169.332711,-70.60256979,17.4998382
7/7/2025 6:14,-153.4391507,-175.9803817,17.79545722,15.44155389,-168.3876839,-70.6111589,17.52561888
7/7/2025 6:15,-152.4518908,-175.0680315,17.80341994,15.41845886,-167.4197762,-70.61947329,17.55230085
7/7/2025 6:16,-151.443441,-174.1329112,17.81174118,15.39447056,-166.4288652,-70.62751144,17.57989064
7/7/2025 6:17,-150.4137117,-173.1748931,17.82042284,15.36958191,-165.4148314,-70.6352719,17.60839465
7/7/2025 6:18,-149.3626163,-172.1938528,17.82946679,15.34378589,-164.3775591,-70.64275326,17.63781917
7/7/2025 6:19,-148.2900716,-171.189669,17.83887482,15.31707565,-163.3169357,-70.64995417,17.66817037
7/7/2025 6:20,-147.1959974,-170.1622244,17.8486487,15.2894444,-162.2328521,-70.65687335,17.69945429
7/7/2025 6:21,-146.080317,-169.1114048,17.85879014,15.26088549,-161.1252027,-70.66350957,17.73167685
7/7/2025 6:22,-144.9429566,-168.0370995,17.8693008,15.23139237,-159.9938856,-70.66986166,17.76484385
7/7/2025 6:23,-143.783846,-166.9392015,17.88018227,15.20095863,-158.8388022,-70.67592852,17.79896092
7/7/2025 6:24,-142.6029183,-165.8176073,17.89143612,15.16957795,-157.6598576,-70.68170909,17.83403361
7/7/2025 6:25,-141.4001097,-164.672217,17.90306385,15.13724415,-156.4569606,-70.68720239,17.87006731
7/7/2025 6:26,-140.1753599,-163.5029343,17.91506691,15.10395117,-155.2300235,-70.6924075,17.90706728
7/7/2025 6:27,-138.9286121,-162.3096666,17.92744668,15.06969306,-153.9789622,-70.69732354,17.94503864
7/7/2025 6:28,-137.6598127,-161.092325,17.94020452,15.03446402,-152.7036964,-70.70194972,17.98398639
7/7/2025 6:29,-136.3689114,-159.8508242,17.9533417,14.99825836,-151.4041496,-70.7062853,18.02391536
7/7/2025 6:30,-135.0558617,-158.5850827,17.96685946,14.96107052,-150.0802488,-70.71032961,18.06483026
7/7/2025 6:31,-133.72062,-157.2950229,17.98075898,14.92289507,-148.7319248,-70.71408203,18.10673567
7/7/2025 6:32,-132.3631467,-155.9805706,17.99504137,14.88372673,-147.3591124,-70.71754201,18.14963599
7/7/2025 6:33,-130.9834054,-154.6416558,18.0097077,14.84356033,-145.9617499,-70.72070907,18.19353552
7/7/2025 6:34,-129.581363,-153.2782121,18.02475898,14.80239086,-144.5397796,-70.7235828,18.23843838
7/7/2025 6:35,-128.1569902,-151.8901771,18.04019616,14.76021342,-143.0931475,-70.72616283,18.28434855
7/7/2025 6:36,-126.710261,-150.477492,18.05602012,14.71702328,-141.6218036,-70.72844888,18.33126988
7/7/2025 6:37,-125.2411529,-149.0401021,18.0722317,14.67281582,-140.1257015,-70.73044073,18.37920604
7/7/2025 6:38,-123.7496472,-147.5779566,18.08883168,14.62758657,-138.6047991,-70.73213822,18.42816057
7/7/2025 6:39,-122.2357283,-146.0910085,18.10582078,14.58133123,-137.0590578,-70.73354126,18.47813685
7/7/2025 6:40,-120.6993845,-144.5792148,18.12319965,14.5340456,-135.488443,-70.73464983,18.52913812
7/7/2025 6:41,-119.1406074,-143.0425365,18.14096889,14.48572567,-133.8929243,-70.73546396,18.58116744
7/7/2025 6:42,-117.5593922,-141.4809384,18.15912904,14.43636755,-132.2724748,-70.73598378,18.63422774
7/7/2025 6:43,-115.9557377,-139.8943895,18.17768058,14.38596749,-130.6270718,-70.73620944,18.68832177
7/7/2025 6:44,-114.3296462,-138.2828625,18.19662393,14.33452192,-128.9566966,-70.73614121,18.74345215
7/7/2025 6:45,-112.6811237,-136.6463343,18.21595944,14.28202741,-127.2613344,-70.73577939,18.79962132
7/7/2025 6:46,-111.0101796,-134.9847859,18.23568742,14.22848066,-125.5409743,-70.73512435,18.85683156
7/7/2025 6:47,-109.316827,-133.298202,18.2558081,14.17387855,-123.7956094,-70.73417655,18.91508501
7/7/2025 6:48,-107.6010823,-131.5865717,18.27632165,14.11821811,-122.0252368,-70.7329365,18.97438362
7/7/2025 6:49,-105.8629659,-129.8498877,18.29722819,14.06149652,-120.2298578,-70.73140479,19.03472921
7/7/2025 6:50,-104.1025014,-128.0881472,18.31852776,14.00371112,-118.4094773,-70.72958205,19.0961234
7/7/2025 6:51,-102.319716,-126.3013512,18.34022037,13.94485939,-116.5641046,-70.72746901,19.15856769
7/7/2025 6:52,-100.5146408,-124.4895046,18.36230593,13.884939,-114.6937528,-70.72506646,19.22206338
7/7/2025 6:53,-98.68730997,-122.6526167,18.38478431,13.82394776,-112.7984389,-70.72237525,19.28661162
7/7/2025 6:54,-96.83776163,-120.7907007,18.40765531,13.76188365,-110.8781842,-70.7193963,19.35221339
7/7/2025 6:55,-94.96603727,-118.9037738,18.43091868,13.69874479,-108.9330137,-70.71613059,19.41886951
7/7/2025 6:56,-93.07218197,-116.9918572,18.45457409,13.63452949,-106.9629567,-70.7125792,19.48658063
7/7/2025 6:57,-91.15624434,-115.0549765,18.47862115,13.5692362,-104.9680463,-70.70874324,19.55534724
7/7/2025 6:58,-89.21827654,-113.093161,18.50305943,13.50286356,-102.9483198,-70.70462391,19.62516964
7/7/2025 6:59,-87.25833425,-111.1064441,18.5278884,13.43541035,-100.9038182,-70.70022247,19.69604798
7/7/2025 7:00,-86.17109511,-110.3874451,18.55244979,13.37939584,-99.99486322,-70.71758879,19.72908353
7/7/2025 7:01,-84.16738495,-108.3510424,18.57805837,13.30977852,-97.90095107,-70.71262718,19.80207352
7/7/2025 7:02,-82.14188843,-106.2898631,18.60405573,13.23907798,-95.7824114,-70.70738763,19.87611889
7/7/2025 7:03,-80.09467521,-104.2039569,18.63044112,13.16729368,-93.6393013,-70.70187169,19.95121911
7/7/2025 7:04,-78.02581852,-102.0933777,18.6572137,13.09442524,-91.47168191,-70.69608095,20.02737347
7/7/2025 7:05,-75.93539495,-99.95818301,18.68437259,13.02047245,-89.27961826,-70.69001708,20.10458111
7/7/2025 7:06,-73.82348465,-97.79843472,18.71191683,12.94543527,-87.06317941,-70.68368179,20.18284099
7/7/2025 7:07,-71.6901711,-95.61419857,18.73984541,12.86931382,-84.82243829,-70.6770769,20.2621519
7/7/2025 7:08,-69.53554128,-93.40554432,18.76815725,12.79210839,-82.55747177,-70.67020425,20.34251246
7/7/2025 7:09,-67.35968556,-91.17254574,18.79685121,12.71381945,-80.26836069,-70.66306578,20.42392112
7/7/2025 7:10,-65.16269768,-88.91528055,18.82592609,12.63444763,-77.95518976,-70.65566347,20.50637617
7/7/2025 7:11,-62.94467477,-86.63383044,18.85538062,12.55399373,-75.61804755,-70.64799939,20.58987572
7/7/2025 7:12,-60.70571734,-84.32828108,18.88521347,12.47245873,-73.25702657,-70.64007566,20.6744177
7/7/2025 7:13,-58.44592919,-81.99872202,18.91542325,12.38984377,-70.87222315,-70.63189445,20.75999988
7/7/2025 7:14,-56.16541749,-79.64524679,18.94600851,12.30615017,-68.46373747,-70.62345802,20.84661987
7/7/2025 7:15,-53.86429267,-77.26795276,18.97696772,12.2213794,-66.03167353,-70.61476869,20.9342751
7/7/2025 7:16,-51.54266845,-74.86694122,19.00829933,12.13553314,-63.57613915,-70.60582881,21.02296283
7/7/2025 7:17,-49.20066184,-72.44231734,19.04000167,12.04861319,-61.09724595,-70.59664085,21.11268015
7/7/2025 7:18,-46.83839305,-69.99419011,19.07207307,11.96062155,-58.59510928,-70.58720728,21.20342399
7/7/2025 7:19,-44.45598548,-67.52267234,19.10451174,11.87156041,-56.06984825,-70.57753068,21.2951911
7/7/2025 7:20,-42.05356581,-65.02788071,19.13731588,11.78143208,-53.52158574,-70.56761367,21.38797806
7/7/2025 7:21,-39.63126377,-62.50993558,19.1704836,11.69023908,-50.95044826,-70.55745892,21.4817813
7/7/2025 7:22,-37.18921233,-59.96896119,19.20401295,11.59798408,-48.35656606,-70.54706918,21.57659707
7/7/2025 7:23,-34.72754753,-57.40508544,19.23790193,11.50466993,-45.74007304,-70.53644726,21.67242145
7/7/2025 7:24,-32.24640847,-54.81843995,19.27214849,11.41029966,-43.10110666,-70.525596,21.76925036
7/7/2025 7:25,-29.7459374,-52.20916009,19.30675048,11.31487643,-40.43980809,-70.51451834,21.86707956
7/7/2025 7:26,-27.2262795,-49.57738482,19.34170575,11.21840361,-37.75632201,-70.50321725,21.96590463
7/7/2025 7:27,-24.68758303,-46.92325677,19.37701203,11.12088472,-35.05079665,-70.49169576,22.065721
7/7/2025 7:28,-22.1299992,-44.24692221,19.41266704,11.02232346,-32.32338382,-70.47995695,22.16652393
7/7/2025 7:29,-19.55368218,-41.54853094,19.44866842,10.92272367,-29.57423876,-70.46800399,22.26830851
7/7/2025 7:30,-16.95878906,-38.82823636,19.48501375,10.82208938,-26.80352021,-70.45584006,22.37106969
7/7/2025 7:31,-14.3454798,-36.08619537,19.52170056,10.72042478,-24.01139035,-70.44346842,22.47480224
7/7/2025 7:32,-11.71391722,-33.32256834,19.55872632,10.61773424,-21.19801473,-70.43089238,22.57950076
7/7/2025 7:33,-9.064266998,-30.53751916,19.59608845,10.51402226,-18.36356231,-70.4181153,22.68515972
7/7/2025 7:34,-6.396697564,-27.73121511,19.63378431,10.40929355,-15.50820537,-70.4051406,22.79177341
7/7/2025 7:35,-3.711380141,-24.90382688,19.67181119,10.30355294,-12.63211951,-70.39197174,22.89933596
7/7/2025 7:36,-1.008488657,-22.05552851,19.71016635,10.19680545,-9.735483591,-70.37861224,23.00784136
7/7/2025 7:37,1.711800272,-19.1864974,19.74884698,10.08905626,-6.818479701,-70.36506566,23.11728344
7/7/2025 7:38,4.449307339,-16.29691422,19.78785023,9.980310695,-3.881293172,-70.35133562,23.22765587
7/7/2025 7:39,7.203850638,-13.38696291,19.82717317,9.870574259,-0.924112477,-70.33742578,23.33895215
7/7/2025 7:40,9.975245706,-10.45683061,19.86681284,9.759852606,2.052870813,-70.32333985,23.45116566
7/7/2025 7:41,12.76330544,-7.506707722,19.90676622,9.648151549,5.049461936,-70.30908159,23.56428962
7/7/2025 7:42,15.56784033,-4.536787679,19.94703025,9.53547706,8.065463194,-70.2946548,23.67831708
7/7/2025 7:43,18.38865828,-1.547267154,19.98760179,9.421835269,11.10067375,-70.28006334,23.79324096
7/7/2025 7:44,21.22556485,1.461654209,20.02847769,9.307232458,14.15488988,-70.26531109,23.90905402
7/7/2025 7:45,24.07836315,4.489773692,20.0696547,9.191675063,17.22790489,-70.25040199,24.0257489
7/7/2025 7:46,26.94685391,7.536885569,20.11112957,9.075169678,20.31950915,-70.23534002,24.14331805
7/7/2025 7:47,29.83083557,10.60278118,20.15289897,8.957723043,23.42949023,-70.2201292,24.26175383
7/7/2025 7:48,32.73010428,13.68724897,20.19495953,8.839342053,26.55763284,-70.20477359,24.38104842
7/7/2025 7:49,35.64445392,16.79007448,20.23730784,8.720033751,29.70371892,-70.18927728,24.50119386
7/7/2025 7:50,38.57367619,19.91104044,20.27994043,8.599805328,32.86752769,-70.17364442,24.62218207
7/7/2025 7:51,41.51756059,23.04992678,20.32285379,8.47866412,36.04883565,-70.15787918,24.74400483
7/7/2025 7:52,44.47589454,26.20651072,20.36604436,8.356617613,39.24741668,-70.14198578,24.86665376
7/7/2025 7:53,47.44846336,29.38056677,20.40950855,8.233673432,42.46304205,-70.12596846,24.99012038
7/7/2025 7:54,50.4350503,32.57186677,20.45324271,8.109839348,45.69548044,-70.1098315,25.11439605
7/7/2025 7:55,53.43543664,35.78017995,20.49724315,7.985123273,48.94449804,-70.09357922,25.239472
7/7/2025 7:56,56.44940175,39.00527304,20.54150614,7.859533255,52.2098586,-70.07721597,25.36533936
7/7/2025 7:57,59.47672295,42.24691015,20.58602791,7.733077486,55.49132334,-70.06074613,25.49198909
7/7/2025 7:58,62.51717584,45.50485303,20.63080465,7.605764288,58.78865125,-70.04417411,25.61941206
7/7/2025 7:59,65.57053408,48.7788609,20.67583249,7.477602126,62.10159882,-70.02750435,25.74759898
7/7/2025 8:00,67.74195116,50.77610907,20.72044985,7.361119916,64.26964387,-70.03278988,25.83764175
7/7/2025 8:01,70.82043418,54.08151536,20.76596819,7.231285731,67.6130915,-70.01593808,25.96732829
7/7/2025 8:02,73.91113312,57.40225037,20.81172584,7.100628754,70.971415,-69.99900203,26.09775025
7/7/2025 8:03,77.01381484,60.73806422,20.8577188,6.969157967,74.34436211,-69.98198628,26.22889787
7/7/2025 8:04,80.12824458,64.08870477,20.903943,6.836882481,77.73167846,-69.96489539,26.3607613
7/7/2025 8:05,83.25418597,67.45391774,20.95039439,6.703811529,81.1331076,-69.94773397,26.49333053
7/7/2025 8:06,86.39140118,70.8334468,20.99706883,6.569954469,84.54839112,-69.93050664,26.62659549
7/7/2025 8:07,89.53965086,74.22703357,21.04396218,6.43532078,87.97726862,-69.91321802,26.76054597
7/7/2025 8:08,92.69869426,77.63441767,21.09107025,6.299920058,91.41947785,-69.89587278,26.89517166
7/7/2025 8:09,95.86828926,81.05533683,21.13838884,6.163762018,94.87475469,-69.87847559,27.03046215
7/7/2025 8:10,99.04819236,84.48952685,21.18591368,6.026856491,98.3428332,-69.86103115,27.1664069
7/7/2025 8:11,102.2381588,87.93672173,21.23364051,5.889213418,101.8234457,-69.84354416,27.3029953
7/7/2025 8:12,105.4379426,91.39665368,21.28156501,5.750842854,105.3163229,-69.82601936,27.44021663
7/7/2025 8:13,108.6472966,94.86905316,21.32968285,5.611754964,108.8211937,-69.80846147,27.57806006
7/7/2025 8:14,111.8659723,98.35364901,21.37798967,5.471960018,112.3377855,-69.79087526,27.71651469
7/7/2025 8:15,115.0937204,101.8501684,21.42648106,5.331468392,115.8658241,-69.77326549,27.85556949
7/7/2025 8:16,118.3302903,105.3583369,21.47515262,5.190290566,119.4050339,-69.75563692,27.99521337
7/7/2025 8:17,121.5754305,108.8778786,21.52399989,5.048437117,122.9551379,-69.73799434,28.13543513
7/7/2025 8:18,124.8288885,112.4085162,21.57301842,4.905918729,126.5158575,-69.72034255,28.27622351
7/7/2025 8:19,128.0904109,115.9499708,21.6222037,4.762746173,130.086913,-69.70268634,28.41756713
7/7/2025 8:20,131.3597434,119.5019623,21.67155123,4.618930323,133.6680231,-69.68503052,28.55945455
7/7/2025 8:21,134.636631,123.0642093,21.72105646,4.474482139,137.2589056,-69.66737989,28.70187424
7/7/2025 8:22,137.9208177,126.636429,21.77071485,4.329412674,140.859277,-69.64973928,28.8448146
7/7/2025 8:23,141.212047,130.2183375,21.82052181,4.183733069,144.4688525,-69.63211348,28.98826395
7/7/2025 8:24,144.5100615,133.8096498,21.87047275,4.037454549,148.0873466,-69.61450732,29.13221053
7/7/2025 8:25,147.8146033,137.4100797,21.92056305,3.890588422,151.7144724,-69.59692562,29.27664251
7/7/2025 8:26,151.1254139,141.0193399,21.97078809,3.74314608,155.3499422,-69.57937318,29.421548
7/7/2025 8:27,154.4422342,144.6371424,22.02114322,3.595138991,158.9934674,-69.56185482,29.56691504
7/7/2025 8:28,157.7648047,148.2631979,22.07162377,3.446578699,162.6447584,-69.54437535,29.71273159
7/7/2025 8:29,161.0928654,151.8972165,22.12222508,3.297476824,166.303525,-69.52693957,29.85898557
7/7/2025 8:30,164.4261558,155.5389075,22.17294245,3.147845055,169.9694761,-69.50955228,30.00566483
7/7/2025 8:31,167.7644152,159.1879791,22.22377118,2.997695152,173.6423198,-69.49221826,30.15275715
7/7/2025 8:32,171.1073825,162.844139,22.27470656,2.847038941,177.3217638,-69.47494231,30.30025027
7/7/2025 8:33,174.4547963,166.5070944,22.32574387,2.695888312,181.007515,-69.45772918,30.44813188
7/7/2025 8:34,177.8063951,170.1765515,22.37687837,2.544255218,184.6992797,-69.44058365,30.5963896
7/7/2025 8:35,181.1619173,173.8522164,22.42810533,2.392151669,188.396764,-69.42351045,30.74501103
7/7/2025 8:36,184.5211007,177.5337943,22.47942,2.239589735,192.0996732,-69.40651434,30.89398369
7/7/2025 8:37,187.8836836,181.2209901,22.53081763,2.086581539,195.8077124,-69.38960002,31.04329509
7/7/2025 8:38,191.249404,184.9135083,22.58229346,1.933139255,199.5205863,-69.3727722,31.19293267
7/7/2025 8:39,194.6179999,188.6110532,22.63384273,1.779275108,203.2379994,-69.35603557,31.34288386
7/7/2025 8:40,197.9892093,192.3133285,22.68546066,1.62500137,206.9596559,-69.33939481,31.49313601
7/7/2025 8:41,201.3627705,196.020038,22.7371425,1.470330354,210.6852597,-69.32285456,31.64367649
7/7/2025 8:42,204.7384217,199.730885,22.78888347,1.315274422,214.4145147,-69.30641946,31.7944926
7/7/2025 8:43,208.1159015,203.4455729,22.8406788,1.159845966,218.1471247,-69.29009411,31.94557162
7/7/2025 8:44,211.4949486,207.163805,22.89252372,1.004057425,221.8827935,-69.27388311,32.09690081
7/7/2025 8:45,214.8753021,210.8852844,22.94441347,0.847921264,225.6212248,-69.25779103,32.2484674
7/7/2025 8:46,218.2567013,214.6097144,22.99634328,0.691449983,229.3621225,-69.24182238,32.40025861
7/7/2025 8:47,221.6388858,218.3367983,23.04830839,0.534656112,233.1051904,-69.22598171,32.55226161
7/7/2025 8:48,225.0215957,222.0662395,23.10030404,0.377552206,236.8501328,-69.21027348,32.70446358
7/7/2025 8:49,228.4045717,225.7977417,23.15232547,0.220150844,240.596654,-69.19470216,32.85685168
7/7/2025 8:50,231.7875548,229.5310088,23.20436796,0.062464628,244.3444585,-69.17927217,33.00941306
7/7/2025 8:51,235.1702865,233.2657448,23.25642675,-0.095493822,248.0932514,-69.16398792,33.16213485
7/7/2025 8:52,238.552509,237.0016542,23.30849712,-0.253711871,251.8427379,-69.14885377,33.31500417
7/7/2025 8:53,241.933965,240.7384418,23.36057436,-0.412176867,255.5926236,-69.13387405,33.46800816
7/7/2025 8:54,245.314398,244.475813,23.41265374,-0.570876154,259.3426149,-69.11905308,33.62113392
7/7/2025 8:55,248.693552,248.2134735,23.46473058,-0.729797057,263.0924183,-69.1043951,33.77436858
7/7/2025 8:56,252.071172,251.9511296,23.51680018,-0.888926903,266.8417411,-69.08990436,33.92769927
7/7/2025 8:57,255.4470035,255.6884881,23.56885788,-1.048253015,270.5902911,-69.07558504,34.0811131
7/7/2025 8:58,258.820793,259.4252566,23.62089902,-1.20776271,274.3377769,-69.0614413,34.23459721
7/7/2025 8:59,262.1922879,263.1611432,23.67291896,-1.367443314,278.0839077,-69.04747727,34.38813873
7/7/2025 9:00,264.6666177,265.6032751,23.72425537,-1.514761824,280.6681168,-69.05574556,34.50282611
7/7/2025 9:01,268.0327686,269.3365253,23.77621903,-1.67474623,284.4106681,-69.0421531,34.65644395
7/7/2025 9:02,271.3958723,273.0680227,23.82814767,-1.834863546,288.1509966,-69.02875245,34.81008072
7/7/2025 9:03,274.7556797,276.7974785,23.8800367,-1.995101128,291.8888147,-69.01554755,34.9637236
7/7/2025 9:04,278.1119431,280.524605,23.93188159,-2.155446348,295.6238359,-69.00254231,35.11735984
7/7/2025 9:05,281.4644156,284.2491154,23.98367778,-2.31588659,299.3557745,-68.98974059,35.27097666
7/7/2025 9:06,284.8128517,287.9707239,24.03542078,-2.476409263,303.0843459,-68.9771462,35.42456134
7/7/2025 9:07,288.1570068,291.6891458,24.0871061,-2.637001796,306.8092664,-68.96476292,35.57810119
7/7/2025 9:08,291.4966376,295.4040974,24.13872927,-2.797651642,310.5302537,-68.95259446,35.73158352
7/7/2025 9:09,294.831502,299.115296,24.19028586,-2.958346282,314.2470263,-68.9406445,35.8849957
7/7/2025 9:10,298.1613591,302.8224605,24.24177144,-3.11907323,317.9593042,-68.92891666,36.03832513
7/7/2025 9:11,301.4859694,306.5253106,24.29318165,-3.279820026,321.6668084,-68.9174145,36.19155923
7/7/2025 9:12,304.8050948,310.2235675,24.3445121,-3.440574251,325.3692613,-68.90614156,36.34468547
7/7/2025 9:13,308.1184982,313.9169534,24.39575848,-3.601323518,329.0663864,-68.8951013,36.49769138
7/7/2025 9:14,311.4259442,317.6051923,24.44691648,-3.762055483,332.7579089,-68.88429713,36.65056449
7/7/2025 9:15,314.7271988,321.2880093,24.49798182,-3.922757845,336.443555,-68.87373242,36.80329241
7/7/2025 9:16,318.0220293,324.9651308,24.54895026,-4.083418344,340.1230526,-68.86341047,36.95586279
7/7/2025 9:17,321.3102045,328.636285,24.59981759,-4.24402477,343.7961309,-68.85333453,37.10826333
7/7/2025 9:18,324.5914949,332.3012013,24.65057963,-4.404564962,347.4625208,-68.84350779,37.26048178
7/7/2025 9:19,327.8656724,335.9596108,24.70123223,-4.56502681,351.1219544,-68.8339334,37.41250593
7/7/2025 9:20,331.1325103,339.6112462,24.75177128,-4.725398259,354.7741656,-68.82461442,37.56432364
7/7/2025 9:21,334.3917839,343.2558416,24.8021927,-4.885667309,358.41889,-68.81555389,37.71592285
7/7/2025 9:22,337.6432697,346.893133,24.85249245,-5.04582202,362.0558646,-68.80675476,37.86729151
7/7/2025 9:23,340.8867462,350.5228579,24.90266652,-5.205850515,365.6848283,-68.79821993,38.01841767
7/7/2025 9:24,344.1219933,354.1447557,24.95271094,-5.365740978,369.3055215,-68.78995224,38.16928944
7/7/2025 9:25,347.3487927,357.7585674,25.00262177,-5.525481658,372.9176864,-68.78195447,38.31989498
7/7/2025 9:26,350.566928,361.3640359,25.05239513,-5.685060877,376.5210672,-68.77422934,38.47022253
7/7/2025 9:27,353.7761843,364.9609057,25.10202716,-5.84446702,380.1154096,-68.76677949,38.62026039
7/7/2025 9:28,356.9763485,368.5489235,25.15151405,-6.003688553,383.7004613,-68.75960752,38.76999695
7/7/2025 9:29,360.1672095,372.1278376,25.20085201,-6.162714008,387.2759719,-68.75271595,38.91942066
7/7/2025 9:30,363.3485579,375.6973983,25.25003732,-6.321532,390.8416927,-68.74610725,39.06852004
7/7/2025 9:31,366.5201861,379.257358,25.29906629,-6.480131223,394.3973772,-68.7397838,39.21728371
7/7/2025 9:32,369.6818884,382.8074708,25.34793526,-6.638500448,397.9427807,-68.73374794,39.36570034
7/7/2025 9:33,372.833461,386.3474931,25.39664064,-6.796628533,401.4776605,-68.72800193,39.51375871
7/7/2025 9:34,375.974702,389.877183,25.44517886,-6.954504421,405.0017759,-68.72254796,39.66144765
7/7/2025 9:35,379.1054114,393.396301,25.49354641,-7.112117141,408.5148883,-68.71738817,39.80875611
7/7/2025 9:36,382.2253913,396.9046095,25.54173981,-7.269455811,412.0167612,-68.7125246,39.9556731
7/7/2025 9:37,385.3344456,400.4018731,25.58975564,-7.426509643,415.50716,-68.70795927,40.10218773
7/7/2025 9:38,388.4323801,403.8878584,25.63759053,-7.583267941,418.9858524,-68.70369408,40.24828919
7/7/2025 9:39,391.5190029,407.3623343,25.68524113,-7.739720105,422.4526083,-68.69973089,40.39396678
7/7/2025 9:40,394.5941239,410.8250719,25.73270418,-7.895855631,425.9071996,-68.69607149,40.53920987
7/7/2025 9:41,397.657555,414.2758444,25.77997643,-8.051664117,429.3494003,-68.69271758,40.68400794
7/7/2025 9:42,400.7091102,417.7144275,25.82705469,-8.207135259,432.7789869,-68.68967082,40.82835055
7/7/2025 9:43,403.7486058,421.1405987,25.87393583,-8.362258858,436.1957379,-68.68693276,40.97222738
7/7/2025 9:44,406.7758597,424.5541383,25.92061677,-8.51702482,439.5994343,-68.68450493,41.11562819
7/7/2025 9:45,409.7906923,427.9548285,25.96709446,-8.671423156,442.989859,-68.68238873,41.25854285
7/7/2025 9:46,412.7929259,431.3424541,26.01336592,-8.825443985,446.3667974,-68.68058554,41.40096133
7/7/2025 9:47,415.7823851,434.716802,26.05942822,-8.97907754,449.7300374,-68.67909663,41.54287369
7/7/2025 9:48,418.7588964,438.0776617,26.10527847,-9.132314161,453.0793688,-68.67792322,41.68427011
7/7/2025 9:49,421.7222885,441.4248249,26.15091384,-9.285144305,456.4145842,-68.67706645,41.82514088
7/7/2025 9:50,424.6723923,444.7580858,26.19633157,-9.437558541,459.7354781,-68.67652738,41.96547638
7/7/2025 9:51,427.6090408,448.0772409,26.24152892,-9.589547557,463.0418478,-68.67630701,42.10526711
7/7/2025 9:52,430.5320694,451.3820893,26.28650322,-9.741102159,466.3334927,-68.67640627,42.24450367
7/7/2025 9:53,433.4413153,454.6724324,26.33125186,-9.892213271,469.6102147,-68.67682599,42.38317679
7/7/2025 9:54,436.3366181,457.9480741,26.37577228,-10.04287194,472.8718181,-68.67756695,42.52127728
7/7/2025 9:55,439.2178196,461.2088207,26.42006197,-10.19306934,476.1181098,-68.67862985,42.6587961
7/7/2025 9:56,442.0847637,464.4544811,26.46411847,-10.34279675,479.3488988,-68.68001533,42.7957243
7/7/2025 9:57,444.9372965,467.6848667,26.50793941,-10.4920456,482.5639969,-68.68172392,42.93205305
7/7/2025 9:58,447.7752665,470.8997913,26.55152242,-10.64080744,485.7632182,-68.68375611,43.06777364
7/7/2025 9:59,450.5985241,474.0990712,26.59486524,-10.78907394,488.9463792,-68.68611231,43.20287747
7/7/2025 10:00,452.5123037,475.9899438,26.63730793,-10.92431657,490.9530224,-68.71084139,43.29845734
7/7/2025 10:01,455.3056972,479.1573937,26.68016373,-11.07156792,494.1035226,-68.71384651,43.43230234
7/7/2025 10:02,458.0839433,482.3086632,26.72277282,-11.21829973,497.2374272,-68.71717641,43.56550551
7/7/2025 10:03,460.8469016,485.4435789,26.76513314,-11.36450421,500.3545629,-68.72083119,43.69805874
7/7/2025 10:04,463.5944336,488.5619698,26.8072427,-11.51017368,503.4547587,-68.72481088,43.82995402
7/7/2025 10:05,466.3264033,491.6636677,26.84909956,-11.65530062,506.5378462,-68.72911545,43.96118349
7/7/2025 10:06,469.0426767,494.7485066,26.89070183,-11.79987762,509.6036595,-68.73374479,44.09173939
7/7/2025 10:07,471.7431221,497.8163234,26.9320477,-11.94389744,512.6520353,-68.7386987,44.22161411
7/7/2025 10:08,474.4276102,500.8669574,26.97313539,-12.08735296,515.6828129,-68.74397694,44.35080013
7/7/2025 10:09,477.0960137,503.9002506,27.01396321,-12.23023719,518.6958338,-68.74957916,44.4792901
7/7/2025 10:10,479.7482076,506.9160474,27.05452949,-12.3725433,521.6909425,-68.75550497,44.60707675
7/7/2025 10:11,482.3840691,509.9141951,27.09483266,-12.51426459,524.6679856,-68.76175387,44.73415297
7/7/2025 10:12,485.0034776,512.8945432,27.13487118,-12.65539451,527.6268126,-68.76832533,44.86051177
7/7/2025 10:13,487.6063147,515.856944,27.17464359,-12.79592664,530.5672753,-68.77521871,44.98614627
7/7/2025 10:14,490.1924643,518.8012524,27.21414846,-12.93585472,533.4892282,-68.78243333,45.11104973
7/7/2025 10:15,492.7618125,521.7273259,27.25338445,-13.07517262,536.3925281,-68.7899684,45.23521556
7/7/2025 10:16,495.3142473,524.6350244,27.29235027,-13.21387437,539.2770347,-68.7978231,45.35863726
7/7/2025 10:17,497.8496593,527.5242105,27.33104468,-13.35195413,542.1426099,-68.80599652,45.48130849
7/7/2025 10:18,500.367941,530.3947495,27.3694665,-13.48940622,544.9891182,-68.81448767,45.60322303
7/7/2025 10:19,502.8689872,533.246509,27.40761462,-13.62622509,547.8164269,-68.82329549,45.72437478
7/7/2025 10:20,505.3526948,536.0793594,27.44548799,-13.76240536,550.6244055,-68.83241888,45.84475778
7/7/2025 10:21,507.8189629,538.8931735,27.48308561,-13.89794177,553.4129261,-68.84185663,45.96436622
7/7/2025 10:22,510.2676926,541.6878269,27.52040654,-14.03282925,556.1818634,-68.85160749,46.08319438
7/7/2025 10:23,512.6987874,544.4631973,27.55744991,-14.16706283,558.9310944,-68.86167012,46.2012367
7/7/2025 10:24,515.1121528,547.2191655,27.59421489,-14.30063773,561.660499,-68.87204313,46.31848775
7/7/2025 10:25,517.5076962,549.9556144,27.63070073,-14.43354929,564.3699592,-68.88272506,46.43494222
7/7/2025 10:26,519.8853275,552.6724296,27.66690673,-14.56579301,567.0593595,-68.89371436,46.55059494
7/7/2025 10:27,522.2449585,555.3694992,27.70283224,-14.69736456,569.7285872,-68.90500944,46.66544086
7/7/2025 10:28,524.586503,558.0467139,27.73847669,-14.82825973,572.3775318,-68.91660863,46.77947509
7/7/2025 10:29,526.9098769,560.7039667,27.77383954,-14.95847448,575.0060852,-68.92851019,46.89269283
7/7/2025 10:30,529.2149983,563.3411531,27.80892034,-15.0880049,577.614142,-68.94071234,47.00508945
7/7/2025 10:31,531.5017871,565.9581713,27.84371867,-15.21684727,580.201599,-68.95321321,47.11666043
7/7/2025 10:32,533.7701656,568.5549219,27.87823419,-15.34499797,582.7683555,-68.96601087,47.22740139
7/7/2025 10:33,536.0200577,571.1313076,27.9124666,-15.47245357,585.3143133,-68.97910333,47.33730807
7/7/2025 10:34,538.2513895,573.6872341,27.94641568,-15.59921077,587.8393765,-68.99248854,47.44637635
7/7/2025 10:35,540.4640891,576.222609,27.98008125,-15.72526644,590.3434515,-69.00616439,47.55460225
7/7/2025 10:36,542.6580865,578.7373426,28.01346318,-15.85061758,592.8264473,-69.02012869,47.66198189
7/7/2025 10:37,544.8333138,581.2313476,28.04656142,-15.97526135,595.288275,-69.03437921,47.76851156
7/7/2025 10:38,546.9897047,583.7045389,28.07937596,-16.09919506,597.7288483,-69.04891366,47.87418765
7/7/2025 10:39,549.1271952,586.1568339,28.11190685,-16.22241617,600.1480829,-69.06372968,47.97900669
7/7/2025 10:40,551.245723,588.5881523,28.1441542,-16.34492229,602.5458972,-69.07882486,48.08296535
7/7/2025 10:41,553.3452276,590.9984162,28.17611817,-16.46671118,604.9222116,-69.09419671,48.1860604
7/7/2025 10:42,555.4256506,593.3875499,28.20779898,-16.58778074,607.2769488,-69.10984272,48.28828876
7/7/2025 10:43,557.4869352,595.7554799,28.23919691,-16.70812904,609.6100338,-69.12576029,48.38964749
7/7/2025 10:44,559.5290267,598.1021353,28.27031228,-16.82775428,611.921394,-69.14194679,48.49013374
7/7/2025 10:45,561.551872,600.4274471,28.30114547,-16.94665482,614.2109588,-69.15839951,48.58974482
7/7/2025 10:46,563.5554197,602.7313487,28.33169693,-17.06482914,616.4786599,-69.17511572,48.68847814
7/7/2025 10:47,565.5396205,605.0137758,28.36196713,-17.18227591,618.7244311,-69.1920926,48.78633127
7/7/2025 10:48,567.5044265,607.2746661,28.39195663,-17.29899392,620.9482085,-69.20932731,48.88330187
7/7/2025 10:49,569.4497917,609.5139596,28.42166601,-17.41498211,623.1499303,-69.22681694,48.97938774
7/7/2025 10:50,571.3756719,611.7315984,28.45109594,-17.53023956,625.3295366,-69.24455853,49.07458681
7/7/2025 10:51,573.2820243,613.9275267,28.48024709,-17.6447655,627.4869701,-69.26254907,49.16889712
7/7/2025 10:52,575.1688081,616.1016909,28.50912024,-17.7585593,629.622175,-69.28078552,49.26231683
7/7/2025 10:53,577.0359838,618.2540394,28.53771617,-17.87162049,631.735098,-69.29926477,49.35484424
7/7/2025 10:54,578.8835138,620.3845226,28.56603574,-17.98394872,633.8256876,-69.31798368,49.44647776
7/7/2025 10:55,580.7113619,622.4930931,28.59407985,-18.09554379,635.8938944,-69.33693905,49.53721591
7/7/2025 10:56,582.5194937,624.5797054,28.62184945,-18.20640564,637.9396711,-69.35612765,49.62705734
7/7/2025 10:57,584.307876,626.644316,28.64934555,-18.31653435,639.9629721,-69.37554618,49.71600082
7/7/2025 10:58,586.0764775,628.6868834,28.67656918,-18.42593014,641.9637539,-69.39519134,49.80404523
7/7/2025 10:59,587.8252681,630.7073681,28.70352145,-18.53459338,643.941975,-69.41505975,49.89118957
7/7/2025 11:00,588.659601,631.4131506,28.72954579,-18.63000421,644.7373191,-69.45719657,49.93853424
7/7/2025 11:01,590.3686861,633.3893585,28.7559588,-18.73720393,646.6703016,-69.47750123,50.02387589
7/7/2025 11:02,592.0578792,635.3433762,28.782104,-18.84367298,648.5806098,-69.49801881,50.10831516
7/7/2025 11:03,593.7271562,637.2751717,28.80798269,-18.94941224,650.4682098,-69.51874579,50.1918515
7/7/2025 11:04,595.3764943,639.1847146,28.83359617,-19.05442276,652.333069,-69.53967861,50.27448446
7/7/2025 11:05,597.0058721,641.0719764,28.85894583,-19.15870568,654.1751571,-69.56081367,50.35621374
7/7/2025 11:06,598.6152695,642.9369304,28.88403306,-19.26226231,655.9944451,-69.58214736,50.4370391
7/7/2025 11:07,600.2046676,644.7795516,28.90885934,-19.36509406,657.790906,-69.603676,50.51696044
7/7/2025 11:08,601.7740491,646.5998166,28.93342615,-19.46720248,659.5645143,-69.62539591,50.59597776
7/7/2025 11:09,603.3233976,648.3977039,28.95773502,-19.56858924,661.3152465,-69.64730336,50.67409116
7/7/2025 11:10,604.8526982,650.1731933,28.98178755,-19.66925615,663.0430803,-69.6693946,50.75130084
7/7/2025 11:11,606.361937,651.9262666,29.00558534,-19.76920511,664.7479953,-69.69166585,50.82760713
7/7/2025 11:12,607.8511015,653.6569068,29.02913006,-19.86843818,666.4299726,-69.71411329,50.90301042
7/7/2025 11:13,609.3201803,655.3650988,29.0524234,-19.96695753,668.0889949,-69.7367331,50.97751123
7/7/2025 11:14,610.7691629,657.0508289,29.07546709,-20.06476542,669.7250466,-69.75952141,51.05111018
7/7/2025 11:15,612.1980404,658.7140848,29.09826291,-20.16186428,671.3381132,-69.78247434,51.12380797
7/7/2025 11:16,613.6068044,660.3548558,29.12081266,-20.25825661,672.9281819,-69.80558798,51.1956054
7/7/2025 11:17,614.9954481,661.9731326,29.14311819,-20.35394505,674.4952416,-69.82885839,51.26650338
7/7/2025 11:18,616.3639653,663.5689073,29.16518138,-20.44893235,676.0392823,-69.85228163,51.33650291
7/7/2025 11:19,617.7123511,665.1421735,29.18700413,-20.54322136,677.5602954,-69.87585373,51.40560506
7/7/2025 11:20,619.0406015,666.692926,29.2085884,-20.63681506,679.0582738,-69.89957071,51.47381102
7/7/2025 11:21,620.3487135,668.2211609,29.22993615,-20.72971651,680.5332118,-69.92342854,51.54112205
7/7/2025 11:22,621.6366848,669.7268758,29.25104941,-20.8219289,681.9851049,-69.94742322,51.60753951
7/7/2025 11:23,622.9045143,671.2100694,29.27193021,-20.91345553,683.4139498,-69.97155071,51.67306485
7/7/2025 11:24,624.1522017,672.6707417,29.29258063,-21.00429978,684.8197447,-69.99580696,51.73769958
7/7/2025 11:25,625.3797475,674.1088939,29.31300276,-21.09446515,686.2024889,-70.02018791,51.80144533
7/7/2025 11:26,626.587153,675.5245283,29.33319873,-21.18395522,687.5621828,-70.04468949,51.86430378
7/7/2025 11:27,627.7744205,676.9176485,29.35317071,-21.2727737,688.8988282,-70.06930761,51.92627672
7/7/2025 11:28,628.9415528,678.2882592,29.37292087,-21.36092437,690.2124279,-70.09403818,51.98736599
7/7/2025 11:29,630.0885537,679.636366,29.39245143,-21.44841112,691.5029858,-70.11887711,52.04757352
7/7/2025 11:30,631.2154276,680.9619758,29.41176463,-21.53523791,692.770507,-70.14382029,52.10690133
7/7/2025 11:31,632.3221797,682.2650963,29.43086271,-21.62140882,694.0149975,-70.16886361,52.1653515
7/7/2025 11:32,633.4088158,683.5457364,29.44974797,-21.706928,695.2364646,-70.19400296,52.22292618
7/7/2025 11:33,634.4753423,684.8039058,29.46842272,-21.79179969,696.4349163,-70.21923423,52.27962761
7/7/2025 11:34,635.5217665,686.0396154,29.48688928,-21.87602823,697.6103618,-70.24455329,52.33545807
7/7/2025 11:35,636.548096,687.2528767,29.50515,-21.95961801,698.7628112,-70.26995603,52.39041994
7/7/2025 11:36,637.5543392,688.4437022,29.52320725,-22.04257354,699.8922755,-70.29543833,52.44451565
7/7/2025 11:37,638.5405049,689.6121053,29.54106342,-22.12489939,700.9987666,-70.32099608,52.49774769
7/7/2025 11:38,639.5066026,690.7581003,29.55872092,-22.2066002,702.0822972,-70.34662517,52.55011863
7/7/2025 11:39,640.4526423,691.8817021,29.57618218,-22.2876807,703.1428809,-70.37232149,52.6016311
7/7/2025 11:40,641.3786342,692.9829265,29.59344964,-22.36814568,704.1805323,-70.39808095,52.65228777
7/7/2025 11:41,642.2845894,694.0617899,29.61052575,-22.44800002,705.1952665,-70.42389945,52.70209139
7/7/2025 11:42,643.1705191,695.1183097,29.62741299,-22.52724865,706.1870995,-70.44977291,52.75104476
7/7/2025 11:43,644.0364352,696.1525036,29.64411384,-22.60589658,707.156048,-70.47569725,52.79915073
7/7/2025 11:44,644.8823498,697.1643902,29.66063082,-22.68394888,708.1021295,-70.50166841,52.84641222
7/7/2025 11:45,645.7082755,698.1539887,29.67696642,-22.76141068,709.025362,-70.52768235,52.89283219
7/7/2025 11:46,646.5142251,699.1213188,29.69312318,-22.83828718,709.9257644,-70.55373501,52.93841364
7/7/2025 11:47,647.3002119,700.0664009,29.70910363,-22.91458363,710.803356,-70.57982237,52.98315964
7/7/2025 11:48,648.0662494,700.9892559,29.72491031,-22.99030534,711.6581569,-70.60594043,53.0270733
7/7/2025 11:49,648.8123515,701.889905,29.74054578,-23.06545768,712.4901876,-70.6320852,53.07015778
7/7/2025 11:50,649.5385323,702.7683704,29.7560126,-23.14004605,713.2994692,-70.6582527,53.11241626
7/7/2025 11:51,650.2448061,703.6246741,29.77131334,-23.21407594,714.0860235,-70.68443897,53.15385199
7/7/2025 11:52,650.9311877,704.4588391,29.78645057,-23.28755286,714.8498727,-70.71064008,53.19446824
7/7/2025 11:53,651.5976916,705.2708885,29.80142687,-23.36048236,715.5910393,-70.73685212,53.23426835
7/7/2025 11:54,652.2443331,706.0608459,29.81624483,-23.43287006,716.3095465,-70.7630712,53.27325566
7/7/2025 11:55,652.8711271,706.8287352,29.83090704,-23.5047216,717.0054179,-70.78929344,53.31143358
7/7/2025 11:56,653.4780891,707.5745807,29.84541608,-23.57604267,717.6786774,-70.81551501,53.34880551
7/7/2025 11:57,654.0652345,708.298407,29.85977455,-23.646839,718.3293494,-70.84173209,53.38537493
7/7/2025 11:58,654.6325789,709.0002388,29.87398505,-23.71711635,718.9574586,-70.86794089,53.42114532
7/7/2025 11:59,655.1801379,709.6801014,29.88805015,-23.7868805,719.5630301,-70.89413764,53.4561202
7/7/2025 12:00,654.8133089,709.0454385,29.90131477,-23.84361696,718.9858127,-70.94236718,53.4514044
7/7/2025 12:01,655.3213445,709.6814388,29.91509688,-23.91237223,719.5463851,-70.96852867,53.48479892
7/7/2025 12:02,655.8096422,710.2955465,29.92874137,-23.98063187,720.0844968,-70.99466702,53.51740865
7/7/2025 12:03,656.2782178,710.8877876,29.94225084,-24.04840178,720.600174,-71.02077859,53.5492372
7/7/2025 12:04,656.7270873,711.458188,29.95562785,-24.11568789,721.0934432,-71.04685975,53.58028821
7/7/2025 12:05,657.1562666,712.0067741,29.96887498,-24.18249614,721.5643309,-71.07290696,53.61056534
7/7/2025 12:06,657.5657715,712.533572,29.98199481,-24.2488325,722.0128641,-71.09891667,53.64007226
7/7/2025 12:07,657.9556179,713.0386082,29.99498988,-24.31470294,722.4390697,-71.12488537,53.66881267
7/7/2025 12:08,658.3258216,713.5219091,30.00786277,-24.38011347,722.8429751,-71.15080963,53.69679028
7/7/2025 12:09,658.6763983,713.9835012,30.020616,-24.44507008,723.2246074,-71.176686,53.7240088
7/7/2025 12:10,659.0073637,714.423411,30.03325212,-24.50957879,723.5839942,-71.20251111,53.75047196
7/7/2025 12:11,659.3187334,714.8416649,30.04577366,-24.57364562,723.921163,-71.22828161,53.77618351
7/7/2025 12:12,659.6105228,715.2382895,30.05818311,-24.63727659,724.2361414,-71.25399421,53.80114719
7/7/2025 12:13,659.8827474,715.6133112,30.070483,-24.70047774,724.5289572,-71.27964565,53.82536676
7/7/2025 12:14,660.1354224,715.9667563,30.0826758,-24.76325509,724.7996379,-71.30523271,53.84884598
7/7/2025 12:15,660.3685628,716.2986513,30.09476399,-24.82561468,725.0482115,-71.33075223,53.87158862
7/7/2025 12:16,660.5821837,716.6090222,30.10675003,-24.88756251,725.2747058,-71.35620107,53.89359844
7/7/2025 12:17,660.7762997,716.8978953,30.11863637,-24.94910463,725.4791484,-71.38157617,53.91487921
7/7/2025 12:18,660.9509257,717.1652965,30.13042544,-25.01024702,725.6615673,-71.40687448,53.93543469
7/7/2025 12:19,661.1060759,717.4112517,30.14211964,-25.07099569,725.8219901,-71.43209303,53.95526866
7/7/2025 12:20,661.2417647,717.6357866,30.15372138,-25.13135664,725.9604446,-71.45722888,53.97438487
7/7/2025 12:21,661.3580061,717.8389267,30.16523303,-25.19133583,726.0769584,-71.48227915,53.99278708
7/7/2025 12:22,661.4548141,718.0206974,30.17665695,-25.25093922,726.1715591,-71.507241,54.01047904
7/7/2025 12:23,661.5322021,718.1811238,30.18799547,-25.31017275,726.2442743,-71.53211165,54.02746449
7/7/2025 12:24,661.5901838,718.3202309,30.19925092,-25.36904234,726.2951312,-71.55688837,54.04374716
7/7/2025 12:25,661.6287722,718.4380434,30.21042558,-25.42755389,726.3241574,-71.58156849,54.05933077
7/7/2025 12:26,661.6479803,718.5345858,30.22152173,-25.48571326,726.3313798,-71.60614937,54.07421903
7/7/2025 12:27,661.647821,718.6098823,30.23254162,-25.54352631,726.3168257,-71.63062844,54.08841565
7/7/2025 12:28,661.6283066,718.6639569,30.24348748,-25.60099885,726.2805219,-71.6550032,54.1019243
7/7/2025 12:29,661.5894493,718.6968334,30.2543615,-25.65813666,726.2224953,-71.67927119,54.11474864
7/7/2025 12:30,661.5312613,718.7085352,30.26516587,-25.71494551,726.1427724,-71.70342999,54.12689233
7/7/2025 12:31,661.4537541,718.6990853,30.27590274,-25.77143111,726.0413797,-71.72747728,54.138359
7/7/2025 12:32,661.3569392,718.6685068,30.28657422,-25.82759914,725.9183436,-71.75141076,54.14915225
7/7/2025 12:33,661.2408279,718.6168222,30.29718243,-25.88345526,725.7736901,-71.7752282,54.15927568
7/7/2025 12:34,661.1054311,718.5440536,30.30772942,-25.93900506,725.6074451,-71.79892744,54.16873285
7/7/2025 12:35,660.9507594,718.450223,30.31821724,-25.99425412,725.4196344,-71.82250636,54.17752731
7/7/2025 12:36,660.7768232,718.3353521,30.3286479,-26.04920795,725.2102835,-71.84596292,54.18566258
7/7/2025 12:37,660.5836326,718.199462,30.33902339,-26.10387203,724.9794178,-71.86929513,54.19314215
7/7/2025 12:38,660.3711974,718.0425736,30.34934565,-26.15825178,724.7270624,-71.89250107,54.19996949
7/7/2025 12:39,660.1395273,717.8647077,30.35961661,-26.21235259,724.4532421,-71.91557887,54.20614804
7/7/2025 12:40,659.8886315,717.6658844,30.36983816,-26.26617977,724.1579817,-71.93852673,54.2116812
7/7/2025 12:41,659.6185191,717.4461235,30.38001215,-26.31973862,723.8413056,-71.96134291,54.21657237
7/7/2025 12:42,659.3291987,717.2054446,30.39014041,-26.37303434,723.5032381,-71.98402574,54.22082488
7/7/2025 12:43,659.0206788,716.9438669,30.40022473,-26.42607211,723.1438031,-72.00657361,54.22444207
7/7/2025 12:44,658.6929678,716.6614092,30.41026686,-26.47885703,722.7630245,-72.02898497,54.2274272
7/7/2025 12:45,658.3460735,716.3580899,30.42026854,-26.53139414,722.3609258,-72.05125835,54.22978354
7/7/2025 12:46,657.9800036,716.0339271,30.43023145,-26.58368844,721.9375303,-72.07339232,54.2315143
7/7/2025 12:47,657.5947655,715.6889385,30.44015724,-26.63574485,721.4928611,-72.09538555,54.23262266
7/7/2025 12:48,657.1903665,715.3231414,30.45004753,-26.68756823,721.0269411,-72.11723674,54.23311176
7/7/2025 12:49,656.7668135,714.9365529,30.45990389,-26.73916337,720.5397929,-72.13894468,54.23298471
7/7/2025 12:50,656.3241131,714.5291895,30.46972788,-26.79053501,720.0314389,-72.16050823,54.23224458
7/7/2025 12:51,655.8622718,714.1010676,30.47952099,-26.84168779,719.5019012,-72.1819263,54.2308944
7/7/2025 12:52,655.3812959,713.6522029,30.4892847,-26.89262631,718.9512018,-72.20319787,54.22893715
7/7/2025 12:53,654.8811913,713.1826112,30.49902044,-26.94335509,718.3793625,-72.224322,54.22637578
7/7/2025 12:54,654.3619638,712.6923075,30.50872959,-26.99387857,717.7864046,-72.24529781,54.2232132
7/7/2025 12:55,653.823619,712.1813068,30.5184135,-27.04420111,717.1723496,-72.26612449,54.21945228
7/7/2025 12:56,653.2661623,711.6496234,30.5280735,-27.09432702,716.5372184,-72.2868013,54.21509583
7/7/2025 12:57,652.6895988,711.0972716,30.53771084,-27.1442605,715.881032,-72.30732757,54.21014664
7/7/2025 12:58,652.0939336,710.5242652,30.54732677,-27.1940057,715.203811,-72.32770268,54.20460743
7/7/2025 12:59,651.4791714,709.9306177,30.55692246,-27.24356667,714.5055759,-72.34792611,54.1984809
7/7/2025 13:00,649.9506985,708.0237607,30.56584139,-27.28042707,712.6260704,-72.39004595,54.15287097
7/7/2025 13:01,649.2977563,707.3888702,30.57540004,-27.32963145,711.8858678,-72.40996468,54.14557768
7/7/2025 13:02,648.6257307,706.7333772,30.58494178,-27.37866328,711.1247113,-72.42973053,54.13770486
7/7/2025 13:03,647.9346259,706.057294,30.59446764,-27.4275263,710.3426208,-72.44934325,54.12925501
7/7/2025 13:04,647.224446,705.3606324,30.60397861,-27.47622415,709.5396159,-72.46880265,54.12023059
7/7/2025 13:05,646.495195,704.6434043,30.61347561,-27.52476038,708.715716,-72.4881086,54.11063402
7/7/2025 13:06,645.7468768,703.905621,30.62295955,-27.57313846,707.8709405,-72.50726106,54.10046764
7/7/2025 13:07,644.9794953,703.1472937,30.63243128,-27.62136178,707.0053085,-72.52626005,54.08973378
7/7/2025 13:08,644.1930542,702.3684333,30.64189161,-27.66943361,706.1188391,-72.54510566,54.07843469
7/7/2025 13:09,643.3875572,701.5690504,30.65134129,-27.71735715,705.2115513,-72.56379804,54.0665726
7/7/2025 13:10,642.5630079,700.7491556,30.66078106,-27.76513552,704.2834638,-72.58233742,54.05414966
7/7/2025 13:11,641.7194099,699.9087589,30.6702116,-27.81277173,703.3345956,-72.60072411,54.04116798
7/7/2025 13:12,640.856767,699.0478706,30.67963352,-27.8602687,702.3649653,-72.61895846,54.02762965
7/7/2025 13:13,639.9750825,698.1665003,30.68904743,-27.90762924,701.3745915,-72.63704091,54.01353665
7/7/2025 13:14,639.0743603,697.2646579,30.69845386,-27.95485611,700.3634929,-72.65497196,53.99889097
7/7/2025 13:15,638.154604,696.3423527,30.70785332,-28.00195192,699.3316879,-72.6727522,53.9836945
7/7/2025 13:16,637.2158173,695.3995941,30.71724625,-28.04891922,698.2791952,-72.69038225,53.96794912
7/7/2025 13:17,636.2580039,694.4363914,30.72663307,-28.09576045,697.2060333,-72.70786283,53.95165663
7/7/2025 13:18,635.2811677,693.4527538,30.73601414,-28.14247795,696.1122206,-72.72519471,53.93481879
7/7/2025 13:19,634.2853128,692.4486901,30.74538978,-28.18907398,694.9977758,-72.74237874,53.9174373
7/7/2025 13:20,633.2704431,691.4242095,30.75476026,-28.23555067,693.8627174,-72.75941584,53.89951383
7/7/2025 13:21,632.2365629,690.3793207,30.7641258,-28.28191007,692.7070642,-72.77630698,53.88104997
7/7/2025 13:22,631.1836766,689.3140325,30.7734866,-28.32815412,691.5308348,-72.7930532,53.86204729
7/7/2025 13:23,630.1117887,688.2283538,30.78284278,-28.37428468,690.3340481,-72.80965563,53.84250728
7/7/2025 13:24,629.020904,687.1222934,30.79219444,-28.42030349,689.116723,-72.82611544,53.82243139
7/7/2025 13:25,627.9110274,685.9958601,30.80154162,-28.46621219,687.8788785,-72.84243387,53.80182103
7/7/2025 13:26,626.7821641,684.8490627,30.81088432,-28.51201231,686.6205338,-72.85861224,53.78067754
7/7/2025 13:27,625.6343196,683.68191,30.8202225,-28.55770531,685.3417082,-72.87465191,53.75900222
7/7/2025 13:28,624.4674995,682.4944111,30.82955607,-28.60329251,684.0424213,-72.89055434,53.73679632
7/7/2025 13:29,623.28171,681.2865749,30.83888488,-28.64877514,682.7226928,-72.90632103,53.71406103
7/7/2025 13:30,622.0769572,680.0584106,30.84820876,-28.69415435,681.3825426,-72.92195353,53.6907975
7/7/2025 13:31,620.8532479,678.8099274,30.85752747,-28.73943114,680.0219909,-72.93745349,53.66700683
7/7/2025 13:32,619.610589,677.5411348,30.86684076,-28.78460646,678.641058,-72.95282259,53.64269006
7/7/2025 13:33,618.348988,676.2520423,30.87614829,-28.82968111,677.2397648,-72.96806259,53.6178482
7/7/2025 13:34,617.0684526,674.9426598,30.88544972,-28.87465581,675.818132,-72.98317531,53.59248219
7/7/2025 13:35,615.768991,673.6129972,30.89474462,-28.91953117,674.3761812,-72.99816263,53.56659292
7/7/2025 13:36,614.4506119,672.2630647,30.90403255,-28.96430771,672.9139338,-73.01302648,53.54018126
7/7/2025 13:37,613.1133243,670.8928728,30.91331301,-29.00898581,671.431412,-73.02776886,53.51324801
7/7/2025 13:38,611.757138,669.5024324,30.92258547,-29.05356579,669.928638,-73.04239183,53.48579391
7/7/2025 13:39,610.3820628,668.0917545,30.93184933,-29.09804785,668.4056346,-73.05689751,53.45781969
7/7/2025 13:40,608.9881096,666.6608505,30.94110398,-29.14243206,666.862425,-73.07128806,53.429326
7/7/2025 13:41,607.5752896,665.2097323,30.95034873,-29.18671843,665.299033,-73.08556572,53.40031346
7/7/2025 13:42,606.1436143,663.7384119,30.95958287,-29.23090684,663.7154825,-73.09973278,53.37078264
7/7/2025 13:43,604.6930963,662.2469019,30.96880565,-29.27499706,662.1117982,-73.11379158,53.34073407
7/7/2025 13:44,603.2237486,660.7352154,30.97801625,-29.31898879,660.4880052,-73.12774452,53.31016822
7/7/2025 13:45,601.7355847,659.2033657,30.98721385,-29.36288159,658.8441291,-73.14159404,53.27908555
7/7/2025 13:46,600.228619,657.6513668,30.99639755,-29.40667495,657.1801961,-73.15534267,53.24748644
7/7/2025 13:47,598.7028665,656.0792332,31.00556642,-29.45036823,655.4962331,-73.16899295,53.21537125
7/7/2025 13:48,597.1583429,654.4869797,31.0147195,-29.49396071,653.7922673,-73.1825475,53.18274028
7/7/2025 13:49,595.5950647,652.874622,31.02385577,-29.53745156,652.068327,-73.19600898,53.14959381
7/7/2025 13:50,594.0130492,651.242176,31.03297418,-29.58083984,650.3244406,-73.2093801,53.11593206
7/7/2025 13:51,592.4123142,649.5896586,31.04207363,-29.62412454,648.5606376,-73.22266363,53.08175524
7/7/2025 13:52,590.7928788,647.9170871,31.051153,-29.6673045,646.7769479,-73.23586237,53.04706348
7/7/2025 13:53,589.1547626,646.2244795,31.0602111,-29.71037852,644.9734025,-73.2489792,53.0118569
7/7/2025 13:54,587.4979861,644.5118545,31.06924674,-29.75334525,643.1500328,-73.262017,52.97613557
7/7/2025 13:55,585.8225707,642.7792314,31.07825865,-29.79620327,641.3068711,-73.27497875,52.93989954
7/7/2025 13:56,584.1285389,641.0266306,31.08724554,-29.83895107,639.4439505,-73.28786742,52.90314881
7/7/2025 13:57,582.4159138,639.2540728,31.09620609,-29.88158701,637.561305,-73.30068608,52.86588335
7/7/2025 13:58,580.6847197,637.4615799,31.10513893,-29.92410939,635.6589693,-73.31343779,52.82810309
7/7/2025 13:59,578.9349818,635.6491743,31.11404265,-29.9665164,633.736979,-73.3261257,52.78980793
7/7/2025 14:00,576.2721079,632.5242979,31.12225811,-29.99628579,630.6350942,-73.36080153,52.71209903
7/7/2025 14:01,574.4853622,630.6721381,31.13109924,-30.03845623,628.6739054,-73.37337137,52.67277367
7/7/2025 14:02,572.6801545,628.8001385,31.13990682,-30.0805053,626.6931744,-73.38588703,52.63293292
7/7/2025 14:03,570.8565142,626.9083253,31.14867931,-30.12243082,624.6929406,-73.3983518,52.59257658
7/7/2025 14:04,569.0144718,624.9967254,31.15741511,-30.1642305,622.6732445,-73.41076901,52.55170439
7/7/2025 14:05,567.154059,623.0653671,31.16611262,-30.20590199,620.6341273,-73.42314202,52.51031608
7/7/2025 14:06,565.2753084,621.1142792,31.17477017,-30.24744283,618.5756316,-73.43547423,52.46841134
7/7/2025 14:07,563.3782541,619.143492,31.18338609,-30.28885049,616.4978008,-73.44776906,52.42598985
7/7/2025 14:08,561.4629312,617.1530367,31.19195865,-30.33012232,614.4006796,-73.46003,52.38305126
7/7/2025 14:09,559.5293761,615.1429454,31.2004861,-30.37125562,612.2843136,-73.47226053,52.33959519
7/7/2025 14:10,557.5776263,613.1132517,31.20896666,-30.41224759,610.1487497,-73.4844642,52.29562124
7/7/2025 14:11,555.6077207,611.06399,31.21739853,-30.45309534,607.994036,-73.49664455,52.25112901
7/7/2025 14:12,553.6196996,608.9951961,31.22577985,-30.49379591,605.8202216,-73.50880518,52.20611805
7/7/2025 14:13,551.6136044,606.9069069,31.23410875,-30.53434625,603.627357,-73.52094971,52.1605879
7/7/2025 14:14,549.5894779,604.7991605,31.24238332,-30.57474323,601.4154938,-73.53308178,52.1145381
7/7/2025 14:15,547.5473643,602.6719965,31.25060164,-30.61498365,599.1846851,-73.54520507,52.06796816
7/7/2025 14:16,545.4873091,600.5254554,31.25876175,-30.65506421,596.934985,-73.55732328,52.02087757
7/7/2025 14:17,543.4093593,598.3595794,31.26686166,-30.69498156,594.666449,-73.56944011,51.97326581
7/7/2025 14:18,541.3135633,596.1744117,31.27489935,-30.73473225,592.379134,-73.58155932,51.92513235
7/7/2025 14:19,539.1999709,593.969997,31.28287279,-30.77431278,590.0730983,-73.59368467,51.87647665
7/7/2025 14:20,537.0686334,591.7463816,31.2907799,-30.81371955,587.7484014,-73.60581994,51.82729816
7/7/2025 14:21,534.9196036,589.5036128,31.29861861,-30.85294893,585.4051043,-73.61796894,51.77759632
7/7/2025 14:22,532.7529357,587.2417395,31.30638679,-30.89199717,583.0432695,-73.63013549,51.72737055
7/7/2025 14:23,530.5686856,584.9608124,31.3140823,-30.93086048,580.6629608,-73.64232343,51.67662028
7/7/2025 14:24,528.3669106,582.6608832,31.321703,-30.969535,578.2642436,-73.65453662,51.62534493
7/7/2025 14:25,526.1476698,580.3420053,31.32924669,-31.0080168,575.8471847,-73.66677892,51.57354391
7/7/2025 14:26,523.9110235,578.0042338,31.33671116,-31.0463019,573.4118525,-73.67905421,51.52121663
7/7/2025 14:27,521.6570339,575.6476251,31.34409421,-31.08438622,570.9583168,-73.6913664,51.46836249
7/7/2025 14:28,519.3857649,573.2722373,31.35139358,-31.12226567,568.4866491,-73.70371938,51.41498092
7/7/2025 14:29,517.0972818,570.8781303,31.358607,-31.15993605,565.9969224,-73.71611707,51.36107132
7/7/2025 14:30,514.7916516,568.4653653,31.3657322,-31.19739314,563.4892113,-73.72856341,51.30663309
7/7/2025 14:31,512.4689432,566.0340053,31.37276688,-31.23463264,560.963592,-73.74106231,51.25166567
7/7/2025 14:32,510.129227,563.5841151,31.37970872,-31.27165021,558.4201424,-73.75361772,51.19616846
7/7/2025 14:33,507.7725751,561.115761,31.38655539,-31.30844144,555.8589421,-73.76623358,51.14014089
7/7/2025 14:34,505.3990615,558.6290113,31.39330454,-31.34500189,553.2800721,-73.77891384,51.08358239
7/7/2025 14:35,503.0087618,556.1239357,31.3999538,-31.38132705,550.6836155,-73.79166246,51.02649241
7/7/2025 14:36,500.6017535,553.6006059,31.40650081,-31.41741237,548.0696568,-73.80448337,50.9688704
7/7/2025 14:37,498.1781158,551.0590954,31.41294316,-31.45325325,545.4382824,-73.81738053,50.91071582
7/7/2025 14:38,495.7379296,548.4994793,31.41927846,-31.48884505,542.7895802,-73.83035791,50.85202815
7/7/2025 14:39,493.2812778,545.9218349,31.4255043,-31.52418308,540.1236403,-73.84341943,50.79280688
7/7/2025 14:40,490.8082451,543.326241,31.43161825,-31.55926261,537.4405542,-73.85656906,50.73305151
7/7/2025 14:41,488.318918,540.7127784,31.43761787,-31.59407887,534.7404154,-73.86981072,50.67276156
7/7/2025 14:42,485.8133848,538.0815299,31.44350072,-31.62862706,532.0233191,-73.88314836,50.61193657
7/7/2025 14:43,483.2917357,535.43258,31.44926435,-31.66290232,529.2893624,-73.89658591,50.5505761
7/7/2025 14:44,480.7540629,532.7660153,31.45490629,-31.69689979,526.5386443,-73.91012729,50.48867973
7/7/2025 14:45,478.2004603,530.0819243,31.46042409,-31.73061454,523.7712655,-73.92377641,50.42624706
7/7/2025 14:46,475.6310239,527.3803974,31.46581526,-31.76404164,520.9873287,-73.93753717,50.36327772
7/7/2025 14:47,473.0458515,524.6615271,31.47107733,-31.79717611,518.1869386,-73.95141346,50.29977134
7/7/2025 14:48,470.4450428,521.9254077,31.47620782,-31.83001294,515.3702015,-73.96540916,50.2357276
7/7/2025 14:49,467.8286996,519.1721358,31.48120423,-31.86254712,512.5372258,-73.97952813,50.17114621
7/7/2025 14:50,465.1969255,516.4018099,31.48606408,-31.89477359,509.688122,-73.99377421,50.10602689
7/7/2025 14:51,462.5498262,513.6145304,31.49078488,-31.92668727,506.8230022,-74.00815126,50.0403694
7/7/2025 14:52,459.8875092,510.8103999,31.49536413,-31.95828308,503.9419806,-74.02266306,49.97417353
7/7/2025 14:53,457.2100841,507.9895231,31.49979933,-31.9895559,501.0451736,-74.03731343,49.90743909
7/7/2025 14:54,454.5176623,505.1520067,31.50408801,-32.02050059,498.1326991,-74.05210614,49.84016595
7/7/2025 14:55,451.8103576,502.2979596,31.50822766,-32.05111202,495.2046775,-74.06704494,49.77235399
7/7/2025 14:56,449.0882854,499.4274927,31.51221579,-32.08138503,492.2612307,-74.08213357,49.70400314
7/7/2025 14:57,446.3515632,496.540719,31.51604991,-32.11131445,489.3024831,-74.09737573,49.63511334
7/7/2025 14:58,443.6003107,493.637754,31.51972755,-32.1408951,486.3285607,-74.11277512,49.56568462
7/7/2025 14:59,440.8346494,490.7187148,31.52324621,-32.17012179,483.3395917,-74.12833539,49.495717
7/7/2025 15:00,437.1600844,486.4911394,31.52594574,-32.186469,479.1754299,-74.16610873,49.38631185
7/7/2025 15:01,434.3659784,483.5403128,31.52913905,-32.21497221,476.1567605,-74.18200164,49.31526672
7/7/2025 15:02,431.5578405,480.5737771,31.53216598,-32.24310587,473.1234414,-74.19806625,49.24368307
7/7/2025 15:03,428.7358003,477.5916584,31.53502409,-32.2708648,470.0756088,-74.21430611,49.17156109
7/7/2025 15:04,425.8999898,474.594085,31.53771091,-32.2982438,467.0134012,-74.23072473,49.09890105
7/7/2025 15:05,423.0505425,471.5811872,31.54022403,-32.32523767,463.936959,-74.24732561,49.02570325
7/7/2025 15:06,420.1875944,468.5530979,31.542561,-32.35184124,460.8464248,-74.26411218,48.95196803
7/7/2025 15:07,417.3112833,465.5099518,31.54471941,-32.37804933,457.7419431,-74.28108787,48.8776958
7/7/2025 15:08,414.4217491,462.4518859,31.54669686,-32.40385676,454.6236607,-74.29825607,48.802887
7/7/2025 15:09,411.5191337,459.3790397,31.54849096,-32.42925838,451.4917262,-74.31562011,48.72754213
7/7/2025 15:10,408.6035811,456.2915547,31.55009931,-32.45424904,448.3462905,-74.3331833,48.65166175
7/7/2025 15:11,405.6752374,453.1895745,31.55151957,-32.47882362,445.1875064,-74.35094893,48.57524645
7/7/2025 15:12,402.7342505,450.0732452,31.55274937,-32.502977,442.0155289,-74.36892021,48.4982969
7/7/2025 15:13,399.7807707,446.9427151,31.55378638,-32.5267041,438.830515,-74.38710035,48.42081381
7/7/2025 15:14,396.8149499,443.7981346,31.55462828,-32.54999983,435.6326238,-74.40549248,48.34279795
7/7/2025 15:15,393.8369423,440.6396564,31.55527276,-32.57285914,432.4220165,-74.42409972,48.26425016
7/7/2025 15:16,390.8469041,437.4674355,31.55571754,-32.59527702,429.1988564,-74.44292513,48.18517132
7/7/2025 15:17,387.8449935,434.2816291,31.55596036,-32.61724846,425.9633086,-74.46197174,48.10556238
7/7/2025 15:18,384.8313707,431.0823965,31.55599895,-32.63876849,422.7155407,-74.48124252,48.02542434
7/7/2025 15:19,381.8061979,427.8698995,31.55583111,-32.65983216,419.455722,-74.50074039,47.94475827
7/7/2025 15:20,378.7696392,424.6443019,31.55545461,-32.68043456,416.184024,-74.52046825,47.86356531
7/7/2025 15:21,375.7218608,421.4057699,31.55486726,-32.70057083,412.9006203,-74.54042892,47.78184665
7/7/2025 15:22,372.663031,418.1544718,31.55406692,-32.72023611,409.6056864,-74.5606252,47.69960355
7/7/2025 15:23,369.5933198,414.8905783,31.55305142,-32.73942559,406.2994,-74.58105982,47.61683733
7/7/2025 15:24,366.5128994,411.614262,31.55181866,-32.75813452,402.9819406,-74.60173546,47.53354938
7/7/2025 15:25,363.4219437,408.325698,31.55036654,-32.77635817,399.6534901,-74.62265477,47.44974116
7/7/2025 15:26,360.3206289,405.0250634,31.54869299,-32.79409184,396.3142319,-74.64382032,47.3654142
7/7/2025 15:27,357.2091328,401.7125378,31.54679597,-32.81133091,392.964352,-74.66523465,47.28057008
7/7/2025 15:28,354.0876353,398.3883027,31.54467345,-32.82807077,389.6040378,-74.68690023,47.19521047
7/7/2025 15:29,350.956318,395.0525419,31.54232345,-32.84430688,386.2334791,-74.70881949,47.10933711
7/7/2025 15:30,347.8153648,391.7054413,31.539744,-32.86003474,382.8528675,-74.7309948,47.02295179
7/7/2025 15:31,344.664961,388.347189,31.53693316,-32.8752499,379.4623965,-74.75342846,46.93605638
7/7/2025 15:32,341.505294,384.9779753,31.53388904,-32.88994797,376.0622619,-74.77612273,46.84865284
7/7/2025 15:33,338.3365532,381.5979925,31.53060975,-32.9041246,372.6526609,-74.79907981,46.76074318
7/7/2025 15:34,335.1589295,378.2074353,31.52709344,-32.9177755,369.2337931,-74.82230184,46.6723295
7/7/2025 15:35,331.9726159,374.8065002,31.5233383,-32.93089646,365.8058596,-74.8457909,46.58341396
7/7/2025 15:36,328.7778069,371.3953859,31.51934254,-32.9434833,362.3690638,-74.86954901,46.49399881
7/7/2025 15:37,325.5746992,367.9742934,31.51510442,-32.9555319,358.9236106,-74.89357814,46.40408635
7/7/2025 15:38,322.3634909,364.5434255,31.5106222,-32.96703822,355.4697071,-74.91788018,46.31367899
7/7/2025 15:39,319.1443819,361.1029871,31.5058942,-32.97799828,352.0075619,-74.94245697,46.22277919
7/7/2025 15:40,315.9175741,357.6531853,31.50091877,-32.98840816,348.5373857,-74.96731029,46.13138949
7/7/2025 15:41,312.6832707,354.194229,31.49569429,-32.998264,345.0593908,-74.99244186,46.03951252
7/7/2025 15:42,309.4416769,350.7263293,31.49021916,-33.00756201,341.5737915,-75.01785334,45.94715099
7/7/2025 15:43,306.1929994,347.2496992,31.48449185,-33.01629849,338.0808037,-75.0435463,45.85430766
7/7/2025 15:44,302.9374466,343.7645536,31.47851084,-33.02446979,334.580645,-75.06952227,45.76098539
7/7/2025 15:45,299.6752285,340.2711094,31.47227465,-33.03207233,331.0735349,-75.09578271,45.66718713
7/7/2025 15:46,296.4065568,336.7695856,31.46578184,-33.03910261,327.5596946,-75.12232903,45.57291589
7/7/2025 15:47,293.1316446,333.2602028,31.45903101,-33.04555722,324.0393468,-75.14916254,45.47817476
7/7/2025 15:48,289.8507066,329.7431837,31.45202079,-33.05143279,320.512716,-75.17628452,45.38296692
7/7/2025 15:49,286.5639591,326.2187527,31.44474985,-33.05672607,316.9800282,-75.20369615,45.28729562
7/7/2025 15:50,283.2716198,322.6871362,31.43721692,-33.06143386,313.4415112,-75.23139857,45.1911642
7/7/2025 15:51,279.973908,319.1485623,31.42942073,-33.06555306,309.8973943,-75.25939285,45.09457608
7/7/2025 15:52,276.6710442,315.603261,31.42136008,-33.06908062,306.3479083,-75.28767997,44.99753475
7/7/2025 15:53,273.3632507,312.0514639,31.41303381,-33.0720136,302.7932856,-75.31626087,44.9000438
7/7/2025 15:54,270.0507508,308.4934045,31.40444078,-33.07434915,299.23376,-75.3451364,44.80210688
7/7/2025 15:55,266.7337694,304.9293178,31.3955799,-33.07608448,295.669567,-75.37430736,44.70372774
7/7/2025 15:56,263.4125327,301.3594408,31.38645014,-33.07721691,292.1009433,-75.40377447,44.6049102
7/7/2025 15:57,260.0872681,297.7840119,31.37705049,-33.07774382,288.5281272,-75.43353837,44.50565816
7/7/2025 15:58,256.7582043,294.2032711,31.36737999,-33.0776627,284.9513583,-75.46359966,44.40597561
7/7/2025 15:59,253.4255715,290.6174603,31.35743772,-33.07697113,281.3708777,-75.49395884,44.30586662
7/7/2025 16:00,249.1949822,285.734241,31.3465651,-33.06314644,276.626651,-75.54666492,44.16643662
7/7/2025 16:01,245.8559059,282.1390212,31.33607671,-33.06122705,273.039475,-75.57762116,44.06548728
7/7/2025 16:02,242.5139575,278.5394657,31.32531405,-33.05869047,269.4493181,-75.60887641,43.96412418
7/7/2025 16:03,239.1693718,274.9358222,31.31427638,-33.05553465,265.8564264,-75.64043091,43.86235173
7/7/2025 16:04,235.8223844,271.3283399,31.302963,-33.05175763,262.2610472,-75.67228482,43.76017441
7/7/2025 16:05,232.4732322,267.7172695,31.29137325,-33.04735753,258.663429,-75.70443824,43.65759675
7/7/2025 16:06,229.1221529,264.102863,31.27950653,-33.04233259,255.0638216,-75.73689117,43.55462341
7/7/2025 16:07,225.7693854,260.4853737,31.26736227,-33.03668114,251.4624757,-75.76964358,43.4512591
7/7/2025 16:08,222.4151694,256.8650562,31.25493994,-33.03040159,247.859643,-75.80269534,43.34750862
7/7/2025 16:09,219.0597455,253.2421665,31.24223908,-33.02349247,244.2555765,-75.83604625,43.24337685
7/7/2025 16:10,215.7033553,249.6169618,31.22925926,-33.0159524,240.6505301,-75.86969607,43.13886874
7/7/2025 16:11,212.346241,245.9897003,31.21600009,-33.0077801,237.0447585,-75.90364444,43.03398933
7/7/2025 16:12,208.988646,242.3606415,31.20246124,-32.9989744,233.4385175,-75.93789096,42.92874375
7/7/2025 16:13,205.6308141,238.7300462,31.18864241,-32.98953423,229.8320638,-75.97243517,42.82313718
7/7/2025 16:14,202.27299,235.098176,31.17454338,-32.9794586,226.2256548,-76.0072765,42.7171749
7/7/2025 16:15,198.915419,231.4652937,31.16016393,-32.96874665,222.6195489,-76.04241435,42.61086226
7/7/2025 16:16,195.5583472,227.831663,31.14550392,-32.95739762,219.0140051,-76.07784802,42.5042047
7/7/2025 16:17,192.2020212,224.1975487,31.13056325,-32.94541084,215.4092833,-76.11357676,42.39720772
7/7/2025 16:18,188.8466882,220.5632165,31.11534187,-32.93278576,211.805644,-76.14959973,42.28987689
7/7/2025 16:19,185.492596,216.9289329,31.09983977,-32.91952191,208.2033483,-76.18591604,42.18221789
7/7/2025 16:20,182.1399927,213.2949653,31.08405698,-32.90561896,204.602658,-76.22252471,42.07423645
7/7/2025 16:21,178.7891271,209.6615818,31.0679936,-32.89107667,201.0038355,-76.25942471,41.96593838
7/7/2025 16:22,175.4402484,206.0290515,31.05164976,-32.87589489,197.4071437,-76.29661492,41.85732955
7/7/2025 16:23,172.0936059,202.3976441,31.03502565,-32.86007361,193.812846,-76.33409417,41.74841593
7/7/2025 16:24,168.7494496,198.7676299,31.01812149,-32.8436129,190.2212061,-76.3718612,41.63920356
7/7/2025 16:25,165.4080295,195.1392798,31.00093758,-32.82651294,186.6324883,-76.4099147,41.52969852
7/7/2025 16:26,162.069596,191.5128655,30.98347422,-32.80877403,183.0469573,-76.44825328,41.419907
7/7/2025 16:27,158.7343997,187.8886591,30.9657318,-32.79039658,179.4648779,-76.4868755,41.30983523
7/7/2025 16:28,155.4026914,184.2669332,30.94771074,-32.77138109,175.8865154,-76.52577981,41.19948955
7/7/2025 16:29,152.0747219,180.6479608,30.92941151,-32.75172818,172.3121351,-76.56496465,41.08887632
7/7/2025 16:30,148.7507422,177.0320155,30.91083463,-32.73143857,168.7420028,-76.60442834,40.978002
7/7/2025 16:31,145.4310033,173.4193712,30.89198066,-32.71051311,165.1763842,-76.64416916,40.86687311
7/7/2025 16:32,142.1157562,169.8103019,30.87285022,-32.68895273,161.615545,-76.68418533,40.75549624
7/7/2025 16:33,138.8052518,166.2050822,30.85344397,-32.66675848,158.0597514,-76.72447498,40.64387803
7/7/2025 16:34,135.4997411,162.6039866,30.83376261,-32.64393154,154.5092692,-76.7650362,40.53202521
7/7/2025 16:35,132.1994746,159.0072901,30.81380691,-32.62047315,150.9643642,-76.805867,40.41994456
7/7/2025 16:36,128.9047031,155.4152675,30.79357767,-32.59638472,147.4253024,-76.84696531,40.30764291
7/7/2025 16:37,125.6156767,151.828194,30.77307573,-32.57166771,143.8923495,-76.88832904,40.19512717
7/7/2025 16:38,122.3326456,148.2463447,30.752302,-32.54632372,140.3657708,-76.92995599,40.08240431
7/7/2025 16:39,119.0558595,144.6699946,30.73125742,-32.52035446,136.8458318,-76.97184393,39.96948136
7/7/2025 16:40,115.7855679,141.0994186,30.70994297,-32.49376173,133.3327974,-77.01399055,39.85636539
7/7/2025 16:41,112.5220196,137.5348918,30.68835971,-32.46654746,129.8269324,-77.05639348,39.74306355
7/7/2025 16:42,109.2654632,133.9766889,30.66650871,-32.43871366,126.3285011,-77.09905029,39.62958303
7/7/2025 16:43,106.0161468,130.4250843,30.6443911,-32.41026248,122.8377675,-77.14195849,39.51593109
7/7/2025 16:44,102.7743179,126.8803524,30.62200806,-32.38119615,119.3549951,-77.18511554,39.40211504
7/7/2025 16:45,99.54022346,123.3427671,30.5993608,-32.35151701,115.8804467,-77.22851882,39.28814223
7/7/2025 16:46,96.31410977,119.812602,30.57645061,-32.32122753,112.414385,-77.27216567,39.17402008
7/7/2025 16:47,93.09622245,116.2901303,30.55327879,-32.29033025,108.9570717,-77.31605336,39.05975605
7/7/2025 16:48,89.88680641,112.7756247,30.52984669,-32.25882784,105.508768,-77.3601791,38.94535764
7/7/2025 16:49,86.68610584,109.2693575,30.50615573,-32.22672308,102.0697344,-77.40454005,38.83083243
7/7/2025 16:50,83.49436406,105.7716003,30.48220734,-32.19401882,98.64023063,-77.44913333,38.71618801
7/7/2025 16:51,80.31182358,102.2826242,30.45800302,-32.16071806,95.22051568,-77.49395596,38.60143204
7/7/2025 16:52,77.13872599,98.80269952,30.43354431,-32.12682387,91.81084766,-77.53900496,38.48657221
7/7/2025 16:53,73.97531192,95.332096,30.40883277,-32.09233943,88.41148378,-77.58427726,38.37161626
7/7/2025 16:54,70.82182105,91.87108256,30.38387004,-32.05726802,85.02268037,-77.62976973,38.25657197
7/7/2025 16:55,67.67849199,88.41992729,30.35865777,-32.02161304,81.64469272,-77.67547923,38.14144716
7/7/2025 16:56,64.54556228,84.97889741,30.33319767,-31.98537798,78.27777511,-77.72140253,38.02624968
7/7/2025 16:57,61.42326833,81.54825929,30.30749149,-31.94856641,74.92218074,-77.76753636,37.91098743
7/7/2025 16:58,58.31184539,78.12827825,30.28154103,-31.91118202,71.57816168,-77.81387741,37.79566834
7/7/2025 16:59,55.21152748,74.71921867,30.2553481,-31.87322861,68.24596883,-77.8604223,37.68030038
7/7/2025 17:00,51.22792894,70.02876221,30.2282569,-31.82218972,63.76557534,-77.92921618,37.52599282
7/7/2025 17:01,48.15051805,66.6423342,30.20158471,-31.78310999,60.45778258,-77.97615848,37.41055113
7/7/2025 17:02,45.08490654,63.26761407,30.17467581,-31.74347318,57.16256118,-78.02329424,37.29508465
7/7/2025 17:03,42.03132309,59.90486159,30.14753217,-31.70328345,53.8801568,-78.07061991,37.17960146
7/7/2025 17:04,38.98999493,56.55433519,30.12015584,-31.66254506,50.6108137,-78.11813188,37.06410968
7/7/2025 17:05,35.96114791,53.21629212,30.09254888,-31.62126238,47.35477474,-78.16582653,36.94861745
7/7/2025 17:06,32.94500621,49.89098812,30.0647134,-31.57943986,44.11228118,-78.21370016,36.83313293
7/7/2025 17:07,29.94179257,46.57867763,30.03665155,-31.53708205,40.8835728,-78.26174904,36.7176643
7/7/2025 17:08,26.95172801,43.27961351,30.00836551,-31.49419357,37.66888771,-78.30996942,36.60221976
7/7/2025 17:09,23.97503192,39.99404713,29.9798575,-31.45077915,34.46846239,-78.35835747,36.48680755
7/7/2025 17:10,21.01192202,36.72222834,29.95112978,-31.4068436,31.28253163,-78.40690937,36.37143589
7/7/2025 17:11,18.06261425,33.4644053,29.92218463,-31.36239183,28.11132844,-78.45562121,36.25611305
7/7/2025 17:12,15.12732275,30.22082451,29.89302439,-31.31742881,24.95508405,-78.50448909,36.1408473
7/7/2025 17:13,12.20625986,26.99173078,29.86365142,-31.27195961,21.81402787,-78.55350904,36.02564691
7/7/2025 17:14,9.299636012,23.7773671,29.83406811,-31.2259894,18.68838739,-78.60267707,35.91052019
7/7/2025 17:15,6.407659751,20.57797469,29.80427689,-31.1795234,15.57838819,-78.65198917,35.79547542
7/7/2025 17:16,3.530537638,17.39379287,29.77428023,-31.13256695,12.48425385,-78.70144127,35.68052093
7/7/2025 17:17,0.668474232,14.22505902,29.74408062,-31.08512542,9.406205938,-78.75102928,35.56566502
7/7/2025 17:18,-2.17832792,11.07200861,29.71368058,-31.03720431,6.344463961,-78.80074908,35.45091602
7/7/2025 17:19,-5.009668394,7.934875028,29.68308268,-30.98880917,3.299245283,-78.85059652,35.33628225
7/7/2025 17:20,-7.825348848,4.813889669,29.6522895,-30.93994563,0.270765153,-78.90056743,35.22177202
7/7/2025 17:21,-10.62517313,1.709281774,29.62130367,-30.8906194,-2.740763412,-78.95065759,35.10739366
7/7/2025 17:22,-13.40894731,-1.378721603,29.59012783,-30.84083625,-5.73512967,-79.00086278,34.99315548
7/7/2025 17:23,-16.17647964,-4.449895515,29.55876465,-30.79060205,-8.712125077,-79.05117874,34.87906581
7/7/2025 17:24,-18.92758071,-7.504017367,29.52721685,-30.73992272,-11.67154352,-79.10160119,34.76513294
7/7/2025 17:25,-21.66206342,-10.54086682,29.49548715,-30.68880424,-14.61318121,-79.15212582,34.65136517
7/7/2025 17:26,-24.37974299,-13.56022586,29.46357832,-30.63725269,-17.53683677,-79.2027483,34.5377708
7/7/2025 17:27,-27.08043708,-16.56187889,29.43149314,-30.58527419,-20.44231132,-79.2534643,34.42435809
7/7/2025 17:28,-29.76396576,-19.54561273,29.39923442,-30.53287494,-23.32940842,-79.30426943,34.31113533
7/7/2025 17:29,-32.43015158,-22.51121668,29.36680501,-30.4800612,-26.19793424,-79.35515933,34.19811074
7/7/2025 17:30,-35.0788196,-25.45848257,29.33420775,-30.42683928,-29.04769749,-79.40612957,34.08529257
7/7/2025 17:31,-37.7097974,-28.38720479,29.30144554,-30.37321557,-31.87850949,-79.45717574,33.97268904
7/7/2025 17:32,-40.32291516,-31.29718034,29.26852129,-30.31919651,-34.69018427,-79.50829342,33.86030832
7/7/2025 17:33,-42.91800568,-34.18820888,29.23543792,-30.2647886,-37.48253851,-79.55947814,33.74815861
7/7/2025 17:34,-45.49490437,-37.06009273,29.20219838,-30.20999839,-40.25539166,-79.61072544,33.63624803
7/7/2025 17:35,-48.05344936,-39.91263699,29.16880565,-30.15483249,-43.00856594,-79.66203086,33.52458472
7/7/2025 17:36,-50.59348146,-42.7456495,29.13526272,-30.09929757,-45.74188636,-79.7133899,33.41317678
7/7/2025 17:37,-53.11484426,-45.55894094,29.10157261,-30.04340035,-48.45518081,-79.76479808,33.30203226
7/7/2025 17:38,-55.61738413,-48.35232488,29.06773834,-29.98714757,-51.14828009,-79.81625089,33.19115921
7/7/2025 17:39,-58.1009502,-51.12561768,29.03376296,-29.93054606,-53.82101784,-79.86774382,33.08056562
7/7/2025 17:40,-60.56539452,-53.87863875,28.99964954,-29.87360268,-56.47323075,-79.91927235,32.97025947
7/7/2025 17:41,-63.01057196,-56.61121045,28.96540116,-29.81632432,-59.10475848,-79.97083196,32.86024869
7/7/2025 17:42,-65.43634029,-59.32315809,28.93102093,-29.75871795,-61.71544366,-80.02241814,32.75054118
7/7/2025 17:43,-67.84256026,-62.01431012,28.89651195,-29.70079053,-64.30513208,-80.07402634,32.64114478
7/7/2025 17:44,-70.22909551,-64.68449798,28.86187736,-29.64254912,-66.87367251,-80.12565205,32.53206733
7/7/2025 17:45,-72.59581275,-67.33355633,28.82712029,-29.58400076,-69.42091695,-80.17729073,32.42331658
7/7/2025 17:46,-74.94258167,-69.96132295,28.79224391,-29.52515257,-71.94672052,-80.22893785,32.31490027
7/7/2025 17:47,-77.26927498,-72.56763879,28.75725139,-29.46601168,-74.45094151,-80.2805889,32.20682607
7/7/2025 17:48,-79.5757685,-75.15234806,28.72214589,-29.40658527,-76.93344145,-80.33223933,32.09910163
7/7/2025 17:49,-81.86194115,-77.71529824,28.68693062,-29.34688053,-79.39408514,-80.38388465,31.99173453
7/7/2025 17:50,-84.12767493,-80.25634005,28.65160877,-29.2869047,-81.83274061,-80.43552032,31.88473229
7/7/2025 17:51,-86.37285502,-82.77532762,28.61618355,-29.22666505,-84.24927926,-80.48714185,31.77810241
7/7/2025 17:52,-88.59736977,-85.27211836,28.58065818,-29.16616884,-86.64357576,-80.53874473,31.6718523
7/7/2025 17:53,-90.80111071,-87.74657312,28.54503589,-29.1054234,-89.0155082,-80.59032448,31.56598933
7/7/2025 17:54,-92.98397261,-90.19855617,28.50931991,-29.04443606,-91.36495804,-80.6418766,31.46052082
7/7/2025 17:55,-95.14585343,-92.62793519,28.47351348,-28.98321418,-93.69181013,-80.69339665,31.35545401
7/7/2025 17:56,-97.28665444,-95.03458138,28.43761985,-28.92176511,-95.99595279,-80.74488014,31.2507961
7/7/2025 17:57,-99.40628019,-97.41836945,28.40164227,-28.86009627,-98.27727782,-80.79632265,31.14655422
7/7/2025 17:58,-101.5046385,-99.7791776,28.36558399,-28.79821504,-100.5356805,-80.84771973,31.04273543
7/7/2025 17:59,-103.5816404,-102.1168876,28.32944826,-28.73612885,-102.7710595,-80.89906698,30.93934673
7/7/2025 18:00,-106.531819,-105.7239665,28.29258066,-28.66132481,-106.1435938,-80.97240856,30.79749633
7/7/2025 18:01,-108.5658552,-108.0151401,28.25629984,-28.59885101,-108.3326361,-81.02364296,30.69498853
7/7/2025 18:02,-110.5782886,-110.2828825,28.21995136,-28.53619457,-110.4983724,-81.07481439,30.59293139
7/7/2025 18:03,-112.5690438,-112.52709,28.18353849,-28.47336294,-112.6407158,-81.1259185,30.49133165
7/7/2025 18:04,-114.5380488,-114.7476627,28.14706449,-28.4103636,-114.7595828,-81.17695098,30.39019595
7/7/2025 18:05,-116.485235,-116.9445041,28.11053263,-28.347204,-116.8548939,-81.22790751,30.28953085
7/7/2025 18:06,-118.4105372,-119.1175218,28.07394616,-28.2838916,-118.9265728,-81.27878384,30.18934285
7/7/2025 18:07,-120.3138939,-121.2666267,28.03730835,-28.22043388,-120.9745473,-81.3295757,30.08963837
7/7/2025 18:08,-122.1952466,-123.3917339,28.00062244,-28.15683829,-122.9987485,-81.38027887,29.99042374
7/7/2025 18:09,-124.0545405,-125.492762,27.96389169,-28.09311229,-124.9991115,-81.43088915,29.89170522
7/7/2025 18:10,-125.8917245,-127.5696335,27.92711935,-28.02926333,-126.975575,-81.48140237,29.79348898
7/7/2025 18:11,-127.7067506,-129.6222747,27.89030865,-27.96529886,-128.9280813,-81.53181437,29.69578112
7/7/2025 18:12,-129.4995746,-131.6506157,27.85346282,-27.90122631,-130.8565766,-81.58212106,29.59858763
7/7/2025 18:13,-131.2701555,-133.6545907,27.81658511,-27.8370531,-132.7610109,-81.63231833,29.50191444
7/7/2025 18:14,-133.018456,-135.6341373,27.77967871,-27.77278665,-134.6413377,-81.68240214,29.40576738
7/7/2025 18:15,-134.7444425,-137.5891973,27.74274685,-27.70843434,-136.4975145,-81.73236846,29.31015219
7/7/2025 18:16,-136.4480846,-139.5197164,27.70579273,-27.64400357,-138.3295024,-81.7822133,29.21507452
7/7/2025 18:17,-138.1293555,-141.4256442,27.66881954,-27.57950168,-140.1372666,-81.83193272,29.12053993
7/7/2025 18:18,-139.7882321,-143.3069339,27.63183045,-27.51493603,-141.9207758,-81.88152279,29.02655389
7/7/2025 18:19,-141.4246947,-145.163543,27.59482865,-27.45031392,-143.6800025,-81.93097963,28.93312177
7/7/2025 18:20,-143.0387272,-146.9954329,27.55781728,-27.38564265,-145.4149233,-81.98029938,28.84024885
7/7/2025 18:21,-144.630317,-148.8025686,27.5207995,-27.3209295,-147.1255182,-82.02947825,28.74794032
7/7/2025 18:22,-146.199455,-150.5849195,27.48377844,-27.2561817,-148.8117713,-82.07851247,28.65620126
7/7/2025 18:23,-147.7461358,-152.3424586,27.44675721,-27.19140648,-150.4736705,-82.12739829,28.56503665
7/7/2025 18:24,-149.2703574,-154.0751631,27.40973891,-27.12661101,-152.1112074,-82.17613204,28.47445138
7/7/2025 18:25,-150.7721215,-155.7830139,27.37272664,-27.06180245,-153.7243775,-82.22471006,28.38445024
7/7/2025 18:26,-152.251433,-157.4659962,27.33572347,-26.99698792,-155.3131802,-82.27312876,28.2950379
7/7/2025 18:27,-153.7083008,-159.1240989,27.29873246,-26.93217451,-156.8776186,-82.32138456,28.20621896
7/7/2025 18:28,-155.1427371,-160.757315,27.26175663,-26.86736925,-158.4176996,-82.36947395,28.11799788
7/7/2025 18:29,-156.5547575,-162.3656415,27.22479902,-26.80257915,-159.933434,-82.41739346,28.03037904
7/7/2025 18:30,-157.9443813,-163.9490792,27.18786261,-26.7378112,-161.4248364,-82.46513965,27.9433667
7/7/2025 18:31,-159.3116314,-165.5076331,27.15095041,-26.67307231,-162.8919253,-82.51270914,27.85696502
7/7/2025 18:32,-160.6565339,-167.0413119,27.11406536,-26.60836936,-164.3347229,-82.56009861,27.77117806
7/7/2025 18:33,-161.9791188,-168.5501287,27.07721041,-26.54370921,-165.7532551,-82.60730475,27.68600975
7/7/2025 18:34,-163.2794192,-170.0341,27.04038849,-26.47909863,-167.1475519,-82.65432435,27.60146393
7/7/2025 18:35,-164.5574721,-171.4932468,27.00360248,-26.41454438,-168.5176468,-82.7011542,27.51754432
7/7/2025 18:36,-165.8133175,-172.9275937,26.96685527,-26.35005314,-169.8635772,-82.74779116,27.43425454
7/7/2025 18:37,-167.0469993,-174.3371693,26.9301497,-26.28563158,-171.1853843,-82.79423216,27.35159808
7/7/2025 18:38,-168.2585646,-175.7220063,26.89348862,-26.22128627,-172.483113,-82.84047415,27.26957832
7/7/2025 18:39,-169.448064,-177.0821412,26.85687483,-26.15702375,-173.756812,-82.88651414,27.18819855
7/7/2025 18:40,-170.6155516,-178.4176144,26.8203111,-26.09285052,-175.0065337,-82.93234922,27.10746193
7/7/2025 18:41,-171.7610848,-179.7284704,26.7838002,-26.02877299,-176.2323343,-82.97797649,27.02737149
7/7/2025 18:42,-172.8847244,-181.0147573,26.74734485,-25.96479754,-177.4342736,-83.02339314,26.94793017
7/7/2025 18:43,-173.9865347,-182.2765273,26.71094776,-25.90093047,-178.6124153,-83.0685964,26.86914078
7/7/2025 18:44,-175.0665833,-183.5138366,26.67461161,-25.83717804,-179.7668264,-83.11358355,26.79100601
7/7/2025 18:45,-176.1249411,-184.7267449,26.63833904,-25.77354643,-180.897578,-83.15835193,26.71352846
7/7/2025 18:46,-177.1616823,-185.9153161,26.60213268,-25.71004176,-182.0047447,-83.20289894,26.63671058
7/7/2025 18:47,-178.1768846,-187.0796176,26.56599513,-25.64667008,-183.0884045,-83.24722204,26.56055471
7/7/2025 18:48,-179.1706288,-188.219721,26.52992895,-25.58343741,-184.1486394,-83.29131875,26.48506308
7/7/2025 18:49,-180.142999,-189.3357014,26.49393666,-25.52034965,-185.1855347,-83.33518662,26.4102378
7/7/2025 18:50,-181.0940827,-190.4276378,26.45802079,-25.45741266,-186.1991794,-83.37882329,26.33608086
7/7/2025 18:51,-182.0239704,-191.4956129,26.4221838,-25.39463223,-187.189666,-83.42222646,26.26259413
7/7/2025 18:52,-182.932756,-192.5397133,26.38642814,-25.33201408,-188.1570907,-83.46539385,26.18977934
7/7/2025 18:53,-183.8205365,-193.5600291,26.35075622,-25.26956385,-189.101553,-83.50832329,26.11763813
7/7/2025 18:54,-184.687412,-194.5566542,26.31517042,-25.2072871,-190.023156,-83.55101265,26.04617201
7/7/2025 18:55,-185.5334858,-195.5296863,26.2796731,-25.14518934,-190.9220061,-83.59345984,25.97538237
7/7/2025 18:56,-186.3588643,-196.4792265,26.24426657,-25.08327597,-191.7982133,-83.63566285,25.90527046
7/7/2025 18:57,-187.1636569,-197.4053798,26.20895311,-25.02155236,-192.6518911,-83.67761975,25.83583743
7/7/2025 18:58,-187.9479763,-198.3082545,26.17373498,-24.96002375,-193.4831561,-83.71932864,25.7670843
7/7/2025 18:59,-188.7119378,-199.1879628,26.13861438,-24.89869534,-194.2921285,-83.76078769,25.69901198
7/7/2025 19:00,-190.3502786,-201.3372018,26.10293582,-24.82505191,-196.2392082,-83.82404371,25.59272253
7/7/2025 19:01,-191.0738832,-202.1709275,26.06801682,-24.76413913,-197.0039689,-83.86499786,25.52601403
7/7/2025 19:02,-191.7774945,-202.981844,26.03320181,-24.70344163,-197.7468171,-83.90569709,25.45998832
7/7/2025 19:03,-192.4612398,-203.7700775,25.99849287,-24.64296426,-198.467886,-83.9461398,25.39464579
7/7/2025 19:04,-193.1252494,-204.5357574,25.96389203,-24.5827118,-199.1673121,-83.9863245,25.32998675
7/7/2025 19:05,-193.7696564,-205.2790166,25.92940131,-24.52268896,-199.845235,-84.02624972,25.26601137
7/7/2025 19:06,-194.3945966,-205.9999916,25.89502267,-24.46290032,-200.5017974,-84.0659141,25.20271969
7/7/2025 19:07,-195.0002086,-206.6988217,25.86075805,-24.40335043,-201.1371451,-84.10531631,25.14011164
7/7/2025 19:08,-195.5866338,-207.3756501,25.82660934,-24.34404371,-201.7514271,-84.14445509,25.07818703
7/7/2025 19:09,-196.1540163,-208.0306228,25.79257842,-24.2849845,-202.3447953,-84.18332926,25.01694555
7/7/2025 19:10,-196.702503,-208.6638893,25.75866709,-24.22617708,-202.9174047,-84.22193769,24.95638676
7/7/2025 19:11,-197.2322431,-209.2756023,25.72487714,-24.16762561,-203.4694131,-84.26027932,24.8965101
7/7/2025 19:12,-197.7433887,-209.8659175,25.69121033,-24.10933416,-204.0009815,-84.29835315,24.83731491
7/7/2025 19:13,-198.2360943,-210.4349938,25.65766836,-24.05130674,-204.5122735,-84.33615825,24.77880038
7/7/2025 19:14,-198.7105171,-210.9829932,25.6242529,-23.99354723,-205.0034556,-84.37369376,24.7209656
7/7/2025 19:15,-199.1668165,-211.5100809,25.59096559,-23.93605945,-205.4746974,-84.41095886,24.66380953
7/7/2025 19:16,-199.6051547,-212.0164247,25.55780802,-23.87884711,-205.9261708,-84.44795284,24.60733103
7/7/2025 19:17,-200.025696,-212.5021958,25.52478174,-23.82191383,-206.3580509,-84.484675,24.55152882
7/7/2025 19:18,-200.4286072,-212.9675681,25.49188828,-23.76526314,-206.770515,-84.52112476,24.49640151
7/7/2025 19:19,-200.8140575,-213.4127185,25.4591291,-23.70889847,-207.1637435,-84.55730155,24.4419476
7/7/2025 19:20,-201.1822182,-213.8378265,25.42650564,-23.65282317,-207.5379191,-84.59320492,24.38816546
7/7/2025 19:21,-201.533263,-214.2430748,25.39401931,-23.59704047,-207.8932271,-84.62883444,24.33505335
7/7/2025 19:22,-201.8673677,-214.6286484,25.36167145,-23.54155353,-208.2298554,-84.66418976,24.28260942
7/7/2025 19:23,-202.1847104,-214.9947355,25.3294634,-23.48636541,-208.5479944,-84.69927061,24.2308317
7/7/2025 19:24,-202.4854711,-215.3415264,25.29739642,-23.43147906,-208.8478368,-84.73407677,24.1797181
7/7/2025 19:25,-202.7698322,-215.6692146,25.26547175,-23.37689734,-209.1295778,-84.76860807,24.12926643
7/7/2025 19:26,-203.0379777,-215.9779958,25.2336906,-23.32262302,-209.3934147,-84.80286443,24.07947437
7/7/2025 19:27,-203.2900939,-216.2680682,25.20205411,-23.26865877,-209.6395474,-84.83684583,24.0303395
7/7/2025 19:28,-203.526369,-216.5396329,25.17056342,-23.21500716,-209.8681778,-84.87055229,23.98185929
7/7/2025 19:29,-203.746993,-216.7928928,25.13921959,-23.16167067,-210.0795101,-84.90398393,23.93403109
7/7/2025 19:30,-203.9521578,-217.0280538,25.10802367,-23.10865167,-210.2737505,-84.9371409,23.88685214
7/7/2025 19:31,-204.142057,-217.2453237,25.07697664,-23.05595244,-210.4511076,-84.97002344,23.84031958
7/7/2025 19:32,-204.3168862,-217.4449128,25.04607947,-23.00357516,-210.6117917,-85.00263183,23.79443043
7/7/2025 19:33,-204.4768424,-217.6270335,25.01533307,-22.95152192,-210.7560153,-85.03496642,23.74918163
7/7/2025 19:34,-204.6221246,-217.7919006,24.98473831,-22.89979471,-210.8839928,-85.06702763,23.70456997
7/7/2025 19:35,-204.752933,-217.9397307,24.95429604,-22.84839541,-210.9959404,-85.09881593,23.66059218
7/7/2025 19:36,-204.8694698,-218.0707429,24.92400705,-22.79732582,-211.0920762,-85.13033188,23.61724485
7/7/2025 19:37,-204.9719384,-218.1851579,24.89387208,-22.74658762,-211.1726202,-85.16157605,23.57452448
7/7/2025 19:38,-205.0605438,-218.2831986,24.86389186,-22.69618242,-211.2377939,-85.19254912,23.53242748
7/7/2025 19:39,-205.1354924,-218.3650898,24.83406706,-22.6461117,-211.2878207,-85.2232518,23.49095015
7/7/2025 19:40,-205.1969919,-218.4310582,24.80439832,-22.59637688,-211.3229255,-85.25368487,23.45008867
7/7/2025 19:41,-205.2452515,-218.4813323,24.77488622,-22.54697925,-211.3433349,-85.28384918,23.40983915
7/7/2025 19:42,-205.2804814,-218.5161422,24.74553132,-22.49792002,-211.349277,-85.31374562,23.37019759
7/7/2025 19:43,-205.3028933,-218.53572,24.71633414,-22.44920029,-211.3409812,-85.34337516,23.3311599
7/7/2025 19:44,-205.3126999,-218.5402992,24.68729514,-22.40082108,-211.3186784,-85.3727388,23.29272188
7/7/2025 19:45,-205.310115,-218.5301149,24.65841478,-22.3527833,-211.2826011,-85.40183762,23.25487925
7/7/2025 19:46,-205.2953536,-218.505404,24.62969343,-22.30508778,-211.2329827,-85.43067276,23.21762763
7/7/2025 19:47,-205.2686316,-218.4664045,24.60113145,-22.25773523,-211.1700583,-85.4592454,23.18096256
7/7/2025 19:48,-205.2301659,-218.4133562,24.57272918,-22.21072629,-211.0940637,-85.48755678,23.14487946
7/7/2025 19:49,-205.1801743,-218.3465,24.54448687,-22.16406147,-211.0052364,-85.51560821,23.1093737
7/7/2025 19:50,-205.1188756,-218.2660783,24.51640477,-22.11774123,-210.9038144,-85.54340105,23.07444053
7/7/2025 19:51,-205.0464891,-218.1723345,24.48848309,-22.07176591,-210.7900372,-85.57093669,23.04007514
7/7/2025 19:52,-204.9632351,-218.0655134,24.46072198,-22.02613574,-210.664145,-85.59821661,23.00627261
7/7/2025 19:53,-204.8693346,-217.9458609,24.43312157,-21.9808509,-210.5263791,-85.62524231,22.97302795
7/7/2025 19:54,-204.7650092,-217.813624,24.40568194,-21.93591144,-210.3769816,-85.65201538,22.9403361
7/7/2025 19:55,-204.6504811,-217.6690507,24.37840315,-21.89131733,-210.2161953,-85.67853743,22.90819189
7/7/2025 19:56,-204.525973,-217.51239,24.35128521,-21.84706845,-210.0442638,-85.70481014,22.87659009
7/7/2025 19:57,-204.3917082,-217.3438916,24.32432808,-21.80316459,-209.8614315,-85.73083523,22.8455254
7/7/2025 19:58,-204.2479104,-217.1638063,24.29753171,-21.75960544,-209.6679433,-85.75661448,22.81499242
7/7/2025 19:59,-204.0948036,-216.9723855,24.270896,-21.71639062,-209.4640448,-85.7821497,22.7849857
7/7/2025 20:00,-204.8272308,-218.0624631,24.24376311,-21.6609993,-210.4102584,-85.82949134,22.71660097
7/7/2025 20:01,-204.6561796,-217.8491288,24.21744827,-21.61847158,-210.1862778,-85.85454418,22.68763008
7/7/2025 20:02,-204.4764937,-217.6252176,24.19129357,-21.57628646,-209.9526263,-85.87935877,22.65916862
7/7/2025 20:03,-204.2883979,-217.3909836,24.16529878,-21.53444321,-209.7095512,-85.90393712,22.63121086
7/7/2025 20:04,-204.0921177,-217.1466813,24.1394636,-21.49294098,-209.4573001,-85.92828128,22.60375097
7/7/2025 20:05,-203.8878783,-216.8925656,24.11378774,-21.45177887,-209.1961206,-85.95239336,22.57678308
7/7/2025 20:06,-203.675905,-216.6288919,24.08827083,-21.41095585,-208.9262609,-85.97627552,22.55030126
7/7/2025 20:07,-203.4564232,-216.3559158,24.06291251,-21.37047086,-208.6479689,-85.99992994,22.5242995
7/7/2025 20:08,-203.2296582,-216.0738931,24.03771236,-21.33032272,-208.3614928,-86.02335886,22.49877173
7/7/2025 20:09,-202.995835,-215.7830799,24.01266992,-21.29051016,-208.0670807,-86.04656456,22.47371185
7/7/2025 20:10,-202.7551786,-215.4837324,23.98778472,-21.25103188,-207.7649807,-86.06954937,22.44911367
7/7/2025 20:11,-202.5079135,-215.1761069,23.96305624,-21.21188643,-207.4554409,-86.09231563,22.42497095
7/7/2025 20:12,-202.2542644,-214.8604597,23.93848393,-21.17307234,-207.1387089,-86.11486576,22.40127742
7/7/2025 20:13,-201.994455,-214.5370469,23.91406723,-21.13458803,-206.8150323,-86.13720218,22.37802674
7/7/2025 20:14,-201.7287093,-214.2061246,23.88980552,-21.09643185,-206.4846585,-86.15932738,22.35521251
7/7/2025 20:15,-201.4572502,-213.8679489,23.86569815,-21.05860208,-206.1478345,-86.18124387,22.33282831
7/7/2025 20:16,-201.1803007,-213.5227754,23.84174446,-21.0210969,-205.8048066,-86.20295419,22.31086766
7/7/2025 20:17,-200.8980828,-213.1708596,23.81794375,-20.98391446,-205.4558211,-86.22446094,22.28932402
7/7/2025 20:18,-200.6108181,-212.8124565,23.79429529,-20.94705278,-205.1011236,-86.24576672,22.26819083
7/7/2025 20:19,-200.3187276,-212.4478208,23.77079832,-20.91050987,-204.740959,-86.26687421,22.24746148
7/7/2025 20:20,-200.0220314,-212.0772067,23.74745204,-20.87428361,-204.3755718,-86.28778607,22.22712932
7/7/2025 20:21,-199.7209491,-211.7008679,23.72425565,-20.83837186,-204.0052057,-86.30850502,22.20718768
7/7/2025 20:22,-199.4156994,-211.3190575,23.70120829,-20.80277237,-203.6301037,-86.32903383,22.18762981
7/7/2025 20:23,-199.1065001,-210.9320279,23.6783091,-20.76748285,-203.2505079,-86.34937525,22.16844898
7/7/2025 20:24,-198.7935681,-210.540031,23.65555717,-20.73250094,-202.8666599,-86.3695321,22.1496384
7/7/2025 20:25,-198.4771195,-210.1433178,23.63295158,-20.69782419,-202.4787999,-86.38950722,22.13119124
7/7/2025 20:26,-198.1573692,-209.7421384,23.61049138,-20.66345012,-202.0871677,-86.40930345,22.11310068
7/7/2025 20:27,-197.8345313,-209.3367421,23.58817559,-20.62937617,-201.6920015,-86.42892371,22.09535982
7/7/2025 20:28,-197.5088186,-208.9273775,23.56600321,-20.59559972,-201.293539,-86.44837089,22.07796179
7/7/2025 20:29,-197.1804428,-208.5142919,23.54397322,-20.56211809,-200.8920165,-86.46764793,22.06089967
7/7/2025 20:30,-196.8496146,-208.0977316,23.52208456,-20.52892854,-200.487669,-86.4867578,22.04416651
7/7/2025 20:31,-196.5165432,-207.6779421,23.50033615,-20.49602827,-200.0807307,-86.50570347,22.02775537
7/7/2025 20:32,-196.1814368,-207.2551673,23.47872691,-20.46341443,-199.6714341,-86.52448796,22.01165926
7/7/2025 20:33,-195.844502,-206.8296504,23.45725572,-20.43108411,-199.2600107,-86.54311428,21.99587121
7/7/2025 20:34,-195.5059442,-206.4016328,23.43592142,-20.39903436,-198.8466904,-86.56158549,21.9803842
7/7/2025 20:35,-195.1659673,-205.9713551,23.41472287,-20.36726215,-198.4317018,-86.57990464,21.96519124
7/7/2025 20:36,-194.824774,-205.5390562,23.39365887,-20.33576442,-198.0152721,-86.59807482,21.95028529
7/7/2025 20:37,-194.4825651,-205.1049737,23.37272823,-20.30453806,-197.5976267,-86.61609913,21.93565933
7/7/2025 20:38,-194.1395401,-204.6693436,23.35192973,-20.2735799,-197.1789898,-86.63398066,21.92130633
7/7/2025 20:39,-193.795897,-204.2324006,23.33126211,-20.24288673,-196.7595836,-86.65172256,21.90721924
7/7/2025 20:40,-193.4518319,-203.7943776,23.31072412,-20.2124553,-196.3396289,-86.66932797,21.89339103
7/7/2025 20:41,-193.1075394,-203.3555061,23.29031448,-20.1822823,-195.9193447,-86.68680003,21.87981467
7/7/2025 20:42,-192.7632123,-202.9160157,23.2700319,-20.1523644,-195.4989482,-86.70414192,21.8664831
7/7/2025 20:43,-192.4190418,-202.4761343,23.24987506,-20.12269821,-195.0786548,-86.7213568,21.8533893
7/7/2025 20:44,-192.0752172,-202.0360882,23.22984264,-20.09328031,-194.6586781,-86.73844787,21.84052624
7/7/2025 20:45,-191.7319259,-201.5961017,23.20993328,-20.06410723,-194.2392297,-86.75541832,21.82788691
7/7/2025 20:46,-191.3893535,-201.1563973,23.19014563,-20.03517547,-193.8205194,-86.77227135,21.81546428
7/7/2025 20:47,-191.0476838,-200.7171955,23.17047831,-20.00648151,-193.4027548,-86.78901017,21.80325136
7/7/2025 20:48,-190.7070984,-200.2787149,23.15092994,-19.97802177,-192.9861416,-86.80563799,21.79124116
7/7/2025 20:49,-190.3677771,-199.8411719,23.13149911,-19.94979266,-192.5708833,-86.82215804,21.77942672
7/7/2025 20:50,-190.0298976,-199.4047812,23.11218441,-19.92179053,-192.1571815,-86.83857353,21.76780107
7/7/2025 20:51,-189.6936356,-198.969755,23.0929844,-19.89401174,-191.7452355,-86.8548877,21.75635729
7/7/2025 20:52,-189.3591646,-198.5363036,23.07389766,-19.86645258,-191.3352422,-86.87110377,21.74508845
7/7/2025 20:53,-189.0266561,-198.104635,23.05492273,-19.83910936,-190.9273966,-86.88722496,21.73398766
7/7/2025 20:54,-188.6962793,-197.6749549,23.03605814,-19.81197831,-190.5218912,-86.90325451,21.72304806
7/7/2025 20:55,-188.3682012,-197.2474667,23.01730243,-19.78505569,-190.1189161,-86.91919565,21.71226279
7/7/2025 20:56,-188.0425868,-196.8223717,22.99865412,-19.75833769,-189.7186593,-86.93505159,21.70162505
7/7/2025 20:57,-187.7195985,-196.3998685,22.98011172,-19.73182053,-189.3213062,-86.95082557,21.69112803
7/7/2025 20:58,-187.3993966,-195.9801535,22.96167372,-19.70550037,-188.9270397,-86.9665208,21.680765
7/7/2025 20:59,-187.082139,-195.5634205,22.94333863,-19.67937336,-188.5360404,-86.98214049,21.67052923
7/7/2025 21:00,-187.6625998,-196.4424426,22.92444724,-19.64091532,-189.3087628,-87.01973641,21.6215153
7/7/2025 21:01,-187.3516952,-196.0322454,22.90631342,-19.61516304,-188.9248293,-87.03521464,21.611514
7/7/2025 21:02,-187.0441944,-195.6255968,22.88827794,-19.58959229,-188.5446892,-87.05062694,21.60162
7/7/2025 21:03,-186.7402457,-195.2226804,22.87033929,-19.56419918,-188.1685128,-87.06597649,21.59182673
7/7/2025 21:04,-186.439995,-194.8236772,22.85249591,-19.5389798,-187.7964677,-87.08126646,21.58212764
7/7/2025 21:05,-186.1435856,-194.4287655,22.83474628,-19.51393023,-187.4287188,-87.09650002,21.57251626
7/7/2025 21:06,-185.8511583,-194.0381211,22.81708885,-19.48904655,-187.0654281,-87.11168032,21.56298612
7/7/2025 21:07,-185.5628513,-193.6519167,22.79952208,-19.46432483,-186.7067553,-87.1268105,21.55353084
7/7/2025 21:08,-185.2788004,-193.2703223,22.78204441,-19.43976114,-186.3528568,-87.14189369,21.54414405
7/7/2025 21:09,-184.9991385,-192.8935054,22.7646543,-19.41535154,-186.0038866,-87.15693299,21.53481946
7/7/2025 21:10,-184.7239961,-192.5216301,22.74735019,-19.3910921,-185.6599957,-87.17193152,21.52555081
7/7/2025 21:11,-184.453501,-192.1548581,22.73013054,-19.36697887,-185.3213321,-87.18689235,21.5163319
7/7/2025 21:12,-184.1877783,-191.7933479,22.71299378,-19.34300792,-184.9880412,-87.20181853,21.50715658
7/7/2025 21:13,-183.9269505,-191.4372553,22.69593837,-19.31917533,-184.6602653,-87.21671314,21.49801877
7/7/2025 21:14,-183.6711372,-191.0867328,22.67896275,-19.29547716,-184.3381437,-87.23157918,21.48891243
7/7/2025 21:15,-183.4204555,-190.7419302,22.66206538,-19.2719095,-184.0218129,-87.24641967,21.47983158
7/7/2025 21:16,-183.1750196,-190.4029941,22.6452447,-19.24846844,-183.7114064,-87.2612376,21.47077031
7/7/2025 21:17,-182.9349409,-190.0700682,22.62849918,-19.22515007,-183.4070545,-87.27603594,21.46172276
7/7/2025 21:18,-182.7003282,-189.743293,22.61182726,-19.20195049,-183.1088847,-87.29081763,21.45268315
7/7/2025 21:19,-182.4712873,-189.4228058,22.59522741,-19.17886584,-182.8170212,-87.3055856,21.44364574
7/7/2025 21:20,-182.2479213,-189.1087411,22.57869809,-19.15589224,-182.5315855,-87.32034275,21.43460487
7/7/2025 21:21,-182.0303304,-188.8012299,22.56223777,-19.13302584,-182.2526956,-87.33509195,21.42555495
7/7/2025 21:22,-181.8186121,-188.5004003,22.54584494,-19.11026281,-181.9804666,-87.34983605,21.41649045
7/7/2025 21:23,-181.6128609,-188.206377,22.52951806,-19.08759932,-181.7150105,-87.36457788,21.40740591
7/7/2025 21:24,-181.4131684,-187.9192817,22.51325562,-19.06503159,-181.456436,-87.37932024,21.39829595
7/7/2025 21:25,-181.2196235,-187.6392326,22.49705612,-19.04255583,-181.2048488,-87.39406589,21.38915524
7/7/2025 21:26,-181.0323121,-187.366345,22.48091806,-19.02016828,-180.9603513,-87.40881759,21.37997855
7/7/2025 21:27,-180.8513171,-187.1007307,22.46483995,-18.99786521,-180.7230429,-87.42357804,21.37076071
7/7/2025 21:28,-180.6767187,-186.8424982,22.4488203,-18.97564292,-180.4930196,-87.43834992,21.36149663
7/7/2025 21:29,-180.508594,-186.5917528,22.43285764,-18.95349772,-180.2703742,-87.4531359,21.3521813
7/7/2025 21:30,-180.3470173,-186.3485965,22.4169505,-18.93142595,-180.0551964,-87.46793859,21.34280976
7/7/2025 21:31,-180.19206,-186.113128,22.40109742,-18.90942399,-179.8475726,-87.48276059,21.33337718
7/7/2025 21:32,-180.0437903,-185.8854426,22.38529697,-18.88748823,-179.647586,-87.49760446,21.32387876
7/7/2025 21:33,-179.9022738,-185.6656321,22.3695477,-18.86561511,-179.4553165,-87.51247272,21.31430982
7/7/2025 21:34,-179.767573,-185.4537854,22.35384819,-18.8438011,-179.2708406,-87.52736786,21.30466573
7/7/2025 21:35,-179.6397474,-185.2499875,22.33819703,-18.82204269,-179.094232,-87.54229234,21.29494196
7/7/2025 21:36,-179.5188536,-185.0543205,22.32259281,-18.80033642,-178.9255605,-87.55724859,21.28513407
7/7/2025 21:37,-179.4049454,-184.8668627,22.30703416,-18.77867885,-178.7648931,-87.572239,21.2752377
7/7/2025 21:38,-179.2980733,-184.6876893,22.29151969,-18.75706659,-178.6122934,-87.58726591,21.26524856
7/7/2025 21:39,-179.1982852,-184.516872,22.27604803,-18.73549628,-178.4678216,-87.60233164,21.25516247
7/7/2025 21:40,-179.1056259,-184.3544791,22.26061785,-18.7139646,-178.3315348,-87.61743848,21.24497532
7/7/2025 21:41,-179.0201372,-184.2005756,22.24522781,-18.69246828,-178.2034866,-87.63258865,21.2346831
7/7/2025 21:42,-178.9418581,-184.0552229,22.22987658,-18.67100408,-178.0837275,-87.64778437,21.22428189
7/7/2025 21:43,-178.8708246,-183.9184792,22.21456286,-18.6495688,-177.9723047,-87.66302779,21.21376784
7/7/2025 21:44,-178.8070696,-183.7903991,22.19928537,-18.6281593,-177.869262,-87.67832104,21.20313723
7/7/2025 21:45,-178.7506233,-183.671034,22.18404282,-18.60677247,-177.77464,-87.6936662,21.19238639
7/7/2025 21:46,-178.7015128,-183.5604317,22.16883396,-18.58540526,-177.6884761,-87.70906532,21.18151177
7/7/2025 21:47,-178.6597626,-183.4586367,22.15365754,-18.56405464,-177.6108043,-87.72452041,21.1705099
7/7/2025 21:48,-178.6253938,-183.3656901,22.13851235,-18.54271765,-177.5416554,-87.74003341,21.1593774
7/7/2025 21:49,-178.598425,-183.2816296,22.12339717,-18.52139138,-177.4810569,-87.75560626,21.148111
7/7/2025 21:50,-178.5788717,-183.2064893,22.10831081,-18.50007295,-177.4290331,-87.77124082,21.13670751
7/7/2025 21:51,-178.5667466,-183.1403004,22.0932521,-18.47875956,-177.3856051,-87.78693895,21.12516385
7/7/2025 21:52,-178.5620596,-183.0830902,22.07821988,-18.45744843,-177.3507906,-87.80270242,21.11347702
7/7/2025 21:53,-178.5648175,-183.0348829,22.06321302,-18.43613685,-177.3246043,-87.81853299,21.10164412
7/7/2025 21:54,-178.5750245,-182.9956994,22.0482304,-18.41482217,-177.3070575,-87.83443237,21.08966235
7/7/2025 21:55,-178.5926819,-182.9655569,22.03327091,-18.39350176,-177.2981583,-87.85040221,21.07752901
7/7/2025 21:56,-178.6177881,-182.9444697,22.01833349,-18.37217309,-177.2979118,-87.86644413,21.0652415
7/7/2025 21:57,-178.6503387,-182.9324484,22.00341707,-18.35083366,-177.3063198,-87.88255972,21.0527973
7/7/2025 21:58,-178.6903266,-182.9295005,21.98852061,-18.32948102,-177.3233809,-87.89875048,21.04019401
7/7/2025 21:59,-178.737742,-182.9356301,21.97364309,-18.3081128,-177.3490907,-87.91501792,21.02742931
7/7/2025 22:00,-179.6871905,-184.2434197,21.95812581,-18.27420634,-178.543718,-87.95341201,20.97560227
7/7/2025 22:01,-179.74942,-184.2677036,21.94328319,-18.25280003,-178.586699,-87.96983705,20.96250822
7/7/2025 22:02,-179.8190306,-184.3010577,21.92845657,-18.23137134,-178.6382965,-87.98634293,20.94924643
7/7/2025 22:03,-179.8960017,-184.343473,21.91364502,-18.20991811,-178.6984935,-88.00293095,20.93581497
7/7/2025 22:04,-179.9803096,-184.3949373,21.89884762,-18.18843826,-178.7672701,-88.01960237,20.92221204
7/7/2025 22:05,-180.0719283,-184.4554353,21.88406348,-18.16692977,-178.8446034,-88.03635839,20.90843591
7/7/2025 22:06,-180.170829,-184.5249483,21.86929172,-18.14539066,-178.9304672,-88.05320017,20.89448497
7/7/2025 22:07,-180.2769801,-184.6034547,21.85453149,-18.12381905,-179.0248326,-88.07012883,20.8803577
7/7/2025 22:08,-180.3903479,-184.6909295,21.83978196,-18.10221308,-179.1276676,-88.08714543,20.86605269
7/7/2025 22:09,-180.5108956,-184.7873446,21.82504233,-18.08057098,-179.2389374,-88.10425098,20.85156862
7/7/2025 22:10,-180.6385841,-184.892669,21.81031182,-18.05889105,-179.358604,-88.12144648,20.83690426
7/7/2025 22:11,-180.7733719,-185.0068685,21.79558966,-18.03717162,-179.4866268,-88.13873282,20.82205851
7/7/2025 22:12,-180.9152149,-185.1299057,21.78087511,-18.01541112,-179.6229622,-88.15611091,20.80703033
7/7/2025 22:13,-181.0640664,-185.2617404,21.76616745,-17.99360802,-179.7675636,-88.17358155,20.79181882
7/7/2025 22:14,-181.2198774,-185.4023292,21.75146601,-17.97176088,-179.920382,-88.19114554,20.77642315
7/7/2025 22:15,-181.3825965,-185.551626,21.73677009,-17.9498683,-180.0813652,-88.20880361,20.7608426
7/7/2025 22:16,-181.5521699,-185.7095814,21.72207907,-17.92792896,-180.2504583,-88.22655644,20.74507654
7/7/2025 22:17,-181.7285414,-185.8761433,21.70739231,-17.90594162,-180.427604,-88.24440468,20.72912445
7/7/2025 22:18,-181.9116525,-186.0512568,21.69270921,-17.88390506,-180.612742,-88.26234891,20.71298591
7/7/2025 22:19,-182.1014424,-186.2348638,21.6780292,-17.86181819,-180.8058093,-88.28038969,20.69666058
7/7/2025 22:20,-182.2978482,-186.4269036,21.66335173,-17.83967993,-181.0067404,-88.2985275,20.68014823
7/7/2025 22:21,-182.5008045,-186.6273128,21.64867626,-17.81748931,-181.2154673,-88.3167628,20.66344873
7/7/2025 22:22,-182.7102438,-186.836025,21.63400229,-17.7952454,-181.4319192,-88.33509599,20.64656204
7/7/2025 22:23,-182.9260965,-187.0529713,21.61932934,-17.77294734,-181.6560228,-88.35352743,20.62948822
7/7/2025 22:24,-183.1482908,-187.2780798,21.60465695,-17.75059436,-181.8877025,-88.37205741,20.61222742
7/7/2025 22:25,-183.3767529,-187.5112763,21.58998468,-17.72818574,-182.1268801,-88.39068621,20.59477988
7/7/2025 22:26,-183.6114068,-187.7524836,21.57531213,-17.70572082,-182.3734748,-88.40941403,20.57714596
7/7/2025 22:27,-183.8521745,-188.0016222,21.5606389,-17.68319902,-182.6274037,-88.42824105,20.55932609
7/7/2025 22:28,-184.0989761,-188.2586099,21.54596463,-17.66061983,-182.8885814,-88.44716738,20.5413208
7/7/2025 22:29,-184.3517297,-188.523362,21.53128898,-17.6379828,-183.1569203,-88.4661931,20.52313072
7/7/2025 22:30,-184.6103513,-188.7957914,21.51661164,-17.61528756,-183.4323303,-88.48531823,20.50475655
7/7/2025 22:31,-184.8747554,-189.0758084,21.50193231,-17.59253379,-183.7147191,-88.50454277,20.48619911
7/7/2025 22:32,-185.1448542,-189.3633211,21.48725072,-17.56972125,-184.0039926,-88.52386664,20.4674593
7/7/2025 22:33,-185.4205584,-189.6582351,21.47256664,-17.54684977,-184.3000539,-88.54328975,20.4485381
7/7/2025 22:34,-185.7017769,-189.9604536,21.45787982,-17.52391923,-184.6028044,-88.56281192,20.42943658
7/7/2025 22:35,-185.9884166,-190.2698777,21.44319008,-17.5009296,-184.9121434,-88.58243298,20.41015593
7/7/2025 22:36,-186.2803832,-190.5864062,21.42849724,-17.47788091,-185.2279681,-88.60215267,20.39069738
7/7/2025 22:37,-186.5775802,-190.9099357,21.41380115,-17.45477323,-185.5501736,-88.62197071,20.37106228
7/7/2025 22:38,-186.8799098,-191.2403605,21.39910168,-17.43160675,-185.8786531,-88.64188676,20.35125205
7/7/2025 22:39,-187.1872726,-191.5775731,21.38439871,-17.40838167,-186.213298,-88.66190045,20.33126821
7/7/2025 22:40,-187.4995676,-191.9214636,21.36969217,-17.38509829,-186.5539979,-88.68201137,20.31111235
7/7/2025 22:41,-187.8166923,-192.2719203,21.354982,-17.36175698,-186.9006402,-88.70221906,20.29078615
7/7/2025 22:42,-188.1385428,-192.6288294,21.34026816,-17.33835814,-187.2531109,-88.722523,20.27029136
7/7/2025 22:43,-188.4650138,-192.9920752,21.32555063,-17.31490228,-187.6112941,-88.74292267,20.24962984
7/7/2025 22:44,-188.7959985,-193.3615403,21.31082941,-17.29138994,-187.9750722,-88.76341746,20.2288035
7/7/2025 22:45,-189.131389,-193.7371051,21.29610455,-17.26782174,-188.3443262,-88.78400675,20.20781434
7/7/2025 22:46,-189.4710758,-194.1186484,21.28137607,-17.24419836,-188.7189351,-88.80468988,20.18666445
7/7/2025 22:47,-189.8149486,-194.5060474,21.26664407,-17.22052054,-189.0987767,-88.82546613,20.16535597
7/7/2025 22:48,-190.1628954,-194.8991773,21.25190862,-17.19678908,-189.4837271,-88.84633476,20.14389114
7/7/2025 22:49,-190.5148035,-195.2979118,21.23716985,-17.17300487,-189.873661,-88.86729498,20.12227227
7/7/2025 22:50,-190.8705587,-195.702123,21.22242789,-17.14916882,-190.2684518,-88.88834595,20.10050173
7/7/2025 22:51,-191.230046,-196.1116816,21.2076829,-17.12528192,-190.6679713,-88.90948683,20.07858198
7/7/2025 22:52,-191.5931493,-196.5264564,21.19293505,-17.10134523,-191.0720903,-88.93071669,20.05651554
7/7/2025 22:53,-191.9597514,-196.9463151,21.17818455,-17.07735987,-191.4806781,-88.95203461,20.034305
7/7/2025 22:54,-192.3297345,-197.3711238,21.16343161,-17.05332699,-191.8936029,-88.9734396,20.01195303
7/7/2025 22:55,-192.7029795,-197.8007474,21.14867646,-17.02924783,-192.3107316,-88.99493064,19.98946235
7/7/2025 22:56,-193.0793667,-198.2350494,21.13391937,-17.00512368,-192.7319302,-89.0165067,19.96683576
7/7/2025 22:57,-193.4587756,-198.6738919,21.11916061,-16.98095588,-193.1570636,-89.03816668,19.94407612
7/7/2025 22:58,-193.8410849,-199.1171362,21.10440049,-16.95674582,-193.5859954,-89.05990947,19.92118635
7/7/2025 22:59,-194.2261725,-199.564642,21.0896393,-16.93249498,-194.0185887,-89.08173391,19.89816945
7/7/2025 23:00,-195.5085341,-201.3088498,21.0742197,-16.89568452,-195.6149817,-89.12568737,19.83612972
7/7/2025 23:01,-195.8988097,-201.7644541,21.05945742,-16.87135668,-196.0544826,-89.14767151,19.81286773
7/7/2025 23:02,-196.2914938,-202.2238932,21.04469515,-16.84699274,-196.4972281,-89.16973365,19.78948791
7/7/2025 23:03,-196.686462,-202.6870231,21.02993326,-16.82259437,-196.9430778,-89.1918725,19.76599349
7/7/2025 23:04,-197.0835894,-203.1536984,21.01517216,-16.7981633,-197.3918903,-89.21408674,19.74238773
7/7/2025 23:05,-197.4827508,-203.6237735,21.00041227,-16.7737013,-197.8435239,-89.23637502,19.71867397
7/7/2025 23:06,-197.8838203,-204.0971014,20.98565404,-16.7492102,-198.2978361,-89.25873598,19.69485559
7/7/2025 23:07,-198.286672,-204.5735349,20.97089792,-16.72469186,-198.7546837,-89.28116821,19.67093602
7/7/2025 23:08,-198.6911796,-205.0529256,20.95614438,-16.70014822,-199.2139233,-89.30367028,19.64691874
7/7/2025 23:09,-199.0972164,-205.5351249,20.9413939,-16.67558123,-199.6754108,-89.32624073,19.62280728
7/7/2025 23:10,-199.5046557,-206.0199835,20.92664699,-16.65099291,-200.1390019,-89.34887807,19.59860521
7/7/2025 23:11,-199.9133704,-206.5073513,20.91190416,-16.62638533,-200.6045516,-89.37158078,19.57431616
7/7/2025 23:12,-200.3232336,-206.9970782,20.89716596,-16.60176058,-201.0719151,-89.39434734,19.54994379
7/7/2025 23:13,-200.734118,-207.4890134,20.88243291,-16.57712082,-201.5409469,-89.41717617,19.52549179
7/7/2025 23:14,-201.1458966,-207.9830056,20.86770559,-16.55246823,-202.0115015,-89.44006569,19.50096392
7/7/2025 23:15,-201.5584421,-208.4789036,20.85298457,-16.52780504,-202.4834333,-89.46301429,19.47636396
7/7/2025 23:16,-201.9716276,-208.9765555,20.83827044,-16.50313353,-202.9565964,-89.48602034,19.45169573
7/7/2025 23:17,-202.3853259,-209.4758095,20.82356378,-16.478456,-203.430845,-89.50908217,19.42696308
7/7/2025 23:18,-202.7994104,-209.9765136,20.80886523,-16.45377481,-203.9060334,-89.53219812,19.4021699
7/7/2025 23:19,-203.2137545,-210.4785156,20.79417539,-16.42909233,-204.3820157,-89.55536648,19.37732011
7/7/2025 23:20,-203.6282317,-210.9816632,20.77949491,-16.40441099,-204.8586463,-89.57858554,19.35241766
7/7/2025 23:21,-204.042716,-211.4858043,20.76482443,-16.37973324,-205.3357796,-89.60185357,19.32746653
7/7/2025 23:22,-204.4570818,-211.9907868,20.75016461,-16.35506158,-205.8132704,-89.6251688,19.30247073
7/7/2025 23:23,-204.8712035,-212.4964587,20.73551611,-16.33039851,-206.2909737,-89.64852947,19.27743429
7/7/2025 23:24,-205.2849564,-213.0026679,20.72087962,-16.3057466,-206.7687446,-89.67193379,19.25236126
7/7/2025 23:25,-205.698216,-213.509263,20.70625583,-16.28110843,-207.2464388,-89.69537995,19.22725572
7/7/2025 23:26,-206.1108583,-214.0160926,20.69164542,-16.2564866,-207.7239123,-89.71886615,19.20212178
7/7/2025 23:27,-206.5227599,-214.5230055,20.6770491,-16.23188375,-208.2010216,-89.74239053,19.17696354
7/7/2025 23:28,-206.933798,-215.0298511,20.66246759,-16.20730256,-208.6776236,-89.76595127,19.15178515
7/7/2025 23:29,-207.3438506,-215.5364791,20.64790161,-16.1827457,-209.1535759,-89.78954649,19.12659075
7/7/2025 23:30,-207.752796,-216.0427397,20.63335188,-16.1582159,-209.6287366,-89.81317433,19.1013845
7/7/2025 23:31,-208.1605136,-216.5484837,20.61881914,-16.13371588,-210.1029644,-89.8368329,19.07617059
7/7/2025 23:32,-208.5668835,-217.0535623,20.60430413,-16.10924841,-210.5761189,-89.86052031,19.05095319
7/7/2025 23:33,-208.9717863,-217.5578275,20.58980761,-16.08481627,-211.0480602,-89.88423467,19.02573651
7/7/2025 23:34,-209.3751038,-218.0611319,20.57533031,-16.06042224,-211.5186494,-89.90797405,19.00052474
7/7/2025 23:35,-209.7767186,-218.5633289,20.56087301,-16.03606916,-211.9877483,-89.93173654,18.97532209
7/7/2025 23:36,-210.1765142,-219.0642724,20.54643646,-16.01175983,-212.4552196,-89.95552022,18.95013278
7/7/2025 23:37,-210.574375,-219.5638175,20.53202144,-15.98749712,-212.9209269,-89.97932315,18.92496101
7/7/2025 23:38,-210.9701864,-220.0618199,20.5176287,-15.96328387,-213.384735,-90.00314339,18.89981101
7/7/2025 23:39,-211.3638351,-220.5581363,20.50325904,-15.93912297,-213.8465095,-90.026979,18.87468697
7/7/2025 23:40,-211.7552085,-221.0526245,20.48891322,-15.91501729,-214.3061171,-90.05082804,18.84959312
7/7/2025 23:41,-212.1441955,-221.5451432,20.47459202,-15.89096973,-214.7634257,-90.07468856,18.82453365
7/7/2025 23:42,-212.5306859,-222.035552,20.46029623,-15.86698319,-215.2183041,-90.0985586,18.79951276
7/7/2025 23:43,-212.9145709,-222.5237119,20.44602663,-15.84306057,-215.6706228,-90.12243621,18.77453465
7/7/2025 23:44,-213.2957426,-223.0094849,20.431784,-15.81920479,-216.120253,-90.14631944,18.74960349
7/7/2025 23:45,-213.6740949,-223.4927343,20.41756914,-15.79541877,-216.5670675,-90.17020633,18.72472345
7/7/2025 23:46,-214.0495224,-223.9733245,20.40338281,-15.77170543,-217.0109404,-90.19409494,18.69989869
7/7/2025 23:47,-214.4219216,-224.4511212,20.38922582,-15.7480677,-217.451747,-90.21798331,18.67513336
7/7/2025 23:48,-214.7911899,-224.9259916,20.37509894,-15.72450849,-217.8893643,-90.24186949,18.65043156
7/7/2025 23:49,-215.1572266,-225.3978042,20.36100296,-15.70103074,-218.3236705,-90.26575154,18.62579743
7/7/2025 23:50,-215.519932,-225.8664289,20.34693865,-15.67763735,-218.7545454,-90.28962751,18.60123503
7/7/2025 23:51,-215.8792081,-226.331737,20.3329068,-15.65433126,-219.1818703,-90.31349548,18.57674844
7/7/2025 23:52,-216.2349584,-226.7936014,20.31890818,-15.63111537,-219.605528,-90.33735351,18.5523417
7/7/2025 23:53,-216.587088,-227.2518965,20.30494357,-15.6079926,-220.0254032,-90.36119967,18.52801883
7/7/2025 23:54,-216.9355034,-227.7064984,20.29101374,-15.58496583,-220.4413818,-90.38503206,18.50378383
7/7/2025 23:55,-217.2801128,-228.1572847,20.27711945,-15.56203796,-220.8533518,-90.40884876,18.47964066
7/7/2025 23:56,-217.6208261,-228.6041348,20.26326147,-15.53921187,-221.2612027,-90.43264787,18.45559326
